// 4.24.1 0x57f77438 D2 AY R0 FARGB8888 U565 N0 SExtFlashSection
// Generated by imageconverter. Please, do not edit!

#include <touchgfx/hal/Config.hpp>

LOCATION_PRAGMA("ExtFlashSection")
KEEP extern const unsigned char image_bar_big[] LOCATION_ATTRIBUTE("ExtFlashSection") = { // 290x15 ARGB8888 pixels.
    0xd8, 0xf4, 0xf8, 0x00, 0xd8, 0xf4, 0xf8, 0x4d, 0xd8, 0xf4, 0xf8, 0x51,
    0xd8, 0xf4, 0xf8, 0x51, 0xd8, 0xf4, 0xf8, 0x55, 0xd8, 0xf4, 0xf8, 0x51,
    0xd8, 0xf4, 0xf8, 0x51, 0xd8, 0xf4, 0xf8, 0x55, 0xd8, 0xf4, 0xf8, 0x51,
    0xd8, 0xf4, 0xf8, 0x51, 0xd8, 0xf4, 0xf8, 0x55, 0xd8, 0xf4, 0xf8, 0x51,
    0xd8, 0xf4, 0xf8, 0x51, 0xd8, 0xf4, 0xf8, 0x55, 0xd8, 0xf4, 0xf8, 0x51,
    0xd8, 0xf4, 0xf8, 0x51, 0xd8, 0xf4, 0xf8, 0x55, 0xd8, 0xf4, 0xf8, 0x51,
    0xd8, 0xf4, 0xf8, 0x51, 0xd8, 0xf4, 0xf8, 0x55, 0xd8, 0xf4, 0xf8, 0x51,
    0xd8, 0xf4, 0xf8, 0x51, 0xd8, 0xf4, 0xf8, 0x55, 0xd8, 0xf4, 0xf8, 0x51,
    0xd8, 0xf4, 0xf8, 0x51, 0xd8, 0xf4, 0xf8, 0x55, 0xd8, 0xf4, 0xf8, 0x51,
    0xd8, 0xf4, 0xf8, 0x51, 0xd8, 0xf4, 0xf8, 0x55, 0xd8, 0xf4, 0xf8, 0x51,
    0xd8, 0xf4, 0xf8, 0x51, 0xd8, 0xf4, 0xf8, 0x55, 0xd8, 0xf4, 0xf8, 0x51,
    0xd8, 0xf4, 0xf8, 0x51, 0xd8, 0xf4, 0xf8, 0x55, 0xd8, 0xf4, 0xf8, 0x51,
    0xd8, 0xf4, 0xf8, 0x51, 0xd8, 0xf4, 0xf8, 0x55, 0xd8, 0xf4, 0xf8, 0x51,
    0xd8, 0xf4, 0xf8, 0x51, 0xd8, 0xf4, 0xf8, 0x55, 0xd8, 0xf4, 0xf8, 0x51,
    0xd8, 0xf4, 0xf8, 0x51, 0xd8, 0xf4, 0xf8, 0x55, 0xd8, 0xf4, 0xf8, 0x51,
    0xd8, 0xf4, 0xf8, 0x51, 0xd8, 0xf4, 0xf8, 0x55, 0xd8, 0xf4, 0xf8, 0x51,
    0xd8, 0xf4, 0xf8, 0x51, 0xd8, 0xf4, 0xf8, 0x55, 0xd8, 0xf4, 0xf8, 0x51,
    0xd8, 0xf4, 0xf8, 0x51, 0xd8, 0xf4, 0xf8, 0x55, 0xd8, 0xf4, 0xf8, 0x51,
    0xd8, 0xf4, 0xf8, 0x51, 0xd8, 0xf4, 0xf8, 0x55, 0xd8, 0xf4, 0xf8, 0x51,
    0xd8, 0xf4, 0xf8, 0x51, 0xd8, 0xf4, 0xf8, 0x55, 0xd8, 0xf4, 0xf8, 0x51,
    0xd8, 0xf4, 0xf8, 0x51, 0xd8, 0xf4, 0xf8, 0x55, 0xd8, 0xf4, 0xf8, 0x51,
    0xd8, 0xf4, 0xf8, 0x51, 0xd8, 0xf4, 0xf8, 0x55, 0xd8, 0xf4, 0xf8, 0x51,
    0xd8, 0xf4, 0xf8, 0x51, 0xd8, 0xf4, 0xf8, 0x55, 0xd8, 0xf4, 0xf8, 0x51,
    0xd8, 0xf4, 0xf8, 0x51, 0xd8, 0xf4, 0xf8, 0x55, 0xd8, 0xf4, 0xf8, 0x51,
    0xd8, 0xf4, 0xf8, 0x51, 0xd8, 0xf4, 0xf8, 0x55, 0xd8, 0xf4, 0xf8, 0x51,
    0xd8, 0xf4, 0xf8, 0x51, 0xd8, 0xf4, 0xf8, 0x55, 0xd8, 0xf4, 0xf8, 0x51,
    0xd8, 0xf4, 0xf8, 0x51, 0xd8, 0xf4, 0xf8, 0x55, 0xd8, 0xf4, 0xf8, 0x51,
    0xd8, 0xf4, 0xf8, 0x51, 0xd8, 0xf4, 0xf8, 0x55, 0xd8, 0xf4, 0xf8, 0x51,
    0xd8, 0xf4, 0xf8, 0x51, 0xd8, 0xf4, 0xf8, 0x55, 0xd8, 0xf4, 0xf8, 0x51,
    0xd8, 0xf4, 0xf8, 0x51, 0xd8, 0xf4, 0xf8, 0x55, 0xd8, 0xf4, 0xf8, 0x51,
    0xd8, 0xf4, 0xf8, 0x51, 0xd8, 0xf4, 0xf8, 0x55, 0xd8, 0xf4, 0xf8, 0x51,
    0xd8, 0xf4, 0xf8, 0x51, 0xd8, 0xf4, 0xf8, 0x55, 0xd8, 0xf4, 0xf8, 0x51,
    0xd8, 0xf4, 0xf8, 0x51, 0xd8, 0xf4, 0xf8, 0x55, 0xd8, 0xf4, 0xf8, 0x51,
    0xd8, 0xf4, 0xf8, 0x51, 0xd8, 0xf4, 0xf8, 0x55, 0xd8, 0xf4, 0xf8, 0x51,
    0xd8, 0xf4, 0xf8, 0x51, 0xd8, 0xf4, 0xf8, 0x55, 0xd8, 0xf4, 0xf8, 0x51,
    0xd8, 0xf4, 0xf8, 0x51, 0xd8, 0xf4, 0xf8, 0x55, 0xd8, 0xf4, 0xf8, 0x51,
    0xd8, 0xf4, 0xf8, 0x51, 0xd8, 0xf4, 0xf8, 0x55, 0xd8, 0xf4, 0xf8, 0x51,
    0xd8, 0xf4, 0xf8, 0x51, 0xd8, 0xf4, 0xf8, 0x55, 0xd8, 0xf4, 0xf8, 0x51,
    0xd8, 0xf4, 0xf8, 0x51, 0xd8, 0xf4, 0xf8, 0x55, 0xd8, 0xf4, 0xf8, 0x51,
    0xd8, 0xf4, 0xf8, 0x51, 0xd8, 0xf4, 0xf8, 0x55, 0xd8, 0xf4, 0xf8, 0x51,
    0xd8, 0xf4, 0xf8, 0x51, 0xd8, 0xf4, 0xf8, 0x55, 0xd8, 0xf4, 0xf8, 0x51,
    0xd8, 0xf4, 0xf8, 0x51, 0xd8, 0xf4, 0xf8, 0x55, 0xd8, 0xf4, 0xf8, 0x51,
    0xd8, 0xf4, 0xf8, 0x51, 0xd8, 0xf4, 0xf8, 0x55, 0xd8, 0xf4, 0xf8, 0x51,
    0xd8, 0xf4, 0xf8, 0x51, 0xd8, 0xf4, 0xf8, 0x55, 0xd8, 0xf4, 0xf8, 0x51,
    0xd8, 0xf4, 0xf8, 0x51, 0xd8, 0xf4, 0xf8, 0x55, 0xd8, 0xf4, 0xf8, 0x51,
    0xd8, 0xf4, 0xf8, 0x51, 0xd8, 0xf4, 0xf8, 0x55, 0xd8, 0xf4, 0xf8, 0x51,
    0xd8, 0xf4, 0xf8, 0x51, 0xd8, 0xf4, 0xf8, 0x55, 0xd8, 0xf4, 0xf8, 0x51,
    0xd8, 0xf4, 0xf8, 0x51, 0xd8, 0xf4, 0xf8, 0x55, 0xd8, 0xf4, 0xf8, 0x51,
    0xd8, 0xf4, 0xf8, 0x51, 0xd8, 0xf4, 0xf8, 0x55, 0xd8, 0xf4, 0xf8, 0x51,
    0xd8, 0xf4, 0xf8, 0x51, 0xd8, 0xf4, 0xf8, 0x55, 0xd8, 0xf4, 0xf8, 0x51,
    0xd8, 0xf4, 0xf8, 0x51, 0xd8, 0xf4, 0xf8, 0x55, 0xd8, 0xf4, 0xf8, 0x51,
    0xd8, 0xf4, 0xf8, 0x51, 0xd8, 0xf4, 0xf8, 0x55, 0xd8, 0xf4, 0xf8, 0x51,
    0xd8, 0xf4, 0xf8, 0x51, 0xd8, 0xf4, 0xf8, 0x55, 0xd8, 0xf4, 0xf8, 0x51,
    0xd8, 0xf4, 0xf8, 0x51, 0xd8, 0xf4, 0xf8, 0x55, 0xd8, 0xf4, 0xf8, 0x51,
    0xd8, 0xf4, 0xf8, 0x51, 0xd8, 0xf4, 0xf8, 0x55, 0xd8, 0xf4, 0xf8, 0x51,
    0xd8, 0xf4, 0xf8, 0x51, 0xd8, 0xf4, 0xf8, 0x55, 0xd8, 0xf4, 0xf8, 0x51,
    0xd8, 0xf4, 0xf8, 0x51, 0xd8, 0xf4, 0xf8, 0x55, 0xd8, 0xf4, 0xf8, 0x51,
    0xd8, 0xf4, 0xf8, 0x51, 0xd8, 0xf4, 0xf8, 0x55, 0xd8, 0xf4, 0xf8, 0x51,
    0xd8, 0xf4, 0xf8, 0x51, 0xd8, 0xf4, 0xf8, 0x55, 0xd8, 0xf4, 0xf8, 0x51,
    0xd8, 0xf4, 0xf8, 0x51, 0xd8, 0xf4, 0xf8, 0x55, 0xd8, 0xf4, 0xf8, 0x51,
    0xd8, 0xf4, 0xf8, 0x51, 0xd8, 0xf4, 0xf8, 0x55, 0xd8, 0xf4, 0xf8, 0x51,
    0xd8, 0xf4, 0xf8, 0x51, 0xd8, 0xf4, 0xf8, 0x55, 0xd8, 0xf4, 0xf8, 0x51,
    0xd8, 0xf4, 0xf8, 0x51, 0xd8, 0xf4, 0xf8, 0x55, 0xd8, 0xf4, 0xf8, 0x51,
    0xd8, 0xf4, 0xf8, 0x51, 0xd8, 0xf4, 0xf8, 0x55, 0xd8, 0xf4, 0xf8, 0x51,
    0xd8, 0xf4, 0xf8, 0x51, 0xd8, 0xf4, 0xf8, 0x55, 0xd8, 0xf4, 0xf8, 0x51,
    0xd8, 0xf4, 0xf8, 0x51, 0xd8, 0xf4, 0xf8, 0x55, 0xd8, 0xf4, 0xf8, 0x51,
    0xd8, 0xf4, 0xf8, 0x51, 0xd8, 0xf4, 0xf8, 0x55, 0xd8, 0xf4, 0xf8, 0x51,
    0xd8, 0xf4, 0xf8, 0x51, 0xd8, 0xf4, 0xf8, 0x55, 0xd8, 0xf4, 0xf8, 0x51,
    0xd8, 0xf4, 0xf8, 0x51, 0xd8, 0xf4, 0xf8, 0x55, 0xd8, 0xf4, 0xf8, 0x51,
    0xd8, 0xf4, 0xf8, 0x51, 0xd8, 0xf4, 0xf8, 0x55, 0xd8, 0xf4, 0xf8, 0x51,
    0xd8, 0xf4, 0xf8, 0x51, 0xd8, 0xf4, 0xf8, 0x55, 0xd8, 0xf4, 0xf8, 0x51,
    0xd8, 0xf4, 0xf8, 0x51, 0xd8, 0xf4, 0xf8, 0x55, 0xd8, 0xf4, 0xf8, 0x51,
    0xd8, 0xf4, 0xf8, 0x51, 0xd8, 0xf4, 0xf8, 0x55, 0xd8, 0xf4, 0xf8, 0x51,
    0xd8, 0xf4, 0xf8, 0x51, 0xd8, 0xf4, 0xf8, 0x55, 0xd8, 0xf4, 0xf8, 0x51,
    0xd8, 0xf4, 0xf8, 0x51, 0xd8, 0xf4, 0xf8, 0x55, 0xd8, 0xf4, 0xf8, 0x51,
    0xd8, 0xf4, 0xf8, 0x51, 0xd8, 0xf4, 0xf8, 0x55, 0xd8, 0xf4, 0xf8, 0x51,
    0xd8, 0xf4, 0xf8, 0x51, 0xd8, 0xf4, 0xf8, 0x55, 0xd8, 0xf4, 0xf8, 0x51,
    0xd8, 0xf4, 0xf8, 0x51, 0xd8, 0xf4, 0xf8, 0x55, 0xd8, 0xf4, 0xf8, 0x51,
    0xd8, 0xf4, 0xf8, 0x51, 0xd8, 0xf4, 0xf8, 0x55, 0xd8, 0xf4, 0xf8, 0x51,
    0xd8, 0xf4, 0xf8, 0x51, 0xd8, 0xf4, 0xf8, 0x55, 0xd8, 0xf4, 0xf8, 0x51,
    0xd8, 0xf4, 0xf8, 0x51, 0xd8, 0xf4, 0xf8, 0x55, 0xd8, 0xf4, 0xf8, 0x51,
    0xd8, 0xf4, 0xf8, 0x51, 0xd8, 0xf4, 0xf8, 0x55, 0xd8, 0xf4, 0xf8, 0x51,
    0xd8, 0xf4, 0xf8, 0x51, 0xd8, 0xf4, 0xf8, 0x55, 0xd8, 0xf4, 0xf8, 0x51,
    0xd8, 0xf4, 0xf8, 0x51, 0xd8, 0xf4, 0xf8, 0x55, 0xd8, 0xf4, 0xf8, 0x51,
    0xd8, 0xf4, 0xf8, 0x51, 0xd8, 0xf4, 0xf8, 0x55, 0xd8, 0xf4, 0xf8, 0x51,
    0xd8, 0xf4, 0xf8, 0x51, 0xd8, 0xf4, 0xf8, 0x55, 0xd8, 0xf4, 0xf8, 0x51,
    0xd8, 0xf4, 0xf8, 0x51, 0xd8, 0xf4, 0xf8, 0x55, 0xd8, 0xf4, 0xf8, 0x51,
    0xd8, 0xf4, 0xf8, 0x51, 0xd8, 0xf4, 0xf8, 0x55, 0xd8, 0xf4, 0xf8, 0x51,
    0xd8, 0xf4, 0xf8, 0x51, 0xd8, 0xf4, 0xf8, 0x55, 0xd8, 0xf4, 0xf8, 0x51,
    0xd8, 0xf4, 0xf8, 0x51, 0xd8, 0xf4, 0xf8, 0x55, 0xd8, 0xf4, 0xf8, 0x51,
    0xd8, 0xf4, 0xf8, 0x51, 0xd8, 0xf4, 0xf8, 0x55, 0xd8, 0xf4, 0xf8, 0x51,
    0xd8, 0xf4, 0xf8, 0x51, 0xd8, 0xf4, 0xf8, 0x55, 0xd8, 0xf4, 0xf8, 0x51,
    0xd8, 0xf4, 0xf8, 0x51, 0xd8, 0xf4, 0xf8, 0x55, 0xd8, 0xf4, 0xf8, 0x51,
    0xd8, 0xf4, 0xf8, 0x51, 0xd8, 0xf4, 0xf8, 0x55, 0xd8, 0xf4, 0xf8, 0x51,
    0xd8, 0xf4, 0xf8, 0x51, 0xd8, 0xf4, 0xf8, 0x55, 0xd8, 0xf4, 0xf8, 0x51,
    0xd8, 0xf4, 0xf8, 0x51, 0xd8, 0xf4, 0xf8, 0x55, 0xd8, 0xf4, 0xf8, 0x51,
    0xd8, 0xf4, 0xf8, 0x51, 0xd8, 0xf4, 0xf8, 0x55, 0xd8, 0xf4, 0xf8, 0x00,
    0xd8, 0xf4, 0xf8, 0x55, 0xd8, 0xf4, 0xf8, 0x59, 0xd8, 0xf4, 0xf8, 0x59,
    0xd8, 0xf4, 0xf8, 0x59, 0xd8, 0xf4, 0xf8, 0x59, 0xd8, 0xf4, 0xf8, 0x59,
    0xd8, 0xf4, 0xf8, 0x59, 0xd8, 0xf4, 0xf8, 0x59, 0xd8, 0xf4, 0xf8, 0x59,
    0xd8, 0xf4, 0xf8, 0x59, 0xd8, 0xf4, 0xf8, 0x59, 0xd8, 0xf4, 0xf8, 0x59,
    0xd8, 0xf4, 0xf8, 0x59, 0xd8, 0xf4, 0xf8, 0x59, 0xd8, 0xf4, 0xf8, 0x59,
    0xd8, 0xf4, 0xf8, 0x59, 0xd8, 0xf4, 0xf8, 0x59, 0xd8, 0xf4, 0xf8, 0x59,
    0xd8, 0xf4, 0xf8, 0x59, 0xd8, 0xf4, 0xf8, 0x59, 0xd8, 0xf4, 0xf8, 0x59,
    0xd8, 0xf4, 0xf8, 0x59, 0xd8, 0xf4, 0xf8, 0x59, 0xd8, 0xf4, 0xf8, 0x59,
    0xd8, 0xf4, 0xf8, 0x59, 0xd8, 0xf4, 0xf8, 0x59, 0xd8, 0xf4, 0xf8, 0x59,
    0xd8, 0xf4, 0xf8, 0x59, 0xd8, 0xf4, 0xf8, 0x59, 0xd8, 0xf4, 0xf8, 0x59,
    0xd8, 0xf4, 0xf8, 0x59, 0xd8, 0xf4, 0xf8, 0x59, 0xd8, 0xf4, 0xf8, 0x59,
    0xd8, 0xf4, 0xf8, 0x59, 0xd8, 0xf4, 0xf8, 0x59, 0xd8, 0xf4, 0xf8, 0x59,
    0xd8, 0xf4, 0xf8, 0x59, 0xd8, 0xf4, 0xf8, 0x59, 0xd8, 0xf4, 0xf8, 0x59,
    0xd8, 0xf4, 0xf8, 0x59, 0xd8, 0xf4, 0xf8, 0x59, 0xd8, 0xf4, 0xf8, 0x59,
    0xd8, 0xf4, 0xf8, 0x59, 0xd8, 0xf4, 0xf8, 0x59, 0xd8, 0xf4, 0xf8, 0x59,
    0xd8, 0xf4, 0xf8, 0x59, 0xd8, 0xf4, 0xf8, 0x59, 0xd8, 0xf4, 0xf8, 0x59,
    0xd8, 0xf4, 0xf8, 0x59, 0xd8, 0xf4, 0xf8, 0x59, 0xd8, 0xf4, 0xf8, 0x59,
    0xd8, 0xf4, 0xf8, 0x59, 0xd8, 0xf4, 0xf8, 0x59, 0xd8, 0xf4, 0xf8, 0x59,
    0xd8, 0xf4, 0xf8, 0x59, 0xd8, 0xf4, 0xf8, 0x59, 0xd8, 0xf4, 0xf8, 0x59,
    0xd8, 0xf4, 0xf8, 0x59, 0xd8, 0xf4, 0xf8, 0x59, 0xd8, 0xf4, 0xf8, 0x59,
    0xd8, 0xf4, 0xf8, 0x59, 0xd8, 0xf4, 0xf8, 0x59, 0xd8, 0xf4, 0xf8, 0x59,
    0xd8, 0xf4, 0xf8, 0x59, 0xd8, 0xf4, 0xf8, 0x59, 0xd8, 0xf4, 0xf8, 0x59,
    0xd8, 0xf4, 0xf8, 0x59, 0xd8, 0xf4, 0xf8, 0x59, 0xd8, 0xf4, 0xf8, 0x59,
    0xd8, 0xf4, 0xf8, 0x59, 0xd8, 0xf4, 0xf8, 0x59, 0xd8, 0xf4, 0xf8, 0x59,
    0xd8, 0xf4, 0xf8, 0x59, 0xd8, 0xf4, 0xf8, 0x59, 0xd8, 0xf4, 0xf8, 0x59,
    0xd8, 0xf4, 0xf8, 0x59, 0xd8, 0xf4, 0xf8, 0x59, 0xd8, 0xf4, 0xf8, 0x59,
    0xd8, 0xf4, 0xf8, 0x59, 0xd8, 0xf4, 0xf8, 0x59, 0xd8, 0xf4, 0xf8, 0x59,
    0xd8, 0xf4, 0xf8, 0x59, 0xd8, 0xf4, 0xf8, 0x59, 0xd8, 0xf4, 0xf8, 0x59,
    0xd8, 0xf4, 0xf8, 0x59, 0xd8, 0xf4, 0xf8, 0x59, 0xd8, 0xf4, 0xf8, 0x59,
    0xd8, 0xf4, 0xf8, 0x59, 0xd8, 0xf4, 0xf8, 0x59, 0xd8, 0xf4, 0xf8, 0x59,
    0xd8, 0xf4, 0xf8, 0x59, 0xd8, 0xf4, 0xf8, 0x59, 0xd8, 0xf4, 0xf8, 0x59,
    0xd8, 0xf4, 0xf8, 0x59, 0xd8, 0xf4, 0xf8, 0x59, 0xd8, 0xf4, 0xf8, 0x59,
    0xd8, 0xf4, 0xf8, 0x59, 0xd8, 0xf4, 0xf8, 0x59, 0xd8, 0xf4, 0xf8, 0x59,
    0xd8, 0xf4, 0xf8, 0x59, 0xd8, 0xf4, 0xf8, 0x59, 0xd8, 0xf4, 0xf8, 0x59,
    0xd8, 0xf4, 0xf8, 0x59, 0xd8, 0xf4, 0xf8, 0x59, 0xd8, 0xf4, 0xf8, 0x59,
    0xd8, 0xf4, 0xf8, 0x59, 0xd8, 0xf4, 0xf8, 0x59, 0xd8, 0xf4, 0xf8, 0x59,
    0xd8, 0xf4, 0xf8, 0x59, 0xd8, 0xf4, 0xf8, 0x59, 0xd8, 0xf4, 0xf8, 0x59,
    0xd8, 0xf4, 0xf8, 0x59, 0xd8, 0xf4, 0xf8, 0x59, 0xd8, 0xf4, 0xf8, 0x59,
    0xd8, 0xf4, 0xf8, 0x59, 0xd8, 0xf4, 0xf8, 0x59, 0xd8, 0xf4, 0xf8, 0x59,
    0xd8, 0xf4, 0xf8, 0x59, 0xd8, 0xf4, 0xf8, 0x59, 0xd8, 0xf4, 0xf8, 0x59,
    0xd8, 0xf4, 0xf8, 0x59, 0xd8, 0xf4, 0xf8, 0x59, 0xd8, 0xf4, 0xf8, 0x59,
    0xd8, 0xf4, 0xf8, 0x59, 0xd8, 0xf4, 0xf8, 0x59, 0xd8, 0xf4, 0xf8, 0x59,
    0xd8, 0xf4, 0xf8, 0x59, 0xd8, 0xf4, 0xf8, 0x59, 0xd8, 0xf4, 0xf8, 0x59,
    0xd8, 0xf4, 0xf8, 0x59, 0xd8, 0xf4, 0xf8, 0x59, 0xd8, 0xf4, 0xf8, 0x59,
    0xd8, 0xf4, 0xf8, 0x59, 0xd8, 0xf4, 0xf8, 0x59, 0xd8, 0xf4, 0xf8, 0x59,
    0xd8, 0xf4, 0xf8, 0x59, 0xd8, 0xf4, 0xf8, 0x59, 0xd8, 0xf4, 0xf8, 0x59,
    0xd8, 0xf4, 0xf8, 0x59, 0xd8, 0xf4, 0xf8, 0x59, 0xd8, 0xf4, 0xf8, 0x59,
    0xd8, 0xf4, 0xf8, 0x59, 0xd8, 0xf4, 0xf8, 0x59, 0xd8, 0xf4, 0xf8, 0x59,
    0xd8, 0xf4, 0xf8, 0x59, 0xd8, 0xf4, 0xf8, 0x59, 0xd8, 0xf4, 0xf8, 0x59,
    0xd8, 0xf4, 0xf8, 0x59, 0xd8, 0xf4, 0xf8, 0x59, 0xd8, 0xf4, 0xf8, 0x59,
    0xd8, 0xf4, 0xf8, 0x59, 0xd8, 0xf4, 0xf8, 0x59, 0xd8, 0xf4, 0xf8, 0x59,
    0xd8, 0xf4, 0xf8, 0x59, 0xd8, 0xf4, 0xf8, 0x59, 0xd8, 0xf4, 0xf8, 0x59,
    0xd8, 0xf4, 0xf8, 0x59, 0xd8, 0xf4, 0xf8, 0x59, 0xd8, 0xf4, 0xf8, 0x59,
    0xd8, 0xf4, 0xf8, 0x59, 0xd8, 0xf4, 0xf8, 0x59, 0xd8, 0xf4, 0xf8, 0x59,
    0xd8, 0xf4, 0xf8, 0x59, 0xd8, 0xf4, 0xf8, 0x59, 0xd8, 0xf4, 0xf8, 0x59,
    0xd8, 0xf4, 0xf8, 0x59, 0xd8, 0xf4, 0xf8, 0x59, 0xd8, 0xf4, 0xf8, 0x59,
    0xd8, 0xf4, 0xf8, 0x59, 0xd8, 0xf4, 0xf8, 0x59, 0xd8, 0xf4, 0xf8, 0x59,
    0xd8, 0xf4, 0xf8, 0x59, 0xd8, 0xf4, 0xf8, 0x59, 0xd8, 0xf4, 0xf8, 0x59,
    0xd8, 0xf4, 0xf8, 0x59, 0xd8, 0xf4, 0xf8, 0x59, 0xd8, 0xf4, 0xf8, 0x59,
    0xd8, 0xf4, 0xf8, 0x59, 0xd8, 0xf4, 0xf8, 0x59, 0xd8, 0xf4, 0xf8, 0x59,
    0xd8, 0xf4, 0xf8, 0x59, 0xd8, 0xf4, 0xf8, 0x59, 0xd8, 0xf4, 0xf8, 0x59,
    0xd8, 0xf4, 0xf8, 0x59, 0xd8, 0xf4, 0xf8, 0x59, 0xd8, 0xf4, 0xf8, 0x59,
    0xd8, 0xf4, 0xf8, 0x59, 0xd8, 0xf4, 0xf8, 0x59, 0xd8, 0xf4, 0xf8, 0x59,
    0xd8, 0xf4, 0xf8, 0x59, 0xd8, 0xf4, 0xf8, 0x59, 0xd8, 0xf4, 0xf8, 0x59,
    0xd8, 0xf4, 0xf8, 0x59, 0xd8, 0xf4, 0xf8, 0x59, 0xd8, 0xf4, 0xf8, 0x59,
    0xd8, 0xf4, 0xf8, 0x59, 0xd8, 0xf4, 0xf8, 0x59, 0xd8, 0xf4, 0xf8, 0x59,
    0xd8, 0xf4, 0xf8, 0x59, 0xd8, 0xf4, 0xf8, 0x59, 0xd8, 0xf4, 0xf8, 0x59,
    0xd8, 0xf4, 0xf8, 0x59, 0xd8, 0xf4, 0xf8, 0x59, 0xd8, 0xf4, 0xf8, 0x59,
    0xd8, 0xf4, 0xf8, 0x59, 0xd8, 0xf4, 0xf8, 0x59, 0xd8, 0xf4, 0xf8, 0x59,
    0xd8, 0xf4, 0xf8, 0x59, 0xd8, 0xf4, 0xf8, 0x59, 0xd8, 0xf4, 0xf8, 0x59,
    0xd8, 0xf4, 0xf8, 0x59, 0xd8, 0xf4, 0xf8, 0x59, 0xd8, 0xf4, 0xf8, 0x59,
    0xd8, 0xf4, 0xf8, 0x59, 0xd8, 0xf4, 0xf8, 0x59, 0xd8, 0xf4, 0xf8, 0x59,
    0xd8, 0xf4, 0xf8, 0x59, 0xd8, 0xf4, 0xf8, 0x59, 0xd8, 0xf4, 0xf8, 0x59,
    0xd8, 0xf4, 0xf8, 0x59, 0xd8, 0xf4, 0xf8, 0x59, 0xd8, 0xf4, 0xf8, 0x59,
    0xd8, 0xf4, 0xf8, 0x59, 0xd8, 0xf4, 0xf8, 0x59, 0xd8, 0xf4, 0xf8, 0x59,
    0xd8, 0xf4, 0xf8, 0x59, 0xd8, 0xf4, 0xf8, 0x59, 0xd8, 0xf4, 0xf8, 0x59,
    0xd8, 0xf4, 0xf8, 0x59, 0xd8, 0xf4, 0xf8, 0x59, 0xd8, 0xf4, 0xf8, 0x59,
    0xd8, 0xf4, 0xf8, 0x59, 0xd8, 0xf4, 0xf8, 0x59, 0xd8, 0xf4, 0xf8, 0x59,
    0xd8, 0xf4, 0xf8, 0x59, 0xd8, 0xf4, 0xf8, 0x59, 0xd8, 0xf4, 0xf8, 0x59,
    0xd8, 0xf4, 0xf8, 0x59, 0xd8, 0xf4, 0xf8, 0x59, 0xd8, 0xf4, 0xf8, 0x59,
    0xd8, 0xf4, 0xf8, 0x59, 0xd8, 0xf4, 0xf8, 0x59, 0xd8, 0xf4, 0xf8, 0x59,
    0xd8, 0xf4, 0xf8, 0x59, 0xd8, 0xf4, 0xf8, 0x59, 0xd8, 0xf4, 0xf8, 0x59,
    0xd8, 0xf4, 0xf8, 0x59, 0xd8, 0xf4, 0xf8, 0x59, 0xd8, 0xf4, 0xf8, 0x59,
    0xd8, 0xf4, 0xf8, 0x59, 0xd8, 0xf4, 0xf8, 0x59, 0xd8, 0xf4, 0xf8, 0x59,
    0xd8, 0xf4, 0xf8, 0x59, 0xd8, 0xf4, 0xf8, 0x59, 0xd8, 0xf4, 0xf8, 0x59,
    0xd8, 0xf4, 0xf8, 0x59, 0xd8, 0xf4, 0xf8, 0x59, 0xd8, 0xf4, 0xf8, 0x59,
    0xd8, 0xf4, 0xf8, 0x59, 0xd8, 0xf4, 0xf8, 0x59, 0xd8, 0xf4, 0xf8, 0x59,
    0xd8, 0xf4, 0xf8, 0x59, 0xd8, 0xf4, 0xf8, 0x59, 0xd8, 0xf4, 0xf8, 0x59,
    0xd8, 0xf4, 0xf8, 0x59, 0xd8, 0xf4, 0xf8, 0x59, 0xd8, 0xf4, 0xf8, 0x59,
    0xd8, 0xf4, 0xf8, 0x59, 0xd8, 0xf4, 0xf8, 0x59, 0xd8, 0xf4, 0xf8, 0x59,
    0xd8, 0xf4, 0xf8, 0x59, 0xd8, 0xf4, 0xf8, 0x59, 0xd8, 0xf4, 0xf8, 0x59,
    0xd8, 0xf4, 0xf8, 0x59, 0xd8, 0xf4, 0xf8, 0x59, 0xd8, 0xf4, 0xf8, 0x59,
    0xd8, 0xf4, 0xf8, 0x59, 0xd8, 0xf4, 0xf8, 0x59, 0xd8, 0xf4, 0xf8, 0x59,
    0xd8, 0xf4, 0xf8, 0x59, 0xd8, 0xf4, 0xf8, 0x59, 0xd8, 0xf4, 0xf8, 0x59,
    0xd8, 0xf4, 0xf8, 0x59, 0xd8, 0xf4, 0xf8, 0x59, 0xd8, 0xf4, 0xf8, 0x59,
    0xd8, 0xf4, 0xf8, 0x59, 0xd8, 0xf4, 0xf8, 0x59, 0xd8, 0xf4, 0xf8, 0x59,
    0xd8, 0xf4, 0xf8, 0x59, 0xd8, 0xf4, 0xf8, 0x00, 0xd8, 0xf4, 0xf8, 0x55,
    0xd8, 0xf8, 0xf8, 0x59, 0xd8, 0xf4, 0xf8, 0x0c, 0xd8, 0xf8, 0xf8, 0x08,
    0xd8, 0xf4, 0xf8, 0x04, 0xd8, 0xf8, 0xf8, 0x08, 0xd8, 0xf4, 0xf8, 0x08,
    0xd8, 0xf8, 0xf8, 0x04, 0xd8, 0xf4, 0xf8, 0x08, 0xd8, 0xf8, 0xf8, 0x08,
    0xd8, 0xf4, 0xf8, 0x04, 0xd8, 0xf8, 0xf8, 0x08, 0xd8, 0xf4, 0xf8, 0x08,
    0xd8, 0xf8, 0xf8, 0x04, 0xd8, 0xf4, 0xf8, 0x08, 0xd8, 0xf8, 0xf8, 0x08,
    0xd8, 0xf4, 0xf8, 0x04, 0xd8, 0xf8, 0xf8, 0x08, 0xd8, 0xf4, 0xf8, 0x08,
    0xd8, 0xf8, 0xf8, 0x04, 0xd8, 0xf4, 0xf8, 0x08, 0xd8, 0xf8, 0xf8, 0x08,
    0xd8, 0xf4, 0xf8, 0x04, 0xd8, 0xf8, 0xf8, 0x08, 0xd8, 0xf4, 0xf8, 0x08,
    0xd8, 0xf8, 0xf8, 0x04, 0xd8, 0xf4, 0xf8, 0x08, 0xd8, 0xf8, 0xf8, 0x08,
    0xd8, 0xf4, 0xf8, 0x04, 0xd8, 0xf8, 0xf8, 0x08, 0xd8, 0xf4, 0xf8, 0x08,
    0xd8, 0xf8, 0xf8, 0x04, 0xd8, 0xf4, 0xf8, 0x08, 0xd8, 0xf8, 0xf8, 0x08,
    0xd8, 0xf4, 0xf8, 0x04, 0xd8, 0xf8, 0xf8, 0x08, 0xd8, 0xf4, 0xf8, 0x08,
    0xd8, 0xf8, 0xf8, 0x04, 0xd8, 0xf4, 0xf8, 0x08, 0xd8, 0xf8, 0xf8, 0x08,
    0xd8, 0xf4, 0xf8, 0x04, 0xd8, 0xf8, 0xf8, 0x08, 0xd8, 0xf4, 0xf8, 0x08,
    0xd8, 0xf8, 0xf8, 0x04, 0xd8, 0xf4, 0xf8, 0x08, 0xd8, 0xf8, 0xf8, 0x08,
    0xd8, 0xf4, 0xf8, 0x04, 0xd8, 0xf8, 0xf8, 0x08, 0xd8, 0xf4, 0xf8, 0x08,
    0xd8, 0xf8, 0xf8, 0x04, 0xd8, 0xf4, 0xf8, 0x08, 0xd8, 0xf8, 0xf8, 0x08,
    0xd8, 0xf4, 0xf8, 0x04, 0xd8, 0xf8, 0xf8, 0x08, 0xd8, 0xf4, 0xf8, 0x08,
    0xd8, 0xf8, 0xf8, 0x04, 0xd8, 0xf4, 0xf8, 0x08, 0xd8, 0xf8, 0xf8, 0x08,
    0xd8, 0xf4, 0xf8, 0x04, 0xd8, 0xf8, 0xf8, 0x08, 0xd8, 0xf4, 0xf8, 0x08,
    0xd8, 0xf8, 0xf8, 0x04, 0xd8, 0xf4, 0xf8, 0x08, 0xd8, 0xf8, 0xf8, 0x08,
    0xd8, 0xf4, 0xf8, 0x04, 0xd8, 0xf8, 0xf8, 0x08, 0xd8, 0xf4, 0xf8, 0x08,
    0xd8, 0xf8, 0xf8, 0x04, 0xd8, 0xf4, 0xf8, 0x08, 0xd8, 0xf8, 0xf8, 0x08,
    0xd8, 0xf4, 0xf8, 0x04, 0xd8, 0xf8, 0xf8, 0x08, 0xd8, 0xf4, 0xf8, 0x08,
    0xd8, 0xf8, 0xf8, 0x04, 0xd8, 0xf4, 0xf8, 0x08, 0xd8, 0xf8, 0xf8, 0x08,
    0xd8, 0xf4, 0xf8, 0x04, 0xd8, 0xf8, 0xf8, 0x08, 0xd8, 0xf4, 0xf8, 0x08,
    0xd8, 0xf8, 0xf8, 0x04, 0xd8, 0xf4, 0xf8, 0x08, 0xd8, 0xf8, 0xf8, 0x08,
    0xd8, 0xf4, 0xf8, 0x04, 0xd8, 0xf8, 0xf8, 0x08, 0xd8, 0xf4, 0xf8, 0x08,
    0xd8, 0xf8, 0xf8, 0x04, 0xd8, 0xf4, 0xf8, 0x08, 0xd8, 0xf8, 0xf8, 0x08,
    0xd8, 0xf4, 0xf8, 0x04, 0xd8, 0xf8, 0xf8, 0x08, 0xd8, 0xf4, 0xf8, 0x08,
    0xd8, 0xf8, 0xf8, 0x04, 0xd8, 0xf4, 0xf8, 0x08, 0xd8, 0xf8, 0xf8, 0x08,
    0xd8, 0xf4, 0xf8, 0x04, 0xd8, 0xf8, 0xf8, 0x08, 0xd8, 0xf4, 0xf8, 0x08,
    0xd8, 0xf8, 0xf8, 0x04, 0xd8, 0xf4, 0xf8, 0x08, 0xd8, 0xf8, 0xf8, 0x08,
    0xd8, 0xf4, 0xf8, 0x04, 0xd8, 0xf8, 0xf8, 0x08, 0xd8, 0xf4, 0xf8, 0x08,
    0xd8, 0xf8, 0xf8, 0x04, 0xd8, 0xf4, 0xf8, 0x08, 0xd8, 0xf8, 0xf8, 0x08,
    0xd8, 0xf4, 0xf8, 0x04, 0xd8, 0xf8, 0xf8, 0x08, 0xd8, 0xf4, 0xf8, 0x08,
    0xd8, 0xf8, 0xf8, 0x04, 0xd8, 0xf4, 0xf8, 0x08, 0xd8, 0xf8, 0xf8, 0x08,
    0xd8, 0xf4, 0xf8, 0x04, 0xd8, 0xf8, 0xf8, 0x08, 0xd8, 0xf4, 0xf8, 0x08,
    0xd8, 0xf8, 0xf8, 0x04, 0xd8, 0xf4, 0xf8, 0x08, 0xd8, 0xf8, 0xf8, 0x08,
    0xd8, 0xf4, 0xf8, 0x04, 0xd8, 0xf8, 0xf8, 0x08, 0xd8, 0xf4, 0xf8, 0x08,
    0xd8, 0xf8, 0xf8, 0x04, 0xd8, 0xf4, 0xf8, 0x08, 0xd8, 0xf8, 0xf8, 0x08,
    0xd8, 0xf4, 0xf8, 0x04, 0xd8, 0xf8, 0xf8, 0x08, 0xd8, 0xf4, 0xf8, 0x08,
    0xd8, 0xf8, 0xf8, 0x04, 0xd8, 0xf4, 0xf8, 0x08, 0xd8, 0xf8, 0xf8, 0x08,
    0xd8, 0xf4, 0xf8, 0x04, 0xd8, 0xf8, 0xf8, 0x08, 0xd8, 0xf4, 0xf8, 0x08,
    0xd8, 0xf8, 0xf8, 0x04, 0xd8, 0xf4, 0xf8, 0x08, 0xd8, 0xf8, 0xf8, 0x08,
    0xd8, 0xf4, 0xf8, 0x04, 0xd8, 0xf8, 0xf8, 0x08, 0xd8, 0xf4, 0xf8, 0x08,
    0xd8, 0xf8, 0xf8, 0x04, 0xd8, 0xf4, 0xf8, 0x08, 0xd8, 0xf8, 0xf8, 0x08,
    0xd8, 0xf4, 0xf8, 0x04, 0xd8, 0xf8, 0xf8, 0x08, 0xd8, 0xf4, 0xf8, 0x08,
    0xd8, 0xf8, 0xf8, 0x04, 0xd8, 0xf4, 0xf8, 0x08, 0xd8, 0xf8, 0xf8, 0x08,
    0xd8, 0xf4, 0xf8, 0x04, 0xd8, 0xf8, 0xf8, 0x08, 0xd8, 0xf4, 0xf8, 0x08,
    0xd8, 0xf8, 0xf8, 0x04, 0xd8, 0xf4, 0xf8, 0x08, 0xd8, 0xf8, 0xf8, 0x08,
    0xd8, 0xf4, 0xf8, 0x04, 0xd8, 0xf8, 0xf8, 0x08, 0xd8, 0xf4, 0xf8, 0x08,
    0xd8, 0xf8, 0xf8, 0x04, 0xd8, 0xf4, 0xf8, 0x08, 0xd8, 0xf8, 0xf8, 0x08,
    0xd8, 0xf4, 0xf8, 0x04, 0xd8, 0xf8, 0xf8, 0x08, 0xd8, 0xf4, 0xf8, 0x08,
    0xd8, 0xf8, 0xf8, 0x04, 0xd8, 0xf4, 0xf8, 0x08, 0xd8, 0xf8, 0xf8, 0x08,
    0xd8, 0xf4, 0xf8, 0x04, 0xd8, 0xf8, 0xf8, 0x08, 0xd8, 0xf4, 0xf8, 0x08,
    0xd8, 0xf8, 0xf8, 0x04, 0xd8, 0xf4, 0xf8, 0x08, 0xd8, 0xf8, 0xf8, 0x08,
    0xd8, 0xf4, 0xf8, 0x04, 0xd8, 0xf8, 0xf8, 0x08, 0xd8, 0xf4, 0xf8, 0x08,
    0xd8, 0xf8, 0xf8, 0x04, 0xd8, 0xf4, 0xf8, 0x08, 0xd8, 0xf8, 0xf8, 0x08,
    0xd8, 0xf4, 0xf8, 0x04, 0xd8, 0xf8, 0xf8, 0x08, 0xd8, 0xf4, 0xf8, 0x08,
    0xd8, 0xf8, 0xf8, 0x04, 0xd8, 0xf4, 0xf8, 0x08, 0xd8, 0xf8, 0xf8, 0x08,
    0xd8, 0xf4, 0xf8, 0x04, 0xd8, 0xf8, 0xf8, 0x08, 0xd8, 0xf4, 0xf8, 0x08,
    0xd8, 0xf8, 0xf8, 0x04, 0xd8, 0xf4, 0xf8, 0x08, 0xd8, 0xf8, 0xf8, 0x08,
    0xd8, 0xf4, 0xf8, 0x04, 0xd8, 0xf8, 0xf8, 0x08, 0xd8, 0xf4, 0xf8, 0x08,
    0xd8, 0xf8, 0xf8, 0x04, 0xd8, 0xf4, 0xf8, 0x08, 0xd8, 0xf8, 0xf8, 0x08,
    0xd8, 0xf4, 0xf8, 0x04, 0xd8, 0xf8, 0xf8, 0x08, 0xd8, 0xf4, 0xf8, 0x08,
    0xd8, 0xf8, 0xf8, 0x04, 0xd8, 0xf4, 0xf8, 0x08, 0xd8, 0xf8, 0xf8, 0x08,
    0xd8, 0xf4, 0xf8, 0x04, 0xd8, 0xf8, 0xf8, 0x08, 0xd8, 0xf4, 0xf8, 0x08,
    0xd8, 0xf8, 0xf8, 0x04, 0xd8, 0xf4, 0xf8, 0x08, 0xd8, 0xf8, 0xf8, 0x08,
    0xd8, 0xf4, 0xf8, 0x04, 0xd8, 0xf8, 0xf8, 0x08, 0xd8, 0xf4, 0xf8, 0x08,
    0xd8, 0xf8, 0xf8, 0x04, 0xd8, 0xf4, 0xf8, 0x08, 0xd8, 0xf8, 0xf8, 0x08,
    0xd8, 0xf4, 0xf8, 0x04, 0xd8, 0xf8, 0xf8, 0x08, 0xd8, 0xf4, 0xf8, 0x08,
    0xd8, 0xf8, 0xf8, 0x04, 0xd8, 0xf4, 0xf8, 0x08, 0xd8, 0xf8, 0xf8, 0x08,
    0xd8, 0xf4, 0xf8, 0x04, 0xd8, 0xf8, 0xf8, 0x08, 0xd8, 0xf4, 0xf8, 0x08,
    0xd8, 0xf8, 0xf8, 0x04, 0xd8, 0xf4, 0xf8, 0x08, 0xd8, 0xf8, 0xf8, 0x08,
    0xd8, 0xf4, 0xf8, 0x04, 0xd8, 0xf8, 0xf8, 0x08, 0xd8, 0xf4, 0xf8, 0x08,
    0xd8, 0xf8, 0xf8, 0x04, 0xd8, 0xf4, 0xf8, 0x08, 0xd8, 0xf8, 0xf8, 0x08,
    0xd8, 0xf4, 0xf8, 0x04, 0xd8, 0xf8, 0xf8, 0x08, 0xd8, 0xf4, 0xf8, 0x08,
    0xd8, 0xf8, 0xf8, 0x04, 0xd8, 0xf4, 0xf8, 0x08, 0xd8, 0xf8, 0xf8, 0x08,
    0xd8, 0xf4, 0xf8, 0x04, 0xd8, 0xf8, 0xf8, 0x08, 0xd8, 0xf4, 0xf8, 0x08,
    0xd8, 0xf8, 0xf8, 0x04, 0xd8, 0xf4, 0xf8, 0x08, 0xd8, 0xf8, 0xf8, 0x08,
    0xd8, 0xf4, 0xf8, 0x04, 0xd8, 0xf8, 0xf8, 0x08, 0xd8, 0xf4, 0xf8, 0x08,
    0xd8, 0xf8, 0xf8, 0x04, 0xd8, 0xf4, 0xf8, 0x08, 0xd8, 0xf8, 0xf8, 0x08,
    0xd8, 0xf4, 0xf8, 0x04, 0xd8, 0xf8, 0xf8, 0x08, 0xd8, 0xf4, 0xf8, 0x08,
    0xd8, 0xf8, 0xf8, 0x04, 0xd8, 0xf4, 0xf8, 0x08, 0xd8, 0xf8, 0xf8, 0x08,
    0xd8, 0xf4, 0xf8, 0x04, 0xd8, 0xf8, 0xf8, 0x08, 0xd8, 0xf4, 0xf8, 0x08,
    0xd8, 0xf8, 0xf8, 0x04, 0xd8, 0xf4, 0xf8, 0x08, 0xd8, 0xf8, 0xf8, 0x08,
    0xd8, 0xf4, 0xf8, 0x04, 0xd8, 0xf8, 0xf8, 0x08, 0xd8, 0xf4, 0xf8, 0x08,
    0xd8, 0xf8, 0xf8, 0x04, 0xd8, 0xf4, 0xf8, 0x08, 0xd8, 0xf8, 0xf8, 0x08,
    0xd8, 0xf4, 0xf8, 0x04, 0xd8, 0xf8, 0xf8, 0x08, 0xd8, 0xf4, 0xf8, 0x08,
    0xd8, 0xf8, 0xf8, 0x04, 0xd8, 0xf4, 0xf8, 0x08, 0xd8, 0xf8, 0xf8, 0x08,
    0xd8, 0xf4, 0xf8, 0x04, 0xd8, 0xf8, 0xf8, 0x08, 0xd8, 0xf4, 0xf8, 0x08,
    0xd8, 0xf8, 0xf8, 0x04, 0xd8, 0xf4, 0xf8, 0x08, 0xd8, 0xf8, 0xf8, 0x08,
    0xd8, 0xf4, 0xf8, 0x04, 0xd8, 0xf8, 0xf8, 0x08, 0xd8, 0xf4, 0xf8, 0x08,
    0xd8, 0xf8, 0xf8, 0x04, 0xd8, 0xf4, 0xf8, 0x08, 0xd8, 0xf8, 0xf8, 0x04,
    0xd8, 0xf4, 0xf8, 0x08, 0xd8, 0xf4, 0xf8, 0x0c, 0xd8, 0xf4, 0xf8, 0x59,
    0xd8, 0xf4, 0xf8, 0x00, 0xd8, 0xf4, 0xf8, 0x55, 0xd8, 0xf4, 0xf8, 0x59,
    0xd8, 0xf4, 0xf8, 0x04, 0xd8, 0xf4, 0xf8, 0x00, 0xd8, 0xf8, 0xf8, 0x00,
    0xd8, 0xf4, 0xf8, 0x00, 0xd8, 0xf4, 0xf8, 0x00, 0xd8, 0xf4, 0xf8, 0x00,
    0xd8, 0xf8, 0xf8, 0x00, 0xd8, 0xf4, 0xf8, 0x00, 0xd8, 0xf4, 0xf8, 0x00,
    0xd8, 0xf4, 0xf8, 0x00, 0xd8, 0xf8, 0xf8, 0x00, 0xd8, 0xf4, 0xf8, 0x00,
    0xd8, 0xf4, 0xf8, 0x00, 0xd8, 0xf4, 0xf8, 0x00, 0xd8, 0xf8, 0xf8, 0x00,
    0xd8, 0xf4, 0xf8, 0x00, 0xd8, 0xf4, 0xf8, 0x00, 0xd8, 0xf4, 0xf8, 0x00,
    0xd8, 0xf8, 0xf8, 0x00, 0xd8, 0xf4, 0xf8, 0x00, 0xd8, 0xf4, 0xf8, 0x00,
    0xd8, 0xf4, 0xf8, 0x00, 0xd8, 0xf8, 0xf8, 0x00, 0xd8, 0xf4, 0xf8, 0x00,
    0xd8, 0xf4, 0xf8, 0x00, 0xd8, 0xf4, 0xf8, 0x00, 0xd8, 0xf8, 0xf8, 0x00,
    0xd8, 0xf4, 0xf8, 0x00, 0xd8, 0xf4, 0xf8, 0x00, 0xd8, 0xf4, 0xf8, 0x00,
    0xd8, 0xf8, 0xf8, 0x00, 0xd8, 0xf4, 0xf8, 0x00, 0xd8, 0xf4, 0xf8, 0x00,
    0xd8, 0xf4, 0xf8, 0x00, 0xd8, 0xf8, 0xf8, 0x00, 0xd8, 0xf4, 0xf8, 0x00,
    0xd8, 0xf4, 0xf8, 0x00, 0xd8, 0xf4, 0xf8, 0x00, 0xd8, 0xf8, 0xf8, 0x00,
    0xd8, 0xf4, 0xf8, 0x00, 0xd8, 0xf4, 0xf8, 0x00, 0xd8, 0xf4, 0xf8, 0x00,
    0xd8, 0xf8, 0xf8, 0x00, 0xd8, 0xf4, 0xf8, 0x00, 0xd8, 0xf4, 0xf8, 0x00,
    0xd8, 0xf4, 0xf8, 0x00, 0xd8, 0xf8, 0xf8, 0x00, 0xd8, 0xf4, 0xf8, 0x00,
    0xd8, 0xf4, 0xf8, 0x00, 0xd8, 0xf4, 0xf8, 0x00, 0xd8, 0xf8, 0xf8, 0x00,
    0xd8, 0xf4, 0xf8, 0x00, 0xd8, 0xf4, 0xf8, 0x00, 0xd8, 0xf4, 0xf8, 0x00,
    0xd8, 0xf8, 0xf8, 0x00, 0xd8, 0xf4, 0xf8, 0x00, 0xd8, 0xf4, 0xf8, 0x00,
    0xd8, 0xf4, 0xf8, 0x00, 0xd8, 0xf8, 0xf8, 0x00, 0xd8, 0xf4, 0xf8, 0x00,
    0xd8, 0xf4, 0xf8, 0x00, 0xd8, 0xf4, 0xf8, 0x00, 0xd8, 0xf8, 0xf8, 0x00,
    0xd8, 0xf4, 0xf8, 0x00, 0xd8, 0xf4, 0xf8, 0x00, 0xd8, 0xf4, 0xf8, 0x00,
    0xd8, 0xf8, 0xf8, 0x00, 0xd8, 0xf4, 0xf8, 0x00, 0xd8, 0xf4, 0xf8, 0x00,
    0xd8, 0xf4, 0xf8, 0x00, 0xd8, 0xf8, 0xf8, 0x00, 0xd8, 0xf4, 0xf8, 0x00,
    0xd8, 0xf4, 0xf8, 0x00, 0xd8, 0xf4, 0xf8, 0x00, 0xd8, 0xf8, 0xf8, 0x00,
    0xd8, 0xf4, 0xf8, 0x00, 0xd8, 0xf4, 0xf8, 0x00, 0xd8, 0xf4, 0xf8, 0x00,
    0xd8, 0xf8, 0xf8, 0x00, 0xd8, 0xf4, 0xf8, 0x00, 0xd8, 0xf4, 0xf8, 0x00,
    0xd8, 0xf4, 0xf8, 0x00, 0xd8, 0xf8, 0xf8, 0x00, 0xd8, 0xf4, 0xf8, 0x00,
    0xd8, 0xf4, 0xf8, 0x00, 0xd8, 0xf4, 0xf8, 0x00, 0xd8, 0xf8, 0xf8, 0x00,
    0xd8, 0xf4, 0xf8, 0x00, 0xd8, 0xf4, 0xf8, 0x00, 0xd8, 0xf4, 0xf8, 0x00,
    0xd8, 0xf8, 0xf8, 0x00, 0xd8, 0xf4, 0xf8, 0x00, 0xd8, 0xf4, 0xf8, 0x00,
    0xd8, 0xf4, 0xf8, 0x00, 0xd8, 0xf8, 0xf8, 0x00, 0xd8, 0xf4, 0xf8, 0x00,
    0xd8, 0xf4, 0xf8, 0x00, 0xd8, 0xf4, 0xf8, 0x00, 0xd8, 0xf8, 0xf8, 0x00,
    0xd8, 0xf4, 0xf8, 0x00, 0xd8, 0xf4, 0xf8, 0x00, 0xd8, 0xf4, 0xf8, 0x00,
    0xd8, 0xf8, 0xf8, 0x00, 0xd8, 0xf4, 0xf8, 0x00, 0xd8, 0xf4, 0xf8, 0x00,
    0xd8, 0xf4, 0xf8, 0x00, 0xd8, 0xf8, 0xf8, 0x00, 0xd8, 0xf4, 0xf8, 0x00,
    0xd8, 0xf4, 0xf8, 0x00, 0xd8, 0xf4, 0xf8, 0x00, 0xd8, 0xf8, 0xf8, 0x00,
    0xd8, 0xf4, 0xf8, 0x00, 0xd8, 0xf4, 0xf8, 0x00, 0xd8, 0xf4, 0xf8, 0x00,
    0xd8, 0xf8, 0xf8, 0x00, 0xd8, 0xf4, 0xf8, 0x00, 0xd8, 0xf4, 0xf8, 0x00,
    0xd8, 0xf4, 0xf8, 0x00, 0xd8, 0xf8, 0xf8, 0x00, 0xd8, 0xf4, 0xf8, 0x00,
    0xd8, 0xf4, 0xf8, 0x00, 0xd8, 0xf4, 0xf8, 0x00, 0xd8, 0xf8, 0xf8, 0x00,
    0xd8, 0xf4, 0xf8, 0x00, 0xd8, 0xf4, 0xf8, 0x00, 0xd8, 0xf4, 0xf8, 0x00,
    0xd8, 0xf8, 0xf8, 0x00, 0xd8, 0xf4, 0xf8, 0x00, 0xd8, 0xf4, 0xf8, 0x00,
    0xd8, 0xf4, 0xf8, 0x00, 0xd8, 0xf8, 0xf8, 0x00, 0xd8, 0xf4, 0xf8, 0x00,
    0xd8, 0xf4, 0xf8, 0x00, 0xd8, 0xf4, 0xf8, 0x00, 0xd8, 0xf8, 0xf8, 0x00,
    0xd8, 0xf4, 0xf8, 0x00, 0xd8, 0xf4, 0xf8, 0x00, 0xd8, 0xf4, 0xf8, 0x00,
    0xd8, 0xf8, 0xf8, 0x00, 0xd8, 0xf4, 0xf8, 0x00, 0xd8, 0xf4, 0xf8, 0x00,
    0xd8, 0xf4, 0xf8, 0x00, 0xd8, 0xf8, 0xf8, 0x00, 0xd8, 0xf4, 0xf8, 0x00,
    0xd8, 0xf4, 0xf8, 0x00, 0xd8, 0xf4, 0xf8, 0x00, 0xd8, 0xf8, 0xf8, 0x00,
    0xd8, 0xf4, 0xf8, 0x00, 0xd8, 0xf4, 0xf8, 0x00, 0xd8, 0xf4, 0xf8, 0x00,
    0xd8, 0xf8, 0xf8, 0x00, 0xd8, 0xf4, 0xf8, 0x00, 0xd8, 0xf4, 0xf8, 0x00,
    0xd8, 0xf4, 0xf8, 0x00, 0xd8, 0xf8, 0xf8, 0x00, 0xd8, 0xf4, 0xf8, 0x00,
    0xd8, 0xf4, 0xf8, 0x00, 0xd8, 0xf4, 0xf8, 0x00, 0xd8, 0xf8, 0xf8, 0x00,
    0xd8, 0xf4, 0xf8, 0x00, 0xd8, 0xf4, 0xf8, 0x00, 0xd8, 0xf4, 0xf8, 0x00,
    0xd8, 0xf8, 0xf8, 0x00, 0xd8, 0xf4, 0xf8, 0x00, 0xd8, 0xf4, 0xf8, 0x00,
    0xd8, 0xf4, 0xf8, 0x00, 0xd8, 0xf8, 0xf8, 0x00, 0xd8, 0xf4, 0xf8, 0x00,
    0xd8, 0xf4, 0xf8, 0x00, 0xd8, 0xf4, 0xf8, 0x00, 0xd8, 0xf8, 0xf8, 0x00,
    0xd8, 0xf4, 0xf8, 0x00, 0xd8, 0xf4, 0xf8, 0x00, 0xd8, 0xf4, 0xf8, 0x00,
    0xd8, 0xf8, 0xf8, 0x00, 0xd8, 0xf4, 0xf8, 0x00, 0xd8, 0xf4, 0xf8, 0x00,
    0xd8, 0xf4, 0xf8, 0x00, 0xd8, 0xf8, 0xf8, 0x00, 0xd8, 0xf4, 0xf8, 0x00,
    0xd8, 0xf4, 0xf8, 0x00, 0xd8, 0xf4, 0xf8, 0x00, 0xd8, 0xf8, 0xf8, 0x00,
    0xd8, 0xf4, 0xf8, 0x00, 0xd8, 0xf4, 0xf8, 0x00, 0xd8, 0xf4, 0xf8, 0x00,
    0xd8, 0xf8, 0xf8, 0x00, 0xd8, 0xf4, 0xf8, 0x00, 0xd8, 0xf4, 0xf8, 0x00,
    0xd8, 0xf4, 0xf8, 0x00, 0xd8, 0xf8, 0xf8, 0x00, 0xd8, 0xf4, 0xf8, 0x00,
    0xd8, 0xf4, 0xf8, 0x00, 0xd8, 0xf4, 0xf8, 0x00, 0xd8, 0xf8, 0xf8, 0x00,
    0xd8, 0xf4, 0xf8, 0x00, 0xd8, 0xf4, 0xf8, 0x00, 0xd8, 0xf4, 0xf8, 0x00,
    0xd8, 0xf8, 0xf8, 0x00, 0xd8, 0xf4, 0xf8, 0x00, 0xd8, 0xf4, 0xf8, 0x00,
    0xd8, 0xf4, 0xf8, 0x00, 0xd8, 0xf8, 0xf8, 0x00, 0xd8, 0xf4, 0xf8, 0x00,
    0xd8, 0xf4, 0xf8, 0x00, 0xd8, 0xf4, 0xf8, 0x00, 0xd8, 0xf8, 0xf8, 0x00,
    0xd8, 0xf4, 0xf8, 0x00, 0xd8, 0xf4, 0xf8, 0x00, 0xd8, 0xf4, 0xf8, 0x00,
    0xd8, 0xf8, 0xf8, 0x00, 0xd8, 0xf4, 0xf8, 0x00, 0xd8, 0xf4, 0xf8, 0x00,
    0xd8, 0xf4, 0xf8, 0x00, 0xd8, 0xf8, 0xf8, 0x00, 0xd8, 0xf4, 0xf8, 0x00,
    0xd8, 0xf4, 0xf8, 0x00, 0xd8, 0xf4, 0xf8, 0x00, 0xd8, 0xf8, 0xf8, 0x00,
    0xd8, 0xf4, 0xf8, 0x00, 0xd8, 0xf4, 0xf8, 0x00, 0xd8, 0xf4, 0xf8, 0x00,
    0xd8, 0xf8, 0xf8, 0x00, 0xd8, 0xf4, 0xf8, 0x00, 0xd8, 0xf4, 0xf8, 0x00,
    0xd8, 0xf4, 0xf8, 0x00, 0xd8, 0xf8, 0xf8, 0x00, 0xd8, 0xf4, 0xf8, 0x00,
    0xd8, 0xf4, 0xf8, 0x00, 0xd8, 0xf4, 0xf8, 0x00, 0xd8, 0xf8, 0xf8, 0x00,
    0xd8, 0xf4, 0xf8, 0x00, 0xd8, 0xf4, 0xf8, 0x00, 0xd8, 0xf4, 0xf8, 0x00,
    0xd8, 0xf8, 0xf8, 0x00, 0xd8, 0xf4, 0xf8, 0x00, 0xd8, 0xf4, 0xf8, 0x00,
    0xd8, 0xf4, 0xf8, 0x00, 0xd8, 0xf8, 0xf8, 0x00, 0xd8, 0xf4, 0xf8, 0x00,
    0xd8, 0xf4, 0xf8, 0x00, 0xd8, 0xf4, 0xf8, 0x00, 0xd8, 0xf8, 0xf8, 0x00,
    0xd8, 0xf4, 0xf8, 0x00, 0xd8, 0xf4, 0xf8, 0x00, 0xd8, 0xf4, 0xf8, 0x00,
    0xd8, 0xf8, 0xf8, 0x00, 0xd8, 0xf4, 0xf8, 0x00, 0xd8, 0xf4, 0xf8, 0x00,
    0xd8, 0xf4, 0xf8, 0x00, 0xd8, 0xf8, 0xf8, 0x00, 0xd8, 0xf4, 0xf8, 0x00,
    0xd8, 0xf4, 0xf8, 0x00, 0xd8, 0xf4, 0xf8, 0x00, 0xd8, 0xf8, 0xf8, 0x00,
    0xd8, 0xf4, 0xf8, 0x00, 0xd8, 0xf4, 0xf8, 0x00, 0xd8, 0xf4, 0xf8, 0x00,
    0xd8, 0xf8, 0xf8, 0x00, 0xd8, 0xf4, 0xf8, 0x00, 0xd8, 0xf4, 0xf8, 0x00,
    0xd8, 0xf4, 0xf8, 0x00, 0xd8, 0xf8, 0xf8, 0x00, 0xd8, 0xf4, 0xf8, 0x00,
    0xd8, 0xf4, 0xf8, 0x00, 0xd8, 0xf4, 0xf8, 0x00, 0xd8, 0xf8, 0xf8, 0x00,
    0xd8, 0xf4, 0xf8, 0x00, 0xd8, 0xf4, 0xf8, 0x00, 0xd8, 0xf4, 0xf8, 0x00,
    0xd8, 0xf8, 0xf8, 0x00, 0xd8, 0xf4, 0xf8, 0x00, 0xd8, 0xf4, 0xf8, 0x00,
    0xd8, 0xf4, 0xf8, 0x00, 0xd8, 0xf8, 0xf8, 0x00, 0xd8, 0xf4, 0xf8, 0x00,
    0xd8, 0xf4, 0xf8, 0x00, 0xd8, 0xf4, 0xf8, 0x00, 0xd8, 0xf8, 0xf8, 0x00,
    0xd8, 0xf4, 0xf8, 0x00, 0xd8, 0xf4, 0xf8, 0x00, 0xd8, 0xf4, 0xf8, 0x00,
    0xd8, 0xf8, 0xf8, 0x00, 0xd8, 0xf4, 0xf8, 0x00, 0xd8, 0xf4, 0xf8, 0x00,
    0xd8, 0xf8, 0xf8, 0x04, 0xd8, 0xf4, 0xf8, 0x59, 0xd8, 0xf4, 0xf8, 0x00,
    0xd8, 0xf4, 0xf8, 0x55, 0xd8, 0xf8, 0xf8, 0x59, 0xd8, 0xf4, 0xf8, 0x04,
    0xe0, 0xf4, 0xf8, 0x00, 0xd8, 0xf4, 0xf8, 0x00, 0xd8, 0xf4, 0xf8, 0x00,
    0xe0, 0xf4, 0xf8, 0x00, 0xd8, 0xf4, 0xf8, 0x00, 0xd8, 0xf4, 0xf8, 0x00,
    0xe0, 0xf4, 0xf8, 0x00, 0xd8, 0xf4, 0xf8, 0x00, 0xd8, 0xf4, 0xf8, 0x00,
    0xe0, 0xf4, 0xf8, 0x00, 0xd8, 0xf4, 0xf8, 0x00, 0xd8, 0xf4, 0xf8, 0x00,
    0xe0, 0xf4, 0xf8, 0x00, 0xd8, 0xf4, 0xf8, 0x00, 0xd8, 0xf4, 0xf8, 0x00,
    0xe0, 0xf4, 0xf8, 0x00, 0xd8, 0xf4, 0xf8, 0x00, 0xd8, 0xf4, 0xf8, 0x00,
    0xe0, 0xf4, 0xf8, 0x00, 0xd8, 0xf4, 0xf8, 0x00, 0xd8, 0xf4, 0xf8, 0x00,
    0xe0, 0xf4, 0xf8, 0x00, 0xd8, 0xf4, 0xf8, 0x00, 0xd8, 0xf4, 0xf8, 0x00,
    0xe0, 0xf4, 0xf8, 0x00, 0xd8, 0xf4, 0xf8, 0x00, 0xd8, 0xf4, 0xf8, 0x00,
    0xe0, 0xf4, 0xf8, 0x00, 0xd8, 0xf4, 0xf8, 0x00, 0xd8, 0xf4, 0xf8, 0x00,
    0xe0, 0xf4, 0xf8, 0x00, 0xd8, 0xf4, 0xf8, 0x00, 0xd8, 0xf4, 0xf8, 0x00,
    0xe0, 0xf4, 0xf8, 0x00, 0xd8, 0xf4, 0xf8, 0x00, 0xd8, 0xf4, 0xf8, 0x00,
    0xe0, 0xf4, 0xf8, 0x00, 0xd8, 0xf4, 0xf8, 0x00, 0xd8, 0xf4, 0xf8, 0x00,
    0xe0, 0xf4, 0xf8, 0x00, 0xd8, 0xf4, 0xf8, 0x00, 0xd8, 0xf4, 0xf8, 0x00,
    0xe0, 0xf4, 0xf8, 0x00, 0xd8, 0xf4, 0xf8, 0x00, 0xd8, 0xf4, 0xf8, 0x00,
    0xe0, 0xf4, 0xf8, 0x00, 0xd8, 0xf4, 0xf8, 0x00, 0xd8, 0xf4, 0xf8, 0x00,
    0xe0, 0xf4, 0xf8, 0x00, 0xd8, 0xf4, 0xf8, 0x00, 0xd8, 0xf4, 0xf8, 0x00,
    0xe0, 0xf4, 0xf8, 0x00, 0xd8, 0xf4, 0xf8, 0x00, 0xd8, 0xf4, 0xf8, 0x00,
    0xe0, 0xf4, 0xf8, 0x00, 0xd8, 0xf4, 0xf8, 0x00, 0xd8, 0xf4, 0xf8, 0x00,
    0xe0, 0xf4, 0xf8, 0x00, 0xd8, 0xf4, 0xf8, 0x00, 0xd8, 0xf4, 0xf8, 0x00,
    0xe0, 0xf4, 0xf8, 0x00, 0xd8, 0xf4, 0xf8, 0x00, 0xd8, 0xf4, 0xf8, 0x00,
    0xe0, 0xf4, 0xf8, 0x00, 0xd8, 0xf4, 0xf8, 0x00, 0xd8, 0xf4, 0xf8, 0x00,
    0xe0, 0xf4, 0xf8, 0x00, 0xd8, 0xf4, 0xf8, 0x00, 0xd8, 0xf4, 0xf8, 0x00,
    0xe0, 0xf4, 0xf8, 0x00, 0xd8, 0xf4, 0xf8, 0x00, 0xd8, 0xf4, 0xf8, 0x00,
    0xe0, 0xf4, 0xf8, 0x00, 0xd8, 0xf4, 0xf8, 0x00, 0xd8, 0xf4, 0xf8, 0x00,
    0xe0, 0xf4, 0xf8, 0x00, 0xd8, 0xf4, 0xf8, 0x00, 0xd8, 0xf4, 0xf8, 0x00,
    0xe0, 0xf4, 0xf8, 0x00, 0xd8, 0xf4, 0xf8, 0x00, 0xd8, 0xf4, 0xf8, 0x00,
    0xe0, 0xf4, 0xf8, 0x00, 0xd8, 0xf4, 0xf8, 0x00, 0xd8, 0xf4, 0xf8, 0x00,
    0xe0, 0xf4, 0xf8, 0x00, 0xd8, 0xf4, 0xf8, 0x00, 0xd8, 0xf4, 0xf8, 0x00,
    0xe0, 0xf4, 0xf8, 0x00, 0xd8, 0xf4, 0xf8, 0x00, 0xd8, 0xf4, 0xf8, 0x00,
    0xe0, 0xf4, 0xf8, 0x00, 0xd8, 0xf4, 0xf8, 0x00, 0xd8, 0xf4, 0xf8, 0x00,
    0xe0, 0xf4, 0xf8, 0x00, 0xd8, 0xf4, 0xf8, 0x00, 0xd8, 0xf4, 0xf8, 0x00,
    0xe0, 0xf4, 0xf8, 0x00, 0xd8, 0xf4, 0xf8, 0x00, 0xd8, 0xf4, 0xf8, 0x00,
    0xe0, 0xf4, 0xf8, 0x00, 0xd8, 0xf4, 0xf8, 0x00, 0xd8, 0xf4, 0xf8, 0x00,
    0xe0, 0xf4, 0xf8, 0x00, 0xd8, 0xf4, 0xf8, 0x00, 0xd8, 0xf4, 0xf8, 0x00,
    0xe0, 0xf4, 0xf8, 0x00, 0xd8, 0xf4, 0xf8, 0x00, 0xd8, 0xf4, 0xf8, 0x00,
    0xe0, 0xf4, 0xf8, 0x00, 0xd8, 0xf4, 0xf8, 0x00, 0xd8, 0xf4, 0xf8, 0x00,
    0xe0, 0xf4, 0xf8, 0x00, 0xd8, 0xf4, 0xf8, 0x00, 0xd8, 0xf4, 0xf8, 0x00,
    0xe0, 0xf4, 0xf8, 0x00, 0xd8, 0xf4, 0xf8, 0x00, 0xd8, 0xf4, 0xf8, 0x00,
    0xe0, 0xf4, 0xf8, 0x00, 0xd8, 0xf4, 0xf8, 0x00, 0xd8, 0xf4, 0xf8, 0x00,
    0xe0, 0xf4, 0xf8, 0x00, 0xd8, 0xf4, 0xf8, 0x00, 0xd8, 0xf4, 0xf8, 0x00,
    0xe0, 0xf4, 0xf8, 0x00, 0xd8, 0xf4, 0xf8, 0x00, 0xd8, 0xf4, 0xf8, 0x00,
    0xe0, 0xf4, 0xf8, 0x00, 0xd8, 0xf4, 0xf8, 0x00, 0xd8, 0xf4, 0xf8, 0x00,
    0xe0, 0xf4, 0xf8, 0x00, 0xd8, 0xf4, 0xf8, 0x00, 0xd8, 0xf4, 0xf8, 0x00,
    0xe0, 0xf4, 0xf8, 0x00, 0xd8, 0xf4, 0xf8, 0x00, 0xd8, 0xf4, 0xf8, 0x00,
    0xe0, 0xf4, 0xf8, 0x00, 0xd8, 0xf4, 0xf8, 0x00, 0xd8, 0xf4, 0xf8, 0x00,
    0xe0, 0xf4, 0xf8, 0x00, 0xd8, 0xf4, 0xf8, 0x00, 0xd8, 0xf4, 0xf8, 0x00,
    0xe0, 0xf4, 0xf8, 0x00, 0xd8, 0xf4, 0xf8, 0x00, 0xd8, 0xf4, 0xf8, 0x00,
    0xe0, 0xf4, 0xf8, 0x00, 0xd8, 0xf4, 0xf8, 0x00, 0xd8, 0xf4, 0xf8, 0x00,
    0xe0, 0xf4, 0xf8, 0x00, 0xd8, 0xf4, 0xf8, 0x00, 0xd8, 0xf4, 0xf8, 0x00,
    0xe0, 0xf4, 0xf8, 0x00, 0xd8, 0xf4, 0xf8, 0x00, 0xd8, 0xf4, 0xf8, 0x00,
    0xe0, 0xf4, 0xf8, 0x00, 0xd8, 0xf4, 0xf8, 0x00, 0xd8, 0xf4, 0xf8, 0x00,
    0xe0, 0xf4, 0xf8, 0x00, 0xd8, 0xf4, 0xf8, 0x00, 0xd8, 0xf4, 0xf8, 0x00,
    0xe0, 0xf4, 0xf8, 0x00, 0xd8, 0xf4, 0xf8, 0x00, 0xd8, 0xf4, 0xf8, 0x00,
    0xe0, 0xf4, 0xf8, 0x00, 0xd8, 0xf4, 0xf8, 0x00, 0xd8, 0xf4, 0xf8, 0x00,
    0xe0, 0xf4, 0xf8, 0x00, 0xd8, 0xf4, 0xf8, 0x00, 0xd8, 0xf4, 0xf8, 0x00,
    0xe0, 0xf4, 0xf8, 0x00, 0xd8, 0xf4, 0xf8, 0x00, 0xd8, 0xf4, 0xf8, 0x00,
    0xe0, 0xf4, 0xf8, 0x00, 0xd8, 0xf4, 0xf8, 0x00, 0xd8, 0xf4, 0xf8, 0x00,
    0xe0, 0xf4, 0xf8, 0x00, 0xd8, 0xf4, 0xf8, 0x00, 0xd8, 0xf4, 0xf8, 0x00,
    0xe0, 0xf4, 0xf8, 0x00, 0xd8, 0xf4, 0xf8, 0x00, 0xd8, 0xf4, 0xf8, 0x00,
    0xe0, 0xf4, 0xf8, 0x00, 0xd8, 0xf4, 0xf8, 0x00, 0xd8, 0xf4, 0xf8, 0x00,
    0xe0, 0xf4, 0xf8, 0x00, 0xd8, 0xf4, 0xf8, 0x00, 0xd8, 0xf4, 0xf8, 0x00,
    0xe0, 0xf4, 0xf8, 0x00, 0xd8, 0xf4, 0xf8, 0x00, 0xd8, 0xf4, 0xf8, 0x00,
    0xe0, 0xf4, 0xf8, 0x00, 0xd8, 0xf4, 0xf8, 0x00, 0xd8, 0xf4, 0xf8, 0x00,
    0xe0, 0xf4, 0xf8, 0x00, 0xd8, 0xf4, 0xf8, 0x00, 0xd8, 0xf4, 0xf8, 0x00,
    0xe0, 0xf4, 0xf8, 0x00, 0xd8, 0xf4, 0xf8, 0x00, 0xd8, 0xf4, 0xf8, 0x00,
    0xe0, 0xf4, 0xf8, 0x00, 0xd8, 0xf4, 0xf8, 0x00, 0xd8, 0xf4, 0xf8, 0x00,
    0xe0, 0xf4, 0xf8, 0x00, 0xd8, 0xf4, 0xf8, 0x00, 0xd8, 0xf4, 0xf8, 0x00,
    0xe0, 0xf4, 0xf8, 0x00, 0xd8, 0xf4, 0xf8, 0x00, 0xd8, 0xf4, 0xf8, 0x00,
    0xe0, 0xf4, 0xf8, 0x00, 0xd8, 0xf4, 0xf8, 0x00, 0xd8, 0xf4, 0xf8, 0x00,
    0xe0, 0xf4, 0xf8, 0x00, 0xd8, 0xf4, 0xf8, 0x00, 0xd8, 0xf4, 0xf8, 0x00,
    0xe0, 0xf4, 0xf8, 0x00, 0xd8, 0xf4, 0xf8, 0x00, 0xd8, 0xf4, 0xf8, 0x00,
    0xe0, 0xf4, 0xf8, 0x00, 0xd8, 0xf4, 0xf8, 0x00, 0xd8, 0xf4, 0xf8, 0x00,
    0xe0, 0xf4, 0xf8, 0x00, 0xd8, 0xf4, 0xf8, 0x00, 0xd8, 0xf4, 0xf8, 0x00,
    0xe0, 0xf4, 0xf8, 0x00, 0xd8, 0xf4, 0xf8, 0x00, 0xd8, 0xf4, 0xf8, 0x00,
    0xe0, 0xf4, 0xf8, 0x00, 0xd8, 0xf4, 0xf8, 0x00, 0xd8, 0xf4, 0xf8, 0x00,
    0xe0, 0xf4, 0xf8, 0x00, 0xd8, 0xf4, 0xf8, 0x00, 0xd8, 0xf4, 0xf8, 0x00,
    0xe0, 0xf4, 0xf8, 0x00, 0xd8, 0xf4, 0xf8, 0x00, 0xd8, 0xf4, 0xf8, 0x00,
    0xe0, 0xf4, 0xf8, 0x00, 0xd8, 0xf4, 0xf8, 0x00, 0xd8, 0xf4, 0xf8, 0x00,
    0xe0, 0xf4, 0xf8, 0x00, 0xd8, 0xf4, 0xf8, 0x00, 0xd8, 0xf4, 0xf8, 0x00,
    0xe0, 0xf4, 0xf8, 0x00, 0xd8, 0xf4, 0xf8, 0x00, 0xd8, 0xf4, 0xf8, 0x00,
    0xe0, 0xf4, 0xf8, 0x00, 0xd8, 0xf4, 0xf8, 0x00, 0xd8, 0xf4, 0xf8, 0x00,
    0xe0, 0xf4, 0xf8, 0x00, 0xd8, 0xf4, 0xf8, 0x00, 0xd8, 0xf4, 0xf8, 0x00,
    0xe0, 0xf4, 0xf8, 0x00, 0xd8, 0xf4, 0xf8, 0x00, 0xd8, 0xf4, 0xf8, 0x00,
    0xe0, 0xf4, 0xf8, 0x00, 0xd8, 0xf4, 0xf8, 0x00, 0xd8, 0xf4, 0xf8, 0x00,
    0xe0, 0xf4, 0xf8, 0x00, 0xd8, 0xf4, 0xf8, 0x00, 0xd8, 0xf4, 0xf8, 0x00,
    0xe0, 0xf4, 0xf8, 0x00, 0xd8, 0xf4, 0xf8, 0x00, 0xd8, 0xf4, 0xf8, 0x00,
    0xe0, 0xf4, 0xf8, 0x00, 0xd8, 0xf4, 0xf8, 0x00, 0xd8, 0xf4, 0xf8, 0x00,
    0xe0, 0xf4, 0xf8, 0x00, 0xd8, 0xf4, 0xf8, 0x00, 0xd8, 0xf4, 0xf8, 0x00,
    0xe0, 0xf4, 0xf8, 0x00, 0xd8, 0xf4, 0xf8, 0x00, 0xd8, 0xf4, 0xf8, 0x00,
    0xe0, 0xf4, 0xf8, 0x00, 0xd8, 0xf4, 0xf8, 0x00, 0xd8, 0xf4, 0xf8, 0x00,
    0xe0, 0xf4, 0xf8, 0x00, 0xd8, 0xf4, 0xf8, 0x00, 0xd8, 0xf4, 0xf8, 0x00,
    0xe0, 0xf4, 0xf8, 0x00, 0xd8, 0xf4, 0xf8, 0x00, 0xd8, 0xf4, 0xf8, 0x00,
    0xe0, 0xf4, 0xf8, 0x00, 0xd8, 0xf4, 0xf8, 0x00, 0xd8, 0xf4, 0xf8, 0x00,
    0xe0, 0xf4, 0xf8, 0x00, 0xd8, 0xf4, 0xf8, 0x00, 0xd8, 0xf8, 0xf8, 0x04,
    0xd8, 0xf4, 0xf8, 0x59, 0xd8, 0xf4, 0xf8, 0x00, 0xd8, 0xf4, 0xf8, 0x55,
    0xd8, 0xf8, 0xf8, 0x59, 0xd8, 0xf4, 0xf8, 0x04, 0xd8, 0xf4, 0xf8, 0x00,
    0xd8, 0xf8, 0xf8, 0x00, 0xd8, 0xf4, 0xf8, 0x00, 0xd8, 0xf8, 0xf8, 0x00,
    0xd8, 0xf4, 0xf8, 0x00, 0xd8, 0xf4, 0xf8, 0x00, 0xd8, 0xf8, 0xf8, 0x00,
    0xd8, 0xf8, 0xf8, 0x00, 0xd8, 0xf4, 0xf8, 0x00, 0xd8, 0xf4, 0xf8, 0x00,
    0xd8, 0xf8, 0xf8, 0x00, 0xd8, 0xf8, 0xf8, 0x00, 0xd8, 0xf4, 0xf8, 0x00,
    0xd8, 0xf4, 0xf8, 0x00, 0xd8, 0xf8, 0xf8, 0x00, 0xd8, 0xf8, 0xf8, 0x00,
    0xd8, 0xf4, 0xf8, 0x00, 0xd8, 0xf4, 0xf8, 0x00, 0xd8, 0xf8, 0xf8, 0x00,
    0xd8, 0xf8, 0xf8, 0x00, 0xd8, 0xf4, 0xf8, 0x00, 0xd8, 0xf4, 0xf8, 0x00,
    0xd8, 0xf8, 0xf8, 0x00, 0xd8, 0xf8, 0xf8, 0x00, 0xd8, 0xf4, 0xf8, 0x00,
    0xd8, 0xf4, 0xf8, 0x00, 0xd8, 0xf8, 0xf8, 0x00, 0xd8, 0xf8, 0xf8, 0x00,
    0xd8, 0xf4, 0xf8, 0x00, 0xd8, 0xf4, 0xf8, 0x00, 0xd8, 0xf8, 0xf8, 0x00,
    0xd8, 0xf8, 0xf8, 0x00, 0xd8, 0xf4, 0xf8, 0x00, 0xd8, 0xf4, 0xf8, 0x00,
    0xd8, 0xf8, 0xf8, 0x00, 0xd8, 0xf8, 0xf8, 0x00, 0xd8, 0xf4, 0xf8, 0x00,
    0xd8, 0xf4, 0xf8, 0x00, 0xd8, 0xf8, 0xf8, 0x00, 0xd8, 0xf8, 0xf8, 0x00,
    0xd8, 0xf4, 0xf8, 0x00, 0xd8, 0xf4, 0xf8, 0x00, 0xd8, 0xf8, 0xf8, 0x00,
    0xd8, 0xf8, 0xf8, 0x00, 0xd8, 0xf4, 0xf8, 0x00, 0xd8, 0xf4, 0xf8, 0x00,
    0xd8, 0xf8, 0xf8, 0x00, 0xd8, 0xf8, 0xf8, 0x00, 0xd8, 0xf4, 0xf8, 0x00,
    0xd8, 0xf4, 0xf8, 0x00, 0xd8, 0xf8, 0xf8, 0x00, 0xd8, 0xf8, 0xf8, 0x00,
    0xd8, 0xf4, 0xf8, 0x00, 0xd8, 0xf4, 0xf8, 0x00, 0xd8, 0xf8, 0xf8, 0x00,
    0xd8, 0xf8, 0xf8, 0x00, 0xd8, 0xf4, 0xf8, 0x00, 0xd8, 0xf4, 0xf8, 0x00,
    0xd8, 0xf8, 0xf8, 0x00, 0xd8, 0xf8, 0xf8, 0x00, 0xd8, 0xf4, 0xf8, 0x00,
    0xd8, 0xf4, 0xf8, 0x00, 0xd8, 0xf8, 0xf8, 0x00, 0xd8, 0xf8, 0xf8, 0x00,
    0xd8, 0xf4, 0xf8, 0x00, 0xd8, 0xf4, 0xf8, 0x00, 0xd8, 0xf8, 0xf8, 0x00,
    0xd8, 0xf8, 0xf8, 0x00, 0xd8, 0xf4, 0xf8, 0x00, 0xd8, 0xf4, 0xf8, 0x00,
    0xd8, 0xf8, 0xf8, 0x00, 0xd8, 0xf8, 0xf8, 0x00, 0xd8, 0xf4, 0xf8, 0x00,
    0xd8, 0xf4, 0xf8, 0x00, 0xd8, 0xf8, 0xf8, 0x00, 0xd8, 0xf8, 0xf8, 0x00,
    0xd8, 0xf4, 0xf8, 0x00, 0xd8, 0xf4, 0xf8, 0x00, 0xd8, 0xf8, 0xf8, 0x00,
    0xd8, 0xf8, 0xf8, 0x00, 0xd8, 0xf4, 0xf8, 0x00, 0xd8, 0xf4, 0xf8, 0x00,
    0xd8, 0xf8, 0xf8, 0x00, 0xd8, 0xf8, 0xf8, 0x00, 0xd8, 0xf4, 0xf8, 0x00,
    0xd8, 0xf4, 0xf8, 0x00, 0xd8, 0xf8, 0xf8, 0x00, 0xd8, 0xf8, 0xf8, 0x00,
    0xd8, 0xf4, 0xf8, 0x00, 0xd8, 0xf4, 0xf8, 0x00, 0xd8, 0xf8, 0xf8, 0x00,
    0xd8, 0xf8, 0xf8, 0x00, 0xd8, 0xf4, 0xf8, 0x00, 0xd8, 0xf4, 0xf8, 0x00,
    0xd8, 0xf8, 0xf8, 0x00, 0xd8, 0xf8, 0xf8, 0x00, 0xd8, 0xf4, 0xf8, 0x00,
    0xd8, 0xf4, 0xf8, 0x00, 0xd8, 0xf8, 0xf8, 0x00, 0xd8, 0xf8, 0xf8, 0x00,
    0xd8, 0xf4, 0xf8, 0x00, 0xd8, 0xf4, 0xf8, 0x00, 0xd8, 0xf8, 0xf8, 0x00,
    0xd8, 0xf8, 0xf8, 0x00, 0xd8, 0xf4, 0xf8, 0x00, 0xd8, 0xf4, 0xf8, 0x00,
    0xd8, 0xf8, 0xf8, 0x00, 0xd8, 0xf8, 0xf8, 0x00, 0xd8, 0xf4, 0xf8, 0x00,
    0xd8, 0xf4, 0xf8, 0x00, 0xd8, 0xf8, 0xf8, 0x00, 0xd8, 0xf8, 0xf8, 0x00,
    0xd8, 0xf4, 0xf8, 0x00, 0xd8, 0xf4, 0xf8, 0x00, 0xd8, 0xf8, 0xf8, 0x00,
    0xd8, 0xf8, 0xf8, 0x00, 0xd8, 0xf4, 0xf8, 0x00, 0xd8, 0xf4, 0xf8, 0x00,
    0xd8, 0xf8, 0xf8, 0x00, 0xd8, 0xf8, 0xf8, 0x00, 0xd8, 0xf4, 0xf8, 0x00,
    0xd8, 0xf4, 0xf8, 0x00, 0xd8, 0xf8, 0xf8, 0x00, 0xd8, 0xf8, 0xf8, 0x00,
    0xd8, 0xf4, 0xf8, 0x00, 0xd8, 0xf4, 0xf8, 0x00, 0xd8, 0xf8, 0xf8, 0x00,
    0xd8, 0xf8, 0xf8, 0x00, 0xd8, 0xf4, 0xf8, 0x00, 0xd8, 0xf4, 0xf8, 0x00,
    0xd8, 0xf8, 0xf8, 0x00, 0xd8, 0xf8, 0xf8, 0x00, 0xd8, 0xf4, 0xf8, 0x00,
    0xd8, 0xf4, 0xf8, 0x00, 0xd8, 0xf8, 0xf8, 0x00, 0xd8, 0xf8, 0xf8, 0x00,
    0xd8, 0xf4, 0xf8, 0x00, 0xd8, 0xf4, 0xf8, 0x00, 0xd8, 0xf8, 0xf8, 0x00,
    0xd8, 0xf8, 0xf8, 0x00, 0xd8, 0xf4, 0xf8, 0x00, 0xd8, 0xf4, 0xf8, 0x00,
    0xd8, 0xf8, 0xf8, 0x00, 0xd8, 0xf8, 0xf8, 0x00, 0xd8, 0xf4, 0xf8, 0x00,
    0xd8, 0xf4, 0xf8, 0x00, 0xd8, 0xf8, 0xf8, 0x00, 0xd8, 0xf8, 0xf8, 0x00,
    0xd8, 0xf4, 0xf8, 0x00, 0xd8, 0xf4, 0xf8, 0x00, 0xd8, 0xf8, 0xf8, 0x00,
    0xd8, 0xf8, 0xf8, 0x00, 0xd8, 0xf4, 0xf8, 0x00, 0xd8, 0xf4, 0xf8, 0x00,
    0xd8, 0xf8, 0xf8, 0x00, 0xd8, 0xf8, 0xf8, 0x00, 0xd8, 0xf4, 0xf8, 0x00,
    0xd8, 0xf4, 0xf8, 0x00, 0xd8, 0xf8, 0xf8, 0x00, 0xd8, 0xf8, 0xf8, 0x00,
    0xd8, 0xf4, 0xf8, 0x00, 0xd8, 0xf4, 0xf8, 0x00, 0xd8, 0xf8, 0xf8, 0x00,
    0xd8, 0xf8, 0xf8, 0x00, 0xd8, 0xf4, 0xf8, 0x00, 0xd8, 0xf4, 0xf8, 0x00,
    0xd8, 0xf8, 0xf8, 0x00, 0xd8, 0xf8, 0xf8, 0x00, 0xd8, 0xf4, 0xf8, 0x00,
    0xd8, 0xf4, 0xf8, 0x00, 0xd8, 0xf8, 0xf8, 0x00, 0xd8, 0xf8, 0xf8, 0x00,
    0xd8, 0xf4, 0xf8, 0x00, 0xd8, 0xf4, 0xf8, 0x00, 0xd8, 0xf8, 0xf8, 0x00,
    0xd8, 0xf8, 0xf8, 0x00, 0xd8, 0xf4, 0xf8, 0x00, 0xd8, 0xf4, 0xf8, 0x00,
    0xd8, 0xf8, 0xf8, 0x00, 0xd8, 0xf8, 0xf8, 0x00, 0xd8, 0xf4, 0xf8, 0x00,
    0xd8, 0xf4, 0xf8, 0x00, 0xd8, 0xf8, 0xf8, 0x00, 0xd8, 0xf8, 0xf8, 0x00,
    0xd8, 0xf4, 0xf8, 0x00, 0xd8, 0xf4, 0xf8, 0x00, 0xd8, 0xf8, 0xf8, 0x00,
    0xd8, 0xf8, 0xf8, 0x00, 0xd8, 0xf4, 0xf8, 0x00, 0xd8, 0xf4, 0xf8, 0x00,
    0xd8, 0xf8, 0xf8, 0x00, 0xd8, 0xf8, 0xf8, 0x00, 0xd8, 0xf4, 0xf8, 0x00,
    0xd8, 0xf4, 0xf8, 0x00, 0xd8, 0xf8, 0xf8, 0x00, 0xd8, 0xf8, 0xf8, 0x00,
    0xd8, 0xf4, 0xf8, 0x00, 0xd8, 0xf4, 0xf8, 0x00, 0xd8, 0xf8, 0xf8, 0x00,
    0xd8, 0xf8, 0xf8, 0x00, 0xd8, 0xf4, 0xf8, 0x00, 0xd8, 0xf4, 0xf8, 0x00,
    0xd8, 0xf8, 0xf8, 0x00, 0xd8, 0xf8, 0xf8, 0x00, 0xd8, 0xf4, 0xf8, 0x00,
    0xd8, 0xf4, 0xf8, 0x00, 0xd8, 0xf8, 0xf8, 0x00, 0xd8, 0xf8, 0xf8, 0x00,
    0xd8, 0xf4, 0xf8, 0x00, 0xd8, 0xf4, 0xf8, 0x00, 0xd8, 0xf8, 0xf8, 0x00,
    0xd8, 0xf8, 0xf8, 0x00, 0xd8, 0xf4, 0xf8, 0x00, 0xd8, 0xf4, 0xf8, 0x00,
    0xd8, 0xf8, 0xf8, 0x00, 0xd8, 0xf8, 0xf8, 0x00, 0xd8, 0xf4, 0xf8, 0x00,
    0xd8, 0xf4, 0xf8, 0x00, 0xd8, 0xf8, 0xf8, 0x00, 0xd8, 0xf8, 0xf8, 0x00,
    0xd8, 0xf4, 0xf8, 0x00, 0xd8, 0xf4, 0xf8, 0x00, 0xd8, 0xf8, 0xf8, 0x00,
    0xd8, 0xf8, 0xf8, 0x00, 0xd8, 0xf4, 0xf8, 0x00, 0xd8, 0xf4, 0xf8, 0x00,
    0xd8, 0xf8, 0xf8, 0x00, 0xd8, 0xf8, 0xf8, 0x00, 0xd8, 0xf4, 0xf8, 0x00,
    0xd8, 0xf4, 0xf8, 0x00, 0xd8, 0xf8, 0xf8, 0x00, 0xd8, 0xf8, 0xf8, 0x00,
    0xd8, 0xf4, 0xf8, 0x00, 0xd8, 0xf4, 0xf8, 0x00, 0xd8, 0xf8, 0xf8, 0x00,
    0xd8, 0xf8, 0xf8, 0x00, 0xd8, 0xf4, 0xf8, 0x00, 0xd8, 0xf4, 0xf8, 0x00,
    0xd8, 0xf8, 0xf8, 0x00, 0xd8, 0xf8, 0xf8, 0x00, 0xd8, 0xf4, 0xf8, 0x00,
    0xd8, 0xf4, 0xf8, 0x00, 0xd8, 0xf8, 0xf8, 0x00, 0xd8, 0xf8, 0xf8, 0x00,
    0xd8, 0xf4, 0xf8, 0x00, 0xd8, 0xf4, 0xf8, 0x00, 0xd8, 0xf8, 0xf8, 0x00,
    0xd8, 0xf8, 0xf8, 0x00, 0xd8, 0xf4, 0xf8, 0x00, 0xd8, 0xf4, 0xf8, 0x00,
    0xd8, 0xf8, 0xf8, 0x00, 0xd8, 0xf8, 0xf8, 0x00, 0xd8, 0xf4, 0xf8, 0x00,
    0xd8, 0xf4, 0xf8, 0x00, 0xd8, 0xf8, 0xf8, 0x00, 0xd8, 0xf8, 0xf8, 0x00,
    0xd8, 0xf4, 0xf8, 0x00, 0xd8, 0xf4, 0xf8, 0x00, 0xd8, 0xf8, 0xf8, 0x00,
    0xd8, 0xf8, 0xf8, 0x00, 0xd8, 0xf4, 0xf8, 0x00, 0xd8, 0xf4, 0xf8, 0x00,
    0xd8, 0xf8, 0xf8, 0x00, 0xd8, 0xf8, 0xf8, 0x00, 0xd8, 0xf4, 0xf8, 0x00,
    0xd8, 0xf4, 0xf8, 0x00, 0xd8, 0xf8, 0xf8, 0x00, 0xd8, 0xf8, 0xf8, 0x00,
    0xd8, 0xf4, 0xf8, 0x00, 0xd8, 0xf4, 0xf8, 0x00, 0xd8, 0xf8, 0xf8, 0x00,
    0xd8, 0xf8, 0xf8, 0x00, 0xd8, 0xf4, 0xf8, 0x00, 0xd8, 0xf4, 0xf8, 0x00,
    0xd8, 0xf8, 0xf8, 0x00, 0xd8, 0xf8, 0xf8, 0x00, 0xd8, 0xf4, 0xf8, 0x00,
    0xd8, 0xf4, 0xf8, 0x00, 0xd8, 0xf8, 0xf8, 0x00, 0xd8, 0xf8, 0xf8, 0x00,
    0xd8, 0xf4, 0xf8, 0x00, 0xd8, 0xf4, 0xf8, 0x00, 0xd8, 0xf8, 0xf8, 0x00,
    0xd8, 0xf4, 0xf8, 0x00, 0xd8, 0xf4, 0xf8, 0x04, 0xd8, 0xf4, 0xf8, 0x59,
    0xd8, 0xf4, 0xf8, 0x00, 0xd8, 0xf4, 0xf8, 0x55, 0xd8, 0xf4, 0xf8, 0x59,
    0xd8, 0xf4, 0xf8, 0x04, 0xd8, 0xf8, 0xf8, 0x00, 0xd8, 0xf4, 0xf8, 0x00,
    0xd8, 0xf4, 0xf8, 0x00, 0xd8, 0xf8, 0xf8, 0x00, 0xd8, 0xf4, 0xf8, 0x00,
    0xd8, 0xf4, 0xf8, 0x00, 0xd8, 0xf4, 0xf8, 0x00, 0xd8, 0xf4, 0xf8, 0x00,
    0xd8, 0xf8, 0xf8, 0x00, 0xd8, 0xf4, 0xf8, 0x00, 0xd8, 0xf4, 0xf8, 0x00,
    0xd8, 0xf4, 0xf8, 0x00, 0xd8, 0xf4, 0xf8, 0x00, 0xd8, 0xf4, 0xf8, 0x00,
    0xd8, 0xf4, 0xf8, 0x00, 0xd8, 0xf4, 0xf8, 0x00, 0xd8, 0xf8, 0xf8, 0x00,
    0xd8, 0xf4, 0xf8, 0x00, 0xd8, 0xf4, 0xf8, 0x00, 0xd8, 0xf4, 0xf8, 0x00,
    0xd8, 0xf4, 0xf8, 0x00, 0xd8, 0xf4, 0xf8, 0x00, 0xd8, 0xf4, 0xf8, 0x00,
    0xd8, 0xf4, 0xf8, 0x00, 0xd8, 0xf8, 0xf8, 0x00, 0xd8, 0xf4, 0xf8, 0x00,
    0xd8, 0xf4, 0xf8, 0x00, 0xd8, 0xf4, 0xf8, 0x00, 0xd8, 0xf4, 0xf8, 0x00,
    0xd8, 0xf4, 0xf8, 0x00, 0xd8, 0xf4, 0xf8, 0x00, 0xd8, 0xf4, 0xf8, 0x00,
    0xd8, 0xf8, 0xf8, 0x00, 0xd8, 0xf4, 0xf8, 0x00, 0xd8, 0xf4, 0xf8, 0x00,
    0xd8, 0xf4, 0xf8, 0x00, 0xd8, 0xf4, 0xf8, 0x00, 0xd8, 0xf4, 0xf8, 0x00,
    0xd8, 0xf4, 0xf8, 0x00, 0xd8, 0xf4, 0xf8, 0x00, 0xd8, 0xf8, 0xf8, 0x00,
    0xd8, 0xf4, 0xf8, 0x00, 0xd8, 0xf4, 0xf8, 0x00, 0xd8, 0xf4, 0xf8, 0x00,
    0xd8, 0xf4, 0xf8, 0x00, 0xd8, 0xf4, 0xf8, 0x00, 0xd8, 0xf4, 0xf8, 0x00,
    0xd8, 0xf4, 0xf8, 0x00, 0xd8, 0xf8, 0xf8, 0x00, 0xd8, 0xf4, 0xf8, 0x00,
    0xd8, 0xf4, 0xf8, 0x00, 0xd8, 0xf4, 0xf8, 0x00, 0xd8, 0xf4, 0xf8, 0x00,
    0xd8, 0xf4, 0xf8, 0x00, 0xd8, 0xf4, 0xf8, 0x00, 0xd8, 0xf4, 0xf8, 0x00,
    0xd8, 0xf8, 0xf8, 0x00, 0xd8, 0xf4, 0xf8, 0x00, 0xd8, 0xf4, 0xf8, 0x00,
    0xd8, 0xf4, 0xf8, 0x00, 0xd8, 0xf4, 0xf8, 0x00, 0xd8, 0xf4, 0xf8, 0x00,
    0xd8, 0xf4, 0xf8, 0x00, 0xd8, 0xf4, 0xf8, 0x00, 0xd8, 0xf8, 0xf8, 0x00,
    0xd8, 0xf4, 0xf8, 0x00, 0xd8, 0xf4, 0xf8, 0x00, 0xd8, 0xf4, 0xf8, 0x00,
    0xd8, 0xf4, 0xf8, 0x00, 0xd8, 0xf4, 0xf8, 0x00, 0xd8, 0xf4, 0xf8, 0x00,
    0xd8, 0xf4, 0xf8, 0x00, 0xd8, 0xf8, 0xf8, 0x00, 0xd8, 0xf4, 0xf8, 0x00,
    0xd8, 0xf4, 0xf8, 0x00, 0xd8, 0xf4, 0xf8, 0x00, 0xd8, 0xf4, 0xf8, 0x00,
    0xd8, 0xf4, 0xf8, 0x00, 0xd8, 0xf4, 0xf8, 0x00, 0xd8, 0xf4, 0xf8, 0x00,
    0xd8, 0xf8, 0xf8, 0x00, 0xd8, 0xf4, 0xf8, 0x00, 0xd8, 0xf4, 0xf8, 0x00,
    0xd8, 0xf4, 0xf8, 0x00, 0xd8, 0xf4, 0xf8, 0x00, 0xd8, 0xf4, 0xf8, 0x00,
    0xd8, 0xf4, 0xf8, 0x00, 0xd8, 0xf4, 0xf8, 0x00, 0xd8, 0xf8, 0xf8, 0x00,
    0xd8, 0xf4, 0xf8, 0x00, 0xd8, 0xf4, 0xf8, 0x00, 0xd8, 0xf4, 0xf8, 0x00,
    0xd8, 0xf4, 0xf8, 0x00, 0xd8, 0xf4, 0xf8, 0x00, 0xd8, 0xf4, 0xf8, 0x00,
    0xd8, 0xf4, 0xf8, 0x00, 0xd8, 0xf8, 0xf8, 0x00, 0xd8, 0xf4, 0xf8, 0x00,
    0xd8, 0xf4, 0xf8, 0x00, 0xd8, 0xf4, 0xf8, 0x00, 0xd8, 0xf4, 0xf8, 0x00,
    0xd8, 0xf4, 0xf8, 0x00, 0xd8, 0xf4, 0xf8, 0x00, 0xd8, 0xf4, 0xf8, 0x00,
    0xd8, 0xf8, 0xf8, 0x00, 0xd8, 0xf4, 0xf8, 0x00, 0xd8, 0xf4, 0xf8, 0x00,
    0xd8, 0xf4, 0xf8, 0x00, 0xd8, 0xf4, 0xf8, 0x00, 0xd8, 0xf4, 0xf8, 0x00,
    0xd8, 0xf4, 0xf8, 0x00, 0xd8, 0xf4, 0xf8, 0x00, 0xd8, 0xf8, 0xf8, 0x00,
    0xd8, 0xf4, 0xf8, 0x00, 0xd8, 0xf4, 0xf8, 0x00, 0xd8, 0xf4, 0xf8, 0x00,
    0xd8, 0xf4, 0xf8, 0x00, 0xd8, 0xf4, 0xf8, 0x00, 0xd8, 0xf4, 0xf8, 0x00,
    0xd8, 0xf4, 0xf8, 0x00, 0xd8, 0xf8, 0xf8, 0x00, 0xd8, 0xf4, 0xf8, 0x00,
    0xd8, 0xf4, 0xf8, 0x00, 0xd8, 0xf4, 0xf8, 0x00, 0xd8, 0xf4, 0xf8, 0x00,
    0xd8, 0xf4, 0xf8, 0x00, 0xd8, 0xf4, 0xf8, 0x00, 0xd8, 0xf4, 0xf8, 0x00,
    0xd8, 0xf8, 0xf8, 0x00, 0xd8, 0xf4, 0xf8, 0x00, 0xd8, 0xf4, 0xf8, 0x00,
    0xd8, 0xf4, 0xf8, 0x00, 0xd8, 0xf4, 0xf8, 0x00, 0xd8, 0xf4, 0xf8, 0x00,
    0xd8, 0xf4, 0xf8, 0x00, 0xd8, 0xf4, 0xf8, 0x00, 0xd8, 0xf8, 0xf8, 0x00,
    0xd8, 0xf4, 0xf8, 0x00, 0xd8, 0xf4, 0xf8, 0x00, 0xd8, 0xf4, 0xf8, 0x00,
    0xd8, 0xf4, 0xf8, 0x00, 0xd8, 0xf4, 0xf8, 0x00, 0xd8, 0xf4, 0xf8, 0x00,
    0xd8, 0xf4, 0xf8, 0x00, 0xd8, 0xf8, 0xf8, 0x00, 0xd8, 0xf4, 0xf8, 0x00,
    0xd8, 0xf4, 0xf8, 0x00, 0xd8, 0xf4, 0xf8, 0x00, 0xd8, 0xf4, 0xf8, 0x00,
    0xd8, 0xf4, 0xf8, 0x00, 0xd8, 0xf4, 0xf8, 0x00, 0xd8, 0xf4, 0xf8, 0x00,
    0xd8, 0xf8, 0xf8, 0x00, 0xd8, 0xf4, 0xf8, 0x00, 0xd8, 0xf4, 0xf8, 0x00,
    0xd8, 0xf4, 0xf8, 0x00, 0xd8, 0xf4, 0xf8, 0x00, 0xd8, 0xf4, 0xf8, 0x00,
    0xd8, 0xf4, 0xf8, 0x00, 0xd8, 0xf4, 0xf8, 0x00, 0xd8, 0xf8, 0xf8, 0x00,
    0xd8, 0xf4, 0xf8, 0x00, 0xd8, 0xf4, 0xf8, 0x00, 0xd8, 0xf4, 0xf8, 0x00,
    0xd8, 0xf4, 0xf8, 0x00, 0xd8, 0xf4, 0xf8, 0x00, 0xd8, 0xf4, 0xf8, 0x00,
    0xd8, 0xf4, 0xf8, 0x00, 0xd8, 0xf8, 0xf8, 0x00, 0xd8, 0xf4, 0xf8, 0x00,
    0xd8, 0xf4, 0xf8, 0x00, 0xd8, 0xf4, 0xf8, 0x00, 0xd8, 0xf4, 0xf8, 0x00,
    0xd8, 0xf4, 0xf8, 0x00, 0xd8, 0xf4, 0xf8, 0x00, 0xd8, 0xf4, 0xf8, 0x00,
    0xd8, 0xf8, 0xf8, 0x00, 0xd8, 0xf4, 0xf8, 0x00, 0xd8, 0xf4, 0xf8, 0x00,
    0xd8, 0xf4, 0xf8, 0x00, 0xd8, 0xf4, 0xf8, 0x00, 0xd8, 0xf4, 0xf8, 0x00,
    0xd8, 0xf4, 0xf8, 0x00, 0xd8, 0xf4, 0xf8, 0x00, 0xd8, 0xf8, 0xf8, 0x00,
    0xd8, 0xf4, 0xf8, 0x00, 0xd8, 0xf4, 0xf8, 0x00, 0xd8, 0xf4, 0xf8, 0x00,
    0xd8, 0xf4, 0xf8, 0x00, 0xd8, 0xf4, 0xf8, 0x00, 0xd8, 0xf4, 0xf8, 0x00,
    0xd8, 0xf4, 0xf8, 0x00, 0xd8, 0xf8, 0xf8, 0x00, 0xd8, 0xf4, 0xf8, 0x00,
    0xd8, 0xf4, 0xf8, 0x00, 0xd8, 0xf4, 0xf8, 0x00, 0xd8, 0xf4, 0xf8, 0x00,
    0xd8, 0xf4, 0xf8, 0x00, 0xd8, 0xf4, 0xf8, 0x00, 0xd8, 0xf4, 0xf8, 0x00,
    0xd8, 0xf8, 0xf8, 0x00, 0xd8, 0xf4, 0xf8, 0x00, 0xd8, 0xf4, 0xf8, 0x00,
    0xd8, 0xf4, 0xf8, 0x00, 0xd8, 0xf4, 0xf8, 0x00, 0xd8, 0xf4, 0xf8, 0x00,
    0xd8, 0xf4, 0xf8, 0x00, 0xd8, 0xf4, 0xf8, 0x00, 0xd8, 0xf8, 0xf8, 0x00,
    0xd8, 0xf4, 0xf8, 0x00, 0xd8, 0xf4, 0xf8, 0x00, 0xd8, 0xf4, 0xf8, 0x00,
    0xd8, 0xf4, 0xf8, 0x00, 0xd8, 0xf4, 0xf8, 0x00, 0xd8, 0xf4, 0xf8, 0x00,
    0xd8, 0xf4, 0xf8, 0x00, 0xd8, 0xf8, 0xf8, 0x00, 0xd8, 0xf4, 0xf8, 0x00,
    0xd8, 0xf4, 0xf8, 0x00, 0xd8, 0xf4, 0xf8, 0x00, 0xd8, 0xf4, 0xf8, 0x00,
    0xd8, 0xf4, 0xf8, 0x00, 0xd8, 0xf4, 0xf8, 0x00, 0xd8, 0xf4, 0xf8, 0x00,
    0xd8, 0xf8, 0xf8, 0x00, 0xd8, 0xf4, 0xf8, 0x00, 0xd8, 0xf4, 0xf8, 0x00,
    0xd8, 0xf4, 0xf8, 0x00, 0xd8, 0xf4, 0xf8, 0x00, 0xd8, 0xf4, 0xf8, 0x00,
    0xd8, 0xf4, 0xf8, 0x00, 0xd8, 0xf4, 0xf8, 0x00, 0xd8, 0xf8, 0xf8, 0x00,
    0xd8, 0xf4, 0xf8, 0x00, 0xd8, 0xf4, 0xf8, 0x00, 0xd8, 0xf4, 0xf8, 0x00,
    0xd8, 0xf4, 0xf8, 0x00, 0xd8, 0xf4, 0xf8, 0x00, 0xd8, 0xf4, 0xf8, 0x00,
    0xd8, 0xf4, 0xf8, 0x00, 0xd8, 0xf8, 0xf8, 0x00, 0xd8, 0xf4, 0xf8, 0x00,
    0xd8, 0xf4, 0xf8, 0x00, 0xd8, 0xf4, 0xf8, 0x00, 0xd8, 0xf4, 0xf8, 0x00,
    0xd8, 0xf4, 0xf8, 0x00, 0xd8, 0xf4, 0xf8, 0x00, 0xd8, 0xf4, 0xf8, 0x00,
    0xd8, 0xf8, 0xf8, 0x00, 0xd8, 0xf4, 0xf8, 0x00, 0xd8, 0xf4, 0xf8, 0x00,
    0xd8, 0xf4, 0xf8, 0x00, 0xd8, 0xf4, 0xf8, 0x00, 0xd8, 0xf4, 0xf8, 0x00,
    0xd8, 0xf4, 0xf8, 0x00, 0xd8, 0xf4, 0xf8, 0x00, 0xd8, 0xf8, 0xf8, 0x00,
    0xd8, 0xf4, 0xf8, 0x00, 0xd8, 0xf4, 0xf8, 0x00, 0xd8, 0xf4, 0xf8, 0x00,
    0xd8, 0xf4, 0xf8, 0x00, 0xd8, 0xf4, 0xf8, 0x00, 0xd8, 0xf4, 0xf8, 0x00,
    0xd8, 0xf4, 0xf8, 0x00, 0xd8, 0xf8, 0xf8, 0x00, 0xd8, 0xf4, 0xf8, 0x00,
    0xd8, 0xf4, 0xf8, 0x00, 0xd8, 0xf4, 0xf8, 0x00, 0xd8, 0xf4, 0xf8, 0x00,
    0xd8, 0xf4, 0xf8, 0x00, 0xd8, 0xf4, 0xf8, 0x00, 0xd8, 0xf4, 0xf8, 0x00,
    0xd8, 0xf8, 0xf8, 0x00, 0xd8, 0xf4, 0xf8, 0x00, 0xd8, 0xf4, 0xf8, 0x00,
    0xd8, 0xf4, 0xf8, 0x00, 0xd8, 0xf4, 0xf8, 0x00, 0xd8, 0xf4, 0xf8, 0x00,
    0xd8, 0xf4, 0xf8, 0x00, 0xd8, 0xf4, 0xf8, 0x00, 0xd8, 0xf8, 0xf8, 0x00,
    0xd8, 0xf4, 0xf8, 0x00, 0xd8, 0xf4, 0xf8, 0x00, 0xe0, 0xf8, 0xf8, 0x00,
    0xd8, 0xf4, 0xf8, 0x04, 0xd8, 0xf4, 0xf8, 0x59, 0xd8, 0xf4, 0xf8, 0x00,
    0xd8, 0xf8, 0xf8, 0x55, 0xe0, 0xf4, 0xf8, 0x59, 0xd8, 0xf4, 0xf8, 0x04,
    0xd8, 0xf4, 0xf8, 0x00, 0xe0, 0xf4, 0xf8, 0x00, 0xd8, 0xf4, 0xf8, 0x00,
    0xd8, 0xf4, 0xf8, 0x00, 0xe0, 0xf8, 0xf8, 0x00, 0xd8, 0xf4, 0xf8, 0x00,
    0xd8, 0xf4, 0xf8, 0x00, 0xe0, 0xf4, 0xf8, 0x00, 0xd8, 0xf4, 0xf8, 0x00,
    0xd8, 0xf4, 0xf8, 0x00, 0xe0, 0xf4, 0xf8, 0x00, 0xd8, 0xf8, 0xf8, 0x00,
    0xd8, 0xf4, 0xf8, 0x00, 0xe0, 0xf8, 0xf8, 0x00, 0xd8, 0xf4, 0xf8, 0x00,
    0xd8, 0xf4, 0xf8, 0x00, 0xe0, 0xf4, 0xf8, 0x00, 0xd8, 0xf4, 0xf8, 0x00,
    0xd8, 0xf4, 0xf8, 0x00, 0xe0, 0xf8, 0xf8, 0x00, 0xd8, 0xf4, 0xf8, 0x00,
    0xd8, 0xf8, 0xf8, 0x00, 0xe0, 0xf4, 0xf8, 0x00, 0xd8, 0xf4, 0xf8, 0x00,
    0xd8, 0xf4, 0xf8, 0x00, 0xe0, 0xf4, 0xf8, 0x00, 0xd8, 0xf4, 0xf8, 0x00,
    0xd8, 0xf8, 0xf8, 0x00, 0xe0, 0xf4, 0xf8, 0x00, 0xd8, 0xf8, 0xf8, 0x00,
    0xd8, 0xf4, 0xf8, 0x00, 0xe0, 0xf4, 0xf8, 0x00, 0xd8, 0xf4, 0xf8, 0x00,
    0xd8, 0xf4, 0xf8, 0x00, 0xe0, 0xf4, 0xf8, 0x00, 0xd8, 0xf8, 0xf8, 0x00,
    0xd8, 0xf4, 0xf8, 0x00, 0xe0, 0xf8, 0xf8, 0x00, 0xd8, 0xf4, 0xf8, 0x00,
    0xd8, 0xf4, 0xf8, 0x00, 0xe0, 0xf4, 0xf8, 0x00, 0xd8, 0xf4, 0xf8, 0x00,
    0xd8, 0xf4, 0xf8, 0x00, 0xe0, 0xf8, 0xf8, 0x00, 0xd8, 0xf4, 0xf8, 0x00,
    0xd8, 0xf8, 0xf8, 0x00, 0xe0, 0xf4, 0xf8, 0x00, 0xd8, 0xf4, 0xf8, 0x00,
    0xd8, 0xf4, 0xf8, 0x00, 0xe0, 0xf4, 0xf8, 0x00, 0xd8, 0xf4, 0xf8, 0x00,
    0xd8, 0xf8, 0xf8, 0x00, 0xe0, 0xf4, 0xf8, 0x00, 0xd8, 0xf8, 0xf8, 0x00,
    0xd8, 0xf4, 0xf8, 0x00, 0xe0, 0xf4, 0xf8, 0x00, 0xd8, 0xf4, 0xf8, 0x00,
    0xd8, 0xf4, 0xf8, 0x00, 0xe0, 0xf4, 0xf8, 0x00, 0xd8, 0xf8, 0xf8, 0x00,
    0xd8, 0xf4, 0xf8, 0x00, 0xe0, 0xf8, 0xf8, 0x00, 0xd8, 0xf4, 0xf8, 0x00,
    0xd8, 0xf4, 0xf8, 0x00, 0xe0, 0xf4, 0xf8, 0x00, 0xd8, 0xf4, 0xf8, 0x00,
    0xd8, 0xf4, 0xf8, 0x00, 0xe0, 0xf8, 0xf8, 0x00, 0xd8, 0xf4, 0xf8, 0x00,
    0xd8, 0xf8, 0xf8, 0x00, 0xe0, 0xf4, 0xf8, 0x00, 0xd8, 0xf4, 0xf8, 0x00,
    0xd8, 0xf4, 0xf8, 0x00, 0xe0, 0xf4, 0xf8, 0x00, 0xd8, 0xf4, 0xf8, 0x00,
    0xd8, 0xf8, 0xf8, 0x00, 0xe0, 0xf4, 0xf8, 0x00, 0xd8, 0xf8, 0xf8, 0x00,
    0xd8, 0xf4, 0xf8, 0x00, 0xe0, 0xf4, 0xf8, 0x00, 0xd8, 0xf4, 0xf8, 0x00,
    0xd8, 0xf4, 0xf8, 0x00, 0xe0, 0xf4, 0xf8, 0x00, 0xd8, 0xf8, 0xf8, 0x00,
    0xd8, 0xf4, 0xf8, 0x00, 0xe0, 0xf8, 0xf8, 0x00, 0xd8, 0xf4, 0xf8, 0x00,
    0xd8, 0xf4, 0xf8, 0x00, 0xe0, 0xf4, 0xf8, 0x00, 0xd8, 0xf4, 0xf8, 0x00,
    0xd8, 0xf4, 0xf8, 0x00, 0xe0, 0xf8, 0xf8, 0x00, 0xd8, 0xf4, 0xf8, 0x00,
    0xd8, 0xf8, 0xf8, 0x00, 0xe0, 0xf4, 0xf8, 0x00, 0xd8, 0xf4, 0xf8, 0x00,
    0xd8, 0xf4, 0xf8, 0x00, 0xe0, 0xf4, 0xf8, 0x00, 0xd8, 0xf4, 0xf8, 0x00,
    0xd8, 0xf8, 0xf8, 0x00, 0xe0, 0xf4, 0xf8, 0x00, 0xd8, 0xf8, 0xf8, 0x00,
    0xd8, 0xf4, 0xf8, 0x00, 0xe0, 0xf4, 0xf8, 0x00, 0xd8, 0xf4, 0xf8, 0x00,
    0xd8, 0xf4, 0xf8, 0x00, 0xe0, 0xf4, 0xf8, 0x00, 0xd8, 0xf8, 0xf8, 0x00,
    0xd8, 0xf4, 0xf8, 0x00, 0xe0, 0xf8, 0xf8, 0x00, 0xd8, 0xf4, 0xf8, 0x00,
    0xd8, 0xf4, 0xf8, 0x00, 0xe0, 0xf4, 0xf8, 0x00, 0xd8, 0xf4, 0xf8, 0x00,
    0xd8, 0xf4, 0xf8, 0x00, 0xe0, 0xf8, 0xf8, 0x00, 0xd8, 0xf4, 0xf8, 0x00,
    0xd8, 0xf8, 0xf8, 0x00, 0xe0, 0xf4, 0xf8, 0x00, 0xd8, 0xf4, 0xf8, 0x00,
    0xd8, 0xf4, 0xf8, 0x00, 0xe0, 0xf4, 0xf8, 0x00, 0xd8, 0xf4, 0xf8, 0x00,
    0xd8, 0xf8, 0xf8, 0x00, 0xe0, 0xf4, 0xf8, 0x00, 0xd8, 0xf8, 0xf8, 0x00,
    0xd8, 0xf4, 0xf8, 0x00, 0xe0, 0xf4, 0xf8, 0x00, 0xd8, 0xf4, 0xf8, 0x00,
    0xd8, 0xf4, 0xf8, 0x00, 0xe0, 0xf4, 0xf8, 0x00, 0xd8, 0xf8, 0xf8, 0x00,
    0xd8, 0xf4, 0xf8, 0x00, 0xe0, 0xf8, 0xf8, 0x00, 0xd8, 0xf4, 0xf8, 0x00,
    0xd8, 0xf4, 0xf8, 0x00, 0xe0, 0xf4, 0xf8, 0x00, 0xd8, 0xf4, 0xf8, 0x00,
    0xd8, 0xf4, 0xf8, 0x00, 0xe0, 0xf8, 0xf8, 0x00, 0xd8, 0xf4, 0xf8, 0x00,
    0xd8, 0xf8, 0xf8, 0x00, 0xe0, 0xf4, 0xf8, 0x00, 0xd8, 0xf4, 0xf8, 0x00,
    0xd8, 0xf4, 0xf8, 0x00, 0xe0, 0xf4, 0xf8, 0x00, 0xd8, 0xf4, 0xf8, 0x00,
    0xd8, 0xf8, 0xf8, 0x00, 0xe0, 0xf4, 0xf8, 0x00, 0xd8, 0xf8, 0xf8, 0x00,
    0xd8, 0xf4, 0xf8, 0x00, 0xe0, 0xf4, 0xf8, 0x00, 0xd8, 0xf4, 0xf8, 0x00,
    0xd8, 0xf4, 0xf8, 0x00, 0xe0, 0xf4, 0xf8, 0x00, 0xd8, 0xf8, 0xf8, 0x00,
    0xd8, 0xf4, 0xf8, 0x00, 0xe0, 0xf8, 0xf8, 0x00, 0xd8, 0xf4, 0xf8, 0x00,
    0xd8, 0xf4, 0xf8, 0x00, 0xe0, 0xf4, 0xf8, 0x00, 0xd8, 0xf4, 0xf8, 0x00,
    0xd8, 0xf4, 0xf8, 0x00, 0xe0, 0xf8, 0xf8, 0x00, 0xd8, 0xf4, 0xf8, 0x00,
    0xd8, 0xf8, 0xf8, 0x00, 0xe0, 0xf4, 0xf8, 0x00, 0xd8, 0xf4, 0xf8, 0x00,
    0xd8, 0xf4, 0xf8, 0x00, 0xe0, 0xf4, 0xf8, 0x00, 0xd8, 0xf4, 0xf8, 0x00,
    0xd8, 0xf8, 0xf8, 0x00, 0xe0, 0xf4, 0xf8, 0x00, 0xd8, 0xf8, 0xf8, 0x00,
    0xd8, 0xf4, 0xf8, 0x00, 0xe0, 0xf4, 0xf8, 0x00, 0xd8, 0xf4, 0xf8, 0x00,
    0xd8, 0xf4, 0xf8, 0x00, 0xe0, 0xf4, 0xf8, 0x00, 0xd8, 0xf8, 0xf8, 0x00,
    0xd8, 0xf4, 0xf8, 0x00, 0xe0, 0xf8, 0xf8, 0x00, 0xd8, 0xf4, 0xf8, 0x00,
    0xd8, 0xf4, 0xf8, 0x00, 0xe0, 0xf4, 0xf8, 0x00, 0xd8, 0xf4, 0xf8, 0x00,
    0xd8, 0xf4, 0xf8, 0x00, 0xe0, 0xf8, 0xf8, 0x00, 0xd8, 0xf4, 0xf8, 0x00,
    0xd8, 0xf8, 0xf8, 0x00, 0xe0, 0xf4, 0xf8, 0x00, 0xd8, 0xf4, 0xf8, 0x00,
    0xd8, 0xf4, 0xf8, 0x00, 0xe0, 0xf4, 0xf8, 0x00, 0xd8, 0xf4, 0xf8, 0x00,
    0xd8, 0xf8, 0xf8, 0x00, 0xe0, 0xf4, 0xf8, 0x00, 0xd8, 0xf8, 0xf8, 0x00,
    0xd8, 0xf4, 0xf8, 0x00, 0xe0, 0xf4, 0xf8, 0x00, 0xd8, 0xf4, 0xf8, 0x00,
    0xd8, 0xf4, 0xf8, 0x00, 0xe0, 0xf4, 0xf8, 0x00, 0xd8, 0xf8, 0xf8, 0x00,
    0xd8, 0xf4, 0xf8, 0x00, 0xe0, 0xf8, 0xf8, 0x00, 0xd8, 0xf4, 0xf8, 0x00,
    0xd8, 0xf4, 0xf8, 0x00, 0xe0, 0xf4, 0xf8, 0x00, 0xd8, 0xf4, 0xf8, 0x00,
    0xd8, 0xf4, 0xf8, 0x00, 0xe0, 0xf8, 0xf8, 0x00, 0xd8, 0xf4, 0xf8, 0x00,
    0xd8, 0xf8, 0xf8, 0x00, 0xe0, 0xf4, 0xf8, 0x00, 0xd8, 0xf4, 0xf8, 0x00,
    0xd8, 0xf4, 0xf8, 0x00, 0xe0, 0xf4, 0xf8, 0x00, 0xd8, 0xf4, 0xf8, 0x00,
    0xd8, 0xf8, 0xf8, 0x00, 0xe0, 0xf4, 0xf8, 0x00, 0xd8, 0xf8, 0xf8, 0x00,
    0xd8, 0xf4, 0xf8, 0x00, 0xe0, 0xf4, 0xf8, 0x00, 0xd8, 0xf4, 0xf8, 0x00,
    0xd8, 0xf4, 0xf8, 0x00, 0xe0, 0xf4, 0xf8, 0x00, 0xd8, 0xf8, 0xf8, 0x00,
    0xd8, 0xf4, 0xf8, 0x00, 0xe0, 0xf8, 0xf8, 0x00, 0xd8, 0xf4, 0xf8, 0x00,
    0xd8, 0xf4, 0xf8, 0x00, 0xe0, 0xf4, 0xf8, 0x00, 0xd8, 0xf4, 0xf8, 0x00,
    0xd8, 0xf4, 0xf8, 0x00, 0xe0, 0xf8, 0xf8, 0x00, 0xd8, 0xf4, 0xf8, 0x00,
    0xd8, 0xf8, 0xf8, 0x00, 0xe0, 0xf4, 0xf8, 0x00, 0xd8, 0xf4, 0xf8, 0x00,
    0xd8, 0xf4, 0xf8, 0x00, 0xe0, 0xf4, 0xf8, 0x00, 0xd8, 0xf4, 0xf8, 0x00,
    0xd8, 0xf8, 0xf8, 0x00, 0xe0, 0xf4, 0xf8, 0x00, 0xd8, 0xf8, 0xf8, 0x00,
    0xd8, 0xf4, 0xf8, 0x00, 0xe0, 0xf4, 0xf8, 0x00, 0xd8, 0xf4, 0xf8, 0x00,
    0xd8, 0xf4, 0xf8, 0x00, 0xe0, 0xf4, 0xf8, 0x00, 0xd8, 0xf8, 0xf8, 0x00,
    0xd8, 0xf4, 0xf8, 0x00, 0xe0, 0xf8, 0xf8, 0x00, 0xd8, 0xf4, 0xf8, 0x00,
    0xd8, 0xf4, 0xf8, 0x00, 0xe0, 0xf4, 0xf8, 0x00, 0xd8, 0xf4, 0xf8, 0x00,
    0xd8, 0xf4, 0xf8, 0x00, 0xe0, 0xf8, 0xf8, 0x00, 0xd8, 0xf4, 0xf8, 0x00,
    0xd8, 0xf8, 0xf8, 0x00, 0xe0, 0xf4, 0xf8, 0x00, 0xd8, 0xf4, 0xf8, 0x00,
    0xd8, 0xf4, 0xf8, 0x00, 0xe0, 0xf4, 0xf8, 0x00, 0xd8, 0xf4, 0xf8, 0x00,
    0xd8, 0xf8, 0xf8, 0x00, 0xe0, 0xf4, 0xf8, 0x00, 0xd8, 0xf8, 0xf8, 0x00,
    0xd8, 0xf4, 0xf8, 0x00, 0xe0, 0xf4, 0xf8, 0x00, 0xd8, 0xf4, 0xf8, 0x00,
    0xd8, 0xf4, 0xf8, 0x00, 0xe0, 0xf4, 0xf8, 0x00, 0xd8, 0xf8, 0xf8, 0x00,
    0xd8, 0xf4, 0xf8, 0x00, 0xe0, 0xf8, 0xf8, 0x00, 0xd8, 0xf4, 0xf8, 0x00,
    0xd8, 0xf4, 0xf8, 0x00, 0xe0, 0xf4, 0xf8, 0x00, 0xd8, 0xf4, 0xf8, 0x00,
    0xd8, 0xf4, 0xf8, 0x00, 0xd8, 0xf4, 0xf8, 0x00, 0xd8, 0xf4, 0xf8, 0x04,
    0xd8, 0xf4, 0xf8, 0x59, 0xd8, 0xf4, 0xf8, 0x00, 0xd8, 0xf4, 0xf8, 0x55,
    0xd8, 0xf8, 0xf8, 0x59, 0xd8, 0xf4, 0xf8, 0x04, 0xd8, 0xf8, 0xf8, 0x00,
    0xd8, 0xf4, 0xf8, 0x00, 0xd8, 0xf4, 0xf8, 0x00, 0xd8, 0xf4, 0xf8, 0x00,
    0xd8, 0xf4, 0xf8, 0x00, 0xd8, 0xf8, 0xf8, 0x00, 0xd8, 0xf4, 0xf8, 0x00,
    0xd8, 0xf8, 0xf8, 0x00, 0xd8, 0xf4, 0xf8, 0x00, 0xd8, 0xf4, 0xf8, 0x00,
    0xd8, 0xf8, 0xf8, 0x00, 0xd8, 0xf4, 0xf8, 0x00, 0xd8, 0xf4, 0xf8, 0x00,
    0xd8, 0xf8, 0xf8, 0x00, 0xd8, 0xf4, 0xf8, 0x00, 0xd8, 0xf4, 0xf8, 0x00,
    0xd8, 0xf8, 0xf8, 0x00, 0xd8, 0xf4, 0xf8, 0x00, 0xd8, 0xf4, 0xf8, 0x00,
    0xd8, 0xf8, 0xf8, 0x00, 0xd8, 0xf4, 0xf8, 0x00, 0xd8, 0xf4, 0xf8, 0x00,
    0xd8, 0xf8, 0xf8, 0x00, 0xd8, 0xf4, 0xf8, 0x00, 0xd8, 0xf4, 0xf8, 0x00,
    0xd8, 0xf8, 0xf8, 0x00, 0xd8, 0xf4, 0xf8, 0x00, 0xd8, 0xf4, 0xf8, 0x00,
    0xd8, 0xf8, 0xf8, 0x00, 0xd8, 0xf4, 0xf8, 0x00, 0xd8, 0xf4, 0xf8, 0x00,
    0xd8, 0xf8, 0xf8, 0x00, 0xd8, 0xf4, 0xf8, 0x00, 0xd8, 0xf4, 0xf8, 0x00,
    0xd8, 0xf8, 0xf8, 0x00, 0xd8, 0xf4, 0xf8, 0x00, 0xd8, 0xf4, 0xf8, 0x00,
    0xd8, 0xf8, 0xf8, 0x00, 0xd8, 0xf4, 0xf8, 0x00, 0xd8, 0xf4, 0xf8, 0x00,
    0xd8, 0xf8, 0xf8, 0x00, 0xd8, 0xf4, 0xf8, 0x00, 0xd8, 0xf4, 0xf8, 0x00,
    0xd8, 0xf8, 0xf8, 0x00, 0xd8, 0xf4, 0xf8, 0x00, 0xd8, 0xf4, 0xf8, 0x00,
    0xd8, 0xf8, 0xf8, 0x00, 0xd8, 0xf4, 0xf8, 0x00, 0xd8, 0xf4, 0xf8, 0x00,
    0xd8, 0xf8, 0xf8, 0x00, 0xd8, 0xf4, 0xf8, 0x00, 0xd8, 0xf4, 0xf8, 0x00,
    0xd8, 0xf8, 0xf8, 0x00, 0xd8, 0xf4, 0xf8, 0x00, 0xd8, 0xf4, 0xf8, 0x00,
    0xd8, 0xf8, 0xf8, 0x00, 0xd8, 0xf4, 0xf8, 0x00, 0xd8, 0xf4, 0xf8, 0x00,
    0xd8, 0xf8, 0xf8, 0x00, 0xd8, 0xf4, 0xf8, 0x00, 0xd8, 0xf4, 0xf8, 0x00,
    0xd8, 0xf8, 0xf8, 0x00, 0xd8, 0xf4, 0xf8, 0x00, 0xd8, 0xf4, 0xf8, 0x00,
    0xd8, 0xf8, 0xf8, 0x00, 0xd8, 0xf4, 0xf8, 0x00, 0xd8, 0xf4, 0xf8, 0x00,
    0xd8, 0xf8, 0xf8, 0x00, 0xd8, 0xf4, 0xf8, 0x00, 0xd8, 0xf4, 0xf8, 0x00,
    0xd8, 0xf8, 0xf8, 0x00, 0xd8, 0xf4, 0xf8, 0x00, 0xd8, 0xf4, 0xf8, 0x00,
    0xd8, 0xf8, 0xf8, 0x00, 0xd8, 0xf4, 0xf8, 0x00, 0xd8, 0xf4, 0xf8, 0x00,
    0xd8, 0xf8, 0xf8, 0x00, 0xd8, 0xf4, 0xf8, 0x00, 0xd8, 0xf4, 0xf8, 0x00,
    0xd8, 0xf8, 0xf8, 0x00, 0xd8, 0xf4, 0xf8, 0x00, 0xd8, 0xf4, 0xf8, 0x00,
    0xd8, 0xf8, 0xf8, 0x00, 0xd8, 0xf4, 0xf8, 0x00, 0xd8, 0xf4, 0xf8, 0x00,
    0xd8, 0xf8, 0xf8, 0x00, 0xd8, 0xf4, 0xf8, 0x00, 0xd8, 0xf4, 0xf8, 0x00,
    0xd8, 0xf8, 0xf8, 0x00, 0xd8, 0xf4, 0xf8, 0x00, 0xd8, 0xf4, 0xf8, 0x00,
    0xd8, 0xf8, 0xf8, 0x00, 0xd8, 0xf4, 0xf8, 0x00, 0xd8, 0xf4, 0xf8, 0x00,
    0xd8, 0xf8, 0xf8, 0x00, 0xd8, 0xf4, 0xf8, 0x00, 0xd8, 0xf4, 0xf8, 0x00,
    0xd8, 0xf8, 0xf8, 0x00, 0xd8, 0xf4, 0xf8, 0x00, 0xd8, 0xf4, 0xf8, 0x00,
    0xd8, 0xf8, 0xf8, 0x00, 0xd8, 0xf4, 0xf8, 0x00, 0xd8, 0xf4, 0xf8, 0x00,
    0xd8, 0xf8, 0xf8, 0x00, 0xd8, 0xf4, 0xf8, 0x00, 0xd8, 0xf4, 0xf8, 0x00,
    0xd8, 0xf8, 0xf8, 0x00, 0xd8, 0xf4, 0xf8, 0x00, 0xd8, 0xf4, 0xf8, 0x00,
    0xd8, 0xf8, 0xf8, 0x00, 0xd8, 0xf4, 0xf8, 0x00, 0xd8, 0xf4, 0xf8, 0x00,
    0xd8, 0xf8, 0xf8, 0x00, 0xd8, 0xf4, 0xf8, 0x00, 0xd8, 0xf4, 0xf8, 0x00,
    0xd8, 0xf8, 0xf8, 0x00, 0xd8, 0xf4, 0xf8, 0x00, 0xd8, 0xf4, 0xf8, 0x00,
    0xd8, 0xf8, 0xf8, 0x00, 0xd8, 0xf4, 0xf8, 0x00, 0xd8, 0xf4, 0xf8, 0x00,
    0xd8, 0xf8, 0xf8, 0x00, 0xd8, 0xf4, 0xf8, 0x00, 0xd8, 0xf4, 0xf8, 0x00,
    0xd8, 0xf8, 0xf8, 0x00, 0xd8, 0xf4, 0xf8, 0x00, 0xd8, 0xf4, 0xf8, 0x00,
    0xd8, 0xf8, 0xf8, 0x00, 0xd8, 0xf4, 0xf8, 0x00, 0xd8, 0xf4, 0xf8, 0x00,
    0xd8, 0xf8, 0xf8, 0x00, 0xd8, 0xf4, 0xf8, 0x00, 0xd8, 0xf4, 0xf8, 0x00,
    0xd8, 0xf8, 0xf8, 0x00, 0xd8, 0xf4, 0xf8, 0x00, 0xd8, 0xf4, 0xf8, 0x00,
    0xd8, 0xf8, 0xf8, 0x00, 0xd8, 0xf4, 0xf8, 0x00, 0xd8, 0xf4, 0xf8, 0x00,
    0xd8, 0xf8, 0xf8, 0x00, 0xd8, 0xf4, 0xf8, 0x00, 0xd8, 0xf4, 0xf8, 0x00,
    0xd8, 0xf8, 0xf8, 0x00, 0xd8, 0xf4, 0xf8, 0x00, 0xd8, 0xf4, 0xf8, 0x00,
    0xd8, 0xf8, 0xf8, 0x00, 0xd8, 0xf4, 0xf8, 0x00, 0xd8, 0xf4, 0xf8, 0x00,
    0xd8, 0xf8, 0xf8, 0x00, 0xd8, 0xf4, 0xf8, 0x00, 0xd8, 0xf4, 0xf8, 0x00,
    0xd8, 0xf8, 0xf8, 0x00, 0xd8, 0xf4, 0xf8, 0x00, 0xd8, 0xf4, 0xf8, 0x00,
    0xd8, 0xf8, 0xf8, 0x00, 0xd8, 0xf4, 0xf8, 0x00, 0xd8, 0xf4, 0xf8, 0x00,
    0xd8, 0xf8, 0xf8, 0x00, 0xd8, 0xf4, 0xf8, 0x00, 0xd8, 0xf4, 0xf8, 0x00,
    0xd8, 0xf8, 0xf8, 0x00, 0xd8, 0xf4, 0xf8, 0x00, 0xd8, 0xf4, 0xf8, 0x00,
    0xd8, 0xf8, 0xf8, 0x00, 0xd8, 0xf4, 0xf8, 0x00, 0xd8, 0xf4, 0xf8, 0x00,
    0xd8, 0xf8, 0xf8, 0x00, 0xd8, 0xf4, 0xf8, 0x00, 0xd8, 0xf4, 0xf8, 0x00,
    0xd8, 0xf8, 0xf8, 0x00, 0xd8, 0xf4, 0xf8, 0x00, 0xd8, 0xf4, 0xf8, 0x00,
    0xd8, 0xf8, 0xf8, 0x00, 0xd8, 0xf4, 0xf8, 0x00, 0xd8, 0xf4, 0xf8, 0x00,
    0xd8, 0xf8, 0xf8, 0x00, 0xd8, 0xf4, 0xf8, 0x00, 0xd8, 0xf4, 0xf8, 0x00,
    0xd8, 0xf8, 0xf8, 0x00, 0xd8, 0xf4, 0xf8, 0x00, 0xd8, 0xf4, 0xf8, 0x00,
    0xd8, 0xf8, 0xf8, 0x00, 0xd8, 0xf4, 0xf8, 0x00, 0xd8, 0xf4, 0xf8, 0x00,
    0xd8, 0xf8, 0xf8, 0x00, 0xd8, 0xf4, 0xf8, 0x00, 0xd8, 0xf4, 0xf8, 0x00,
    0xd8, 0xf8, 0xf8, 0x00, 0xd8, 0xf4, 0xf8, 0x00, 0xd8, 0xf4, 0xf8, 0x00,
    0xd8, 0xf8, 0xf8, 0x00, 0xd8, 0xf4, 0xf8, 0x00, 0xd8, 0xf4, 0xf8, 0x00,
    0xd8, 0xf8, 0xf8, 0x00, 0xd8, 0xf4, 0xf8, 0x00, 0xd8, 0xf4, 0xf8, 0x00,
    0xd8, 0xf8, 0xf8, 0x00, 0xd8, 0xf4, 0xf8, 0x00, 0xd8, 0xf4, 0xf8, 0x00,
    0xd8, 0xf8, 0xf8, 0x00, 0xd8, 0xf4, 0xf8, 0x00, 0xd8, 0xf4, 0xf8, 0x00,
    0xd8, 0xf8, 0xf8, 0x00, 0xd8, 0xf4, 0xf8, 0x00, 0xd8, 0xf4, 0xf8, 0x00,
    0xd8, 0xf8, 0xf8, 0x00, 0xd8, 0xf4, 0xf8, 0x00, 0xd8, 0xf4, 0xf8, 0x00,
    0xd8, 0xf8, 0xf8, 0x00, 0xd8, 0xf4, 0xf8, 0x00, 0xd8, 0xf4, 0xf8, 0x00,
    0xd8, 0xf8, 0xf8, 0x00, 0xd8, 0xf4, 0xf8, 0x00, 0xd8, 0xf4, 0xf8, 0x00,
    0xd8, 0xf8, 0xf8, 0x00, 0xd8, 0xf4, 0xf8, 0x00, 0xd8, 0xf4, 0xf8, 0x00,
    0xd8, 0xf8, 0xf8, 0x00, 0xd8, 0xf4, 0xf8, 0x00, 0xd8, 0xf4, 0xf8, 0x00,
    0xd8, 0xf8, 0xf8, 0x00, 0xd8, 0xf4, 0xf8, 0x00, 0xd8, 0xf4, 0xf8, 0x00,
    0xd8, 0xf8, 0xf8, 0x00, 0xd8, 0xf4, 0xf8, 0x00, 0xd8, 0xf4, 0xf8, 0x00,
    0xd8, 0xf8, 0xf8, 0x00, 0xd8, 0xf4, 0xf8, 0x00, 0xd8, 0xf4, 0xf8, 0x00,
    0xd8, 0xf8, 0xf8, 0x00, 0xd8, 0xf4, 0xf8, 0x00, 0xd8, 0xf4, 0xf8, 0x00,
    0xd8, 0xf8, 0xf8, 0x00, 0xd8, 0xf4, 0xf8, 0x00, 0xd8, 0xf4, 0xf8, 0x00,
    0xd8, 0xf8, 0xf8, 0x00, 0xd8, 0xf4, 0xf8, 0x00, 0xd8, 0xf4, 0xf8, 0x00,
    0xd8, 0xf8, 0xf8, 0x00, 0xd8, 0xf4, 0xf8, 0x00, 0xd8, 0xf4, 0xf8, 0x00,
    0xd8, 0xf8, 0xf8, 0x00, 0xd8, 0xf4, 0xf8, 0x00, 0xd8, 0xf4, 0xf8, 0x00,
    0xd8, 0xf8, 0xf8, 0x00, 0xd8, 0xf4, 0xf8, 0x00, 0xd8, 0xf4, 0xf8, 0x00,
    0xd8, 0xf8, 0xf8, 0x00, 0xd8, 0xf4, 0xf8, 0x00, 0xd8, 0xf4, 0xf8, 0x00,
    0xd8, 0xf8, 0xf8, 0x00, 0xd8, 0xf4, 0xf8, 0x00, 0xd8, 0xf4, 0xf8, 0x00,
    0xd8, 0xf8, 0xf8, 0x00, 0xd8, 0xf4, 0xf8, 0x00, 0xd8, 0xf4, 0xf8, 0x00,
    0xd8, 0xf8, 0xf8, 0x00, 0xd8, 0xf4, 0xf8, 0x00, 0xd8, 0xf4, 0xf8, 0x00,
    0xd8, 0xf8, 0xf8, 0x00, 0xd8, 0xf4, 0xf8, 0x00, 0xd8, 0xf4, 0xf8, 0x00,
    0xd8, 0xf8, 0xf8, 0x00, 0xd8, 0xf4, 0xf8, 0x00, 0xd8, 0xf4, 0xf8, 0x00,
    0xd8, 0xf8, 0xf8, 0x00, 0xd8, 0xf4, 0xf8, 0x00, 0xd8, 0xf4, 0xf8, 0x00,
    0xd8, 0xf8, 0xf8, 0x00, 0xd8, 0xf4, 0xf8, 0x00, 0xd8, 0xf4, 0xf8, 0x00,
    0xd8, 0xf8, 0xf8, 0x00, 0xd8, 0xf4, 0xf8, 0x00, 0xd8, 0xf4, 0xf8, 0x00,
    0xd8, 0xf8, 0xf8, 0x00, 0xd8, 0xf4, 0xf8, 0x00, 0xd8, 0xf4, 0xf8, 0x00,
    0xd8, 0xf8, 0xf8, 0x00, 0xd8, 0xf4, 0xf8, 0x00, 0xd8, 0xf4, 0xf8, 0x00,
    0xd8, 0xf8, 0xf8, 0x00, 0xd8, 0xf4, 0xf8, 0x00, 0xd8, 0xf8, 0xf8, 0x00,
    0xd8, 0xf4, 0xf8, 0x00, 0xd8, 0xf4, 0xf8, 0x04, 0xd8, 0xf8, 0xf8, 0x59,
    0xd8, 0xf4, 0xf8, 0x00, 0xd8, 0xf4, 0xf8, 0x55, 0xd8, 0xf4, 0xf8, 0x59,
    0xd8, 0xf4, 0xf8, 0x04, 0xd8, 0xf4, 0xf8, 0x00, 0xd8, 0xf8, 0xf8, 0x00,
    0xe0, 0xf8, 0xf8, 0x00, 0xd8, 0xf4, 0xf8, 0x00, 0xd8, 0xf4, 0xf8, 0x00,
    0xd8, 0xf4, 0xf8, 0x00, 0xe0, 0xf4, 0xf8, 0x00, 0xd8, 0xf8, 0xf8, 0x00,
    0xd8, 0xf4, 0xf8, 0x00, 0xd8, 0xf4, 0xf8, 0x00, 0xd8, 0xf8, 0xf8, 0x00,
    0xe0, 0xf4, 0xf8, 0x00, 0xd8, 0xf4, 0xf8, 0x00, 0xd8, 0xf4, 0xf8, 0x00,
    0xd8, 0xf4, 0xf8, 0x00, 0xe0, 0xf8, 0xf8, 0x00, 0xd8, 0xf4, 0xf8, 0x00,
    0xd8, 0xf4, 0xf8, 0x00, 0xd8, 0xf4, 0xf8, 0x00, 0xd8, 0xf4, 0xf8, 0x00,
    0xe0, 0xf4, 0xf8, 0x00, 0xd8, 0xf4, 0xf8, 0x00, 0xd8, 0xf4, 0xf8, 0x00,
    0xd8, 0xf8, 0xf8, 0x00, 0xe0, 0xf4, 0xf8, 0x00, 0xd8, 0xf4, 0xf8, 0x00,
    0xd8, 0xf4, 0xf8, 0x00, 0xd8, 0xf4, 0xf8, 0x00, 0xd8, 0xf4, 0xf8, 0x00,
    0xe0, 0xf4, 0xf8, 0x00, 0xd8, 0xf4, 0xf8, 0x00, 0xd8, 0xf8, 0xf8, 0x00,
    0xd8, 0xf4, 0xf8, 0x00, 0xe0, 0xf4, 0xf8, 0x00, 0xd8, 0xf8, 0xf8, 0x00,
    0xd8, 0xf4, 0xf8, 0x00, 0xd8, 0xf4, 0xf8, 0x00, 0xd8, 0xf4, 0xf8, 0x00,
    0xe0, 0xf4, 0xf8, 0x00, 0xd8, 0xf8, 0xf8, 0x00, 0xd8, 0xf4, 0xf8, 0x00,
    0xd8, 0xf4, 0xf8, 0x00, 0xe0, 0xf4, 0xf8, 0x00, 0xd8, 0xf4, 0xf8, 0x00,
    0xd8, 0xf4, 0xf8, 0x00, 0xd8, 0xf4, 0xf8, 0x00, 0xd8, 0xf4, 0xf8, 0x00,
    0xe0, 0xf8, 0xf8, 0x00, 0xd8, 0xf4, 0xf8, 0x00, 0xd8, 0xf4, 0xf8, 0x00,
    0xd8, 0xf4, 0xf8, 0x00, 0xe0, 0xf4, 0xf8, 0x00, 0xd8, 0xf4, 0xf8, 0x00,
    0xd8, 0xf4, 0xf8, 0x00, 0xd8, 0xf4, 0xf8, 0x00, 0xd8, 0xf8, 0xf8, 0x00,
    0xe0, 0xf4, 0xf8, 0x00, 0xd8, 0xf4, 0xf8, 0x00, 0xd8, 0xf8, 0xf8, 0x00,
    0xd8, 0xf4, 0xf8, 0x00, 0xe0, 0xf4, 0xf8, 0x00, 0xd8, 0xf4, 0xf8, 0x00,
    0xd8, 0xf4, 0xf8, 0x00, 0xd8, 0xf8, 0xf8, 0x00, 0xd8, 0xf4, 0xf8, 0x00,
    0xe0, 0xf4, 0xf8, 0x00, 0xd8, 0xf4, 0xf8, 0x00, 0xd8, 0xf4, 0xf8, 0x00,
    0xd8, 0xf4, 0xf8, 0x00, 0xe0, 0xf4, 0xf8, 0x00, 0xd8, 0xf4, 0xf8, 0x00,
    0xd8, 0xf8, 0xf8, 0x00, 0xd8, 0xf4, 0xf8, 0x00, 0xd8, 0xf4, 0xf8, 0x00,
    0xe0, 0xf4, 0xf8, 0x00, 0xd8, 0xf4, 0xf8, 0x00, 0xd8, 0xf4, 0xf8, 0x00,
    0xd8, 0xf4, 0xf8, 0x00, 0xe0, 0xf4, 0xf8, 0x00, 0xd8, 0xf8, 0xf8, 0x00,
    0xd8, 0xf4, 0xf8, 0x00, 0xd8, 0xf4, 0xf8, 0x00, 0xd8, 0xf8, 0xf8, 0x00,
    0xe0, 0xf4, 0xf8, 0x00, 0xd8, 0xf4, 0xf8, 0x00, 0xd8, 0xf4, 0xf8, 0x00,
    0xd8, 0xf4, 0xf8, 0x00, 0xe0, 0xf8, 0xf8, 0x00, 0xd8, 0xf4, 0xf8, 0x00,
    0xd8, 0xf4, 0xf8, 0x00, 0xd8, 0xf4, 0xf8, 0x00, 0xd8, 0xf4, 0xf8, 0x00,
    0xe0, 0xf4, 0xf8, 0x00, 0xd8, 0xf4, 0xf8, 0x00, 0xd8, 0xf4, 0xf8, 0x00,
    0xd8, 0xf8, 0xf8, 0x00, 0xe0, 0xf4, 0xf8, 0x00, 0xd8, 0xf4, 0xf8, 0x00,
    0xd8, 0xf4, 0xf8, 0x00, 0xd8, 0xf4, 0xf8, 0x00, 0xd8, 0xf4, 0xf8, 0x00,
    0xe0, 0xf4, 0xf8, 0x00, 0xd8, 0xf4, 0xf8, 0x00, 0xd8, 0xf8, 0xf8, 0x00,
    0xd8, 0xf4, 0xf8, 0x00, 0xe0, 0xf4, 0xf8, 0x00, 0xd8, 0xf8, 0xf8, 0x00,
    0xd8, 0xf4, 0xf8, 0x00, 0xd8, 0xf4, 0xf8, 0x00, 0xd8, 0xf4, 0xf8, 0x00,
    0xe0, 0xf4, 0xf8, 0x00, 0xd8, 0xf8, 0xf8, 0x00, 0xd8, 0xf4, 0xf8, 0x00,
    0xd8, 0xf4, 0xf8, 0x00, 0xe0, 0xf4, 0xf8, 0x00, 0xd8, 0xf4, 0xf8, 0x00,
    0xd8, 0xf4, 0xf8, 0x00, 0xd8, 0xf4, 0xf8, 0x00, 0xd8, 0xf4, 0xf8, 0x00,
    0xe0, 0xf8, 0xf8, 0x00, 0xd8, 0xf4, 0xf8, 0x00, 0xd8, 0xf4, 0xf8, 0x00,
    0xd8, 0xf4, 0xf8, 0x00, 0xe0, 0xf4, 0xf8, 0x00, 0xd8, 0xf4, 0xf8, 0x00,
    0xd8, 0xf4, 0xf8, 0x00, 0xd8, 0xf4, 0xf8, 0x00, 0xd8, 0xf8, 0xf8, 0x00,
    0xe0, 0xf4, 0xf8, 0x00, 0xd8, 0xf4, 0xf8, 0x00, 0xd8, 0xf8, 0xf8, 0x00,
    0xd8, 0xf4, 0xf8, 0x00, 0xe0, 0xf4, 0xf8, 0x00, 0xd8, 0xf4, 0xf8, 0x00,
    0xd8, 0xf4, 0xf8, 0x00, 0xd8, 0xf8, 0xf8, 0x00, 0xd8, 0xf4, 0xf8, 0x00,
    0xe0, 0xf4, 0xf8, 0x00, 0xd8, 0xf4, 0xf8, 0x00, 0xd8, 0xf4, 0xf8, 0x00,
    0xd8, 0xf4, 0xf8, 0x00, 0xe0, 0xf4, 0xf8, 0x00, 0xd8, 0xf4, 0xf8, 0x00,
    0xd8, 0xf8, 0xf8, 0x00, 0xd8, 0xf4, 0xf8, 0x00, 0xd8, 0xf4, 0xf8, 0x00,
    0xe0, 0xf4, 0xf8, 0x00, 0xd8, 0xf4, 0xf8, 0x00, 0xd8, 0xf4, 0xf8, 0x00,
    0xd8, 0xf4, 0xf8, 0x00, 0xe0, 0xf4, 0xf8, 0x00, 0xd8, 0xf8, 0xf8, 0x00,
    0xd8, 0xf4, 0xf8, 0x00, 0xd8, 0xf4, 0xf8, 0x00, 0xd8, 0xf8, 0xf8, 0x00,
    0xe0, 0xf4, 0xf8, 0x00, 0xd8, 0xf4, 0xf8, 0x00, 0xd8, 0xf4, 0xf8, 0x00,
    0xd8, 0xf4, 0xf8, 0x00, 0xe0, 0xf8, 0xf8, 0x00, 0xd8, 0xf4, 0xf8, 0x00,
    0xd8, 0xf4, 0xf8, 0x00, 0xd8, 0xf4, 0xf8, 0x00, 0xd8, 0xf4, 0xf8, 0x00,
    0xe0, 0xf4, 0xf8, 0x00, 0xd8, 0xf4, 0xf8, 0x00, 0xd8, 0xf4, 0xf8, 0x00,
    0xd8, 0xf8, 0xf8, 0x00, 0xe0, 0xf4, 0xf8, 0x00, 0xd8, 0xf4, 0xf8, 0x00,
    0xd8, 0xf4, 0xf8, 0x00, 0xd8, 0xf4, 0xf8, 0x00, 0xd8, 0xf4, 0xf8, 0x00,
    0xe0, 0xf4, 0xf8, 0x00, 0xd8, 0xf4, 0xf8, 0x00, 0xd8, 0xf8, 0xf8, 0x00,
    0xd8, 0xf4, 0xf8, 0x00, 0xe0, 0xf4, 0xf8, 0x00, 0xd8, 0xf8, 0xf8, 0x00,
    0xd8, 0xf4, 0xf8, 0x00, 0xd8, 0xf4, 0xf8, 0x00, 0xd8, 0xf4, 0xf8, 0x00,
    0xe0, 0xf4, 0xf8, 0x00, 0xd8, 0xf8, 0xf8, 0x00, 0xd8, 0xf4, 0xf8, 0x00,
    0xd8, 0xf4, 0xf8, 0x00, 0xe0, 0xf4, 0xf8, 0x00, 0xd8, 0xf4, 0xf8, 0x00,
    0xd8, 0xf4, 0xf8, 0x00, 0xd8, 0xf4, 0xf8, 0x00, 0xd8, 0xf4, 0xf8, 0x00,
    0xe0, 0xf8, 0xf8, 0x00, 0xd8, 0xf4, 0xf8, 0x00, 0xd8, 0xf4, 0xf8, 0x00,
    0xd8, 0xf4, 0xf8, 0x00, 0xe0, 0xf4, 0xf8, 0x00, 0xd8, 0xf4, 0xf8, 0x00,
    0xd8, 0xf4, 0xf8, 0x00, 0xd8, 0xf4, 0xf8, 0x00, 0xd8, 0xf8, 0xf8, 0x00,
    0xe0, 0xf4, 0xf8, 0x00, 0xd8, 0xf4, 0xf8, 0x00, 0xd8, 0xf8, 0xf8, 0x00,
    0xd8, 0xf4, 0xf8, 0x00, 0xe0, 0xf4, 0xf8, 0x00, 0xd8, 0xf4, 0xf8, 0x00,
    0xd8, 0xf4, 0xf8, 0x00, 0xd8, 0xf8, 0xf8, 0x00, 0xd8, 0xf4, 0xf8, 0x00,
    0xe0, 0xf4, 0xf8, 0x00, 0xd8, 0xf4, 0xf8, 0x00, 0xd8, 0xf4, 0xf8, 0x00,
    0xd8, 0xf4, 0xf8, 0x00, 0xe0, 0xf4, 0xf8, 0x00, 0xd8, 0xf4, 0xf8, 0x00,
    0xd8, 0xf8, 0xf8, 0x00, 0xd8, 0xf4, 0xf8, 0x00, 0xd8, 0xf4, 0xf8, 0x00,
    0xe0, 0xf4, 0xf8, 0x00, 0xd8, 0xf4, 0xf8, 0x00, 0xd8, 0xf4, 0xf8, 0x00,
    0xd8, 0xf4, 0xf8, 0x00, 0xe0, 0xf4, 0xf8, 0x00, 0xd8, 0xf8, 0xf8, 0x00,
    0xd8, 0xf4, 0xf8, 0x00, 0xd8, 0xf4, 0xf8, 0x00, 0xd8, 0xf8, 0xf8, 0x00,
    0xe0, 0xf4, 0xf8, 0x00, 0xd8, 0xf4, 0xf8, 0x00, 0xd8, 0xf4, 0xf8, 0x00,
    0xd8, 0xf4, 0xf8, 0x00, 0xe0, 0xf8, 0xf8, 0x00, 0xd8, 0xf4, 0xf8, 0x00,
    0xd8, 0xf4, 0xf8, 0x00, 0xd8, 0xf4, 0xf8, 0x00, 0xd8, 0xf4, 0xf8, 0x00,
    0xe0, 0xf4, 0xf8, 0x00, 0xd8, 0xf4, 0xf8, 0x00, 0xd8, 0xf4, 0xf8, 0x00,
    0xd8, 0xf8, 0xf8, 0x00, 0xe0, 0xf4, 0xf8, 0x00, 0xd8, 0xf4, 0xf8, 0x00,
    0xd8, 0xf4, 0xf8, 0x00, 0xd8, 0xf4, 0xf8, 0x00, 0xd8, 0xf4, 0xf8, 0x00,
    0xe0, 0xf4, 0xf8, 0x00, 0xd8, 0xf4, 0xf8, 0x00, 0xd8, 0xf8, 0xf8, 0x00,
    0xd8, 0xf4, 0xf8, 0x00, 0xe0, 0xf4, 0xf8, 0x00, 0xd8, 0xf8, 0xf8, 0x00,
    0xd8, 0xf4, 0xf8, 0x00, 0xd8, 0xf4, 0xf8, 0x00, 0xd8, 0xf4, 0xf8, 0x00,
    0xe0, 0xf4, 0xf8, 0x00, 0xd8, 0xf8, 0xf8, 0x00, 0xd8, 0xf4, 0xf8, 0x00,
    0xd8, 0xf4, 0xf8, 0x00, 0xe0, 0xf4, 0xf8, 0x00, 0xd8, 0xf4, 0xf8, 0x00,
    0xd8, 0xf4, 0xf8, 0x00, 0xd8, 0xf4, 0xf8, 0x00, 0xd8, 0xf4, 0xf8, 0x00,
    0xe0, 0xf8, 0xf8, 0x00, 0xd8, 0xf4, 0xf8, 0x00, 0xd8, 0xf4, 0xf8, 0x00,
    0xd8, 0xf4, 0xf8, 0x00, 0xe0, 0xf4, 0xf8, 0x00, 0xd8, 0xf4, 0xf8, 0x00,
    0xd8, 0xf4, 0xf8, 0x00, 0xd8, 0xf4, 0xf8, 0x00, 0xd8, 0xf8, 0xf8, 0x00,
    0xe0, 0xf4, 0xf8, 0x00, 0xd8, 0xf4, 0xf8, 0x00, 0xd8, 0xf8, 0xf8, 0x00,
    0xd8, 0xf4, 0xf8, 0x00, 0xe0, 0xf4, 0xf8, 0x00, 0xd8, 0xf4, 0xf8, 0x00,
    0xd8, 0xf4, 0xf8, 0x00, 0xd8, 0xf8, 0xf8, 0x00, 0xd8, 0xf4, 0xf8, 0x00,
    0xe0, 0xf4, 0xf8, 0x00, 0xd8, 0xf8, 0xf8, 0x00, 0xd8, 0xf4, 0xf8, 0x00,
    0xd8, 0xf4, 0xf8, 0x04, 0xd8, 0xf4, 0xf8, 0x59, 0xd8, 0xf4, 0xf8, 0x00,
    0xd8, 0xf4, 0xf8, 0x55, 0xd8, 0xf8, 0xf8, 0x59, 0xe0, 0xf4, 0xf8, 0x04,
    0xd8, 0xf4, 0xf8, 0x00, 0xd8, 0xf4, 0xf8, 0x00, 0xd8, 0xf4, 0xf8, 0x00,
    0xd8, 0xf8, 0xf8, 0x00, 0xd8, 0xf4, 0xf8, 0x00, 0xd8, 0xf4, 0xf8, 0x00,
    0xd8, 0xf8, 0xf8, 0x00, 0xd8, 0xf4, 0xf8, 0x00, 0xe0, 0xf4, 0xf8, 0x00,
    0xd8, 0xf4, 0xf8, 0x00, 0xd8, 0xf4, 0xf8, 0x00, 0xd8, 0xf4, 0xf8, 0x00,
    0xd8, 0xf8, 0xf8, 0x00, 0xd8, 0xf4, 0xf8, 0x00, 0xd8, 0xf4, 0xf8, 0x00,
    0xd8, 0xf4, 0xf8, 0x00, 0xd8, 0xf8, 0xf8, 0x00, 0xe0, 0xf4, 0xf8, 0x00,
    0xd8, 0xf8, 0xf8, 0x00, 0xd8, 0xf4, 0xf8, 0x00, 0xd8, 0xf8, 0xf8, 0x00,
    0xd8, 0xf4, 0xf8, 0x00, 0xd8, 0xf4, 0xf8, 0x00, 0xd8, 0xf4, 0xf8, 0x00,
    0xd8, 0xf8, 0xf8, 0x00, 0xd8, 0xf4, 0xf8, 0x00, 0xe0, 0xf8, 0xf8, 0x00,
    0xd8, 0xf4, 0xf8, 0x00, 0xd8, 0xf8, 0xf8, 0x00, 0xd8, 0xf4, 0xf8, 0x00,
    0xd8, 0xf4, 0xf8, 0x00, 0xd8, 0xf4, 0xf8, 0x00, 0xd8, 0xf4, 0xf8, 0x00,
    0xd8, 0xf4, 0xf8, 0x00, 0xd8, 0xf4, 0xf8, 0x00, 0xe0, 0xf4, 0xf8, 0x00,
    0xd8, 0xf8, 0xf8, 0x00, 0xd8, 0xf4, 0xf8, 0x00, 0xd8, 0xf4, 0xf8, 0x00,
    0xd8, 0xf4, 0xf8, 0x00, 0xd8, 0xf8, 0xf8, 0x00, 0xd8, 0xf4, 0xf8, 0x00,
    0xd8, 0xf8, 0xf8, 0x00, 0xd8, 0xf4, 0xf8, 0x00, 0xe0, 0xf8, 0xf8, 0x00,
    0xd8, 0xf4, 0xf8, 0x00, 0xd8, 0xf4, 0xf8, 0x00, 0xd8, 0xf4, 0xf8, 0x00,
    0xd8, 0xf8, 0xf8, 0x00, 0xd8, 0xf4, 0xf8, 0x00, 0xd8, 0xf8, 0xf8, 0x00,
    0xd8, 0xf4, 0xf8, 0x00, 0xd8, 0xf8, 0xf8, 0x00, 0xe0, 0xf4, 0xf8, 0x00,
    0xd8, 0xf4, 0xf8, 0x00, 0xd8, 0xf4, 0xf8, 0x00, 0xd8, 0xf4, 0xf8, 0x00,
    0xd8, 0xf4, 0xf8, 0x00, 0xd8, 0xf4, 0xf8, 0x00, 0xd8, 0xf4, 0xf8, 0x00,
    0xd8, 0xf8, 0xf8, 0x00, 0xd8, 0xf4, 0xf8, 0x00, 0xe0, 0xf4, 0xf8, 0x00,
    0xd8, 0xf4, 0xf8, 0x00, 0xd8, 0xf8, 0xf8, 0x00, 0xd8, 0xf4, 0xf8, 0x00,
    0xd8, 0xf8, 0xf8, 0x00, 0xd8, 0xf4, 0xf8, 0x00, 0xd8, 0xf8, 0xf8, 0x00,
    0xd8, 0xf4, 0xf8, 0x00, 0xd8, 0xf4, 0xf8, 0x00, 0xe0, 0xf4, 0xf8, 0x00,
    0xd8, 0xf8, 0xf8, 0x00, 0xd8, 0xf4, 0xf8, 0x00, 0xd8, 0xf8, 0xf8, 0x00,
    0xd8, 0xf4, 0xf8, 0x00, 0xd8, 0xf8, 0xf8, 0x00, 0xd8, 0xf4, 0xf8, 0x00,
    0xd8, 0xf4, 0xf8, 0x00, 0xd8, 0xf4, 0xf8, 0x00, 0xe0, 0xf4, 0xf8, 0x00,
    0xd8, 0xf4, 0xf8, 0x00, 0xd8, 0xf4, 0xf8, 0x00, 0xd8, 0xf4, 0xf8, 0x00,
    0xd8, 0xf8, 0xf8, 0x00, 0xd8, 0xf4, 0xf8, 0x00, 0xd8, 0xf4, 0xf8, 0x00,
    0xd8, 0xf4, 0xf8, 0x00, 0xd8, 0xf8, 0xf8, 0x00, 0xe0, 0xf4, 0xf8, 0x00,
    0xd8, 0xf8, 0xf8, 0x00, 0xd8, 0xf4, 0xf8, 0x00, 0xd8, 0xf8, 0xf8, 0x00,
    0xd8, 0xf4, 0xf8, 0x00, 0xd8, 0xf4, 0xf8, 0x00, 0xd8, 0xf4, 0xf8, 0x00,
    0xd8, 0xf8, 0xf8, 0x00, 0xd8, 0xf4, 0xf8, 0x00, 0xe0, 0xf8, 0xf8, 0x00,
    0xd8, 0xf4, 0xf8, 0x00, 0xd8, 0xf8, 0xf8, 0x00, 0xd8, 0xf4, 0xf8, 0x00,
    0xd8, 0xf4, 0xf8, 0x00, 0xd8, 0xf4, 0xf8, 0x00, 0xd8, 0xf4, 0xf8, 0x00,
    0xd8, 0xf4, 0xf8, 0x00, 0xd8, 0xf4, 0xf8, 0x00, 0xe0, 0xf4, 0xf8, 0x00,
    0xd8, 0xf8, 0xf8, 0x00, 0xd8, 0xf4, 0xf8, 0x00, 0xd8, 0xf4, 0xf8, 0x00,
    0xd8, 0xf4, 0xf8, 0x00, 0xd8, 0xf8, 0xf8, 0x00, 0xd8, 0xf4, 0xf8, 0x00,
    0xd8, 0xf8, 0xf8, 0x00, 0xd8, 0xf4, 0xf8, 0x00, 0xe0, 0xf8, 0xf8, 0x00,
    0xd8, 0xf4, 0xf8, 0x00, 0xd8, 0xf4, 0xf8, 0x00, 0xd8, 0xf4, 0xf8, 0x00,
    0xd8, 0xf8, 0xf8, 0x00, 0xd8, 0xf4, 0xf8, 0x00, 0xd8, 0xf8, 0xf8, 0x00,
    0xd8, 0xf4, 0xf8, 0x00, 0xd8, 0xf8, 0xf8, 0x00, 0xe0, 0xf4, 0xf8, 0x00,
    0xd8, 0xf4, 0xf8, 0x00, 0xd8, 0xf4, 0xf8, 0x00, 0xd8, 0xf4, 0xf8, 0x00,
    0xd8, 0xf4, 0xf8, 0x00, 0xd8, 0xf4, 0xf8, 0x00, 0xd8, 0xf4, 0xf8, 0x00,
    0xd8, 0xf8, 0xf8, 0x00, 0xd8, 0xf4, 0xf8, 0x00, 0xe0, 0xf4, 0xf8, 0x00,
    0xd8, 0xf4, 0xf8, 0x00, 0xd8, 0xf8, 0xf8, 0x00, 0xd8, 0xf4, 0xf8, 0x00,
    0xd8, 0xf8, 0xf8, 0x00, 0xd8, 0xf4, 0xf8, 0x00, 0xd8, 0xf8, 0xf8, 0x00,
    0xd8, 0xf4, 0xf8, 0x00, 0xd8, 0xf4, 0xf8, 0x00, 0xe0, 0xf4, 0xf8, 0x00,
    0xd8, 0xf8, 0xf8, 0x00, 0xd8, 0xf4, 0xf8, 0x00, 0xd8, 0xf8, 0xf8, 0x00,
    0xd8, 0xf4, 0xf8, 0x00, 0xd8, 0xf8, 0xf8, 0x00, 0xd8, 0xf4, 0xf8, 0x00,
    0xd8, 0xf4, 0xf8, 0x00, 0xd8, 0xf4, 0xf8, 0x00, 0xe0, 0xf4, 0xf8, 0x00,
    0xd8, 0xf4, 0xf8, 0x00, 0xd8, 0xf4, 0xf8, 0x00, 0xd8, 0xf4, 0xf8, 0x00,
    0xd8, 0xf8, 0xf8, 0x00, 0xd8, 0xf4, 0xf8, 0x00, 0xd8, 0xf4, 0xf8, 0x00,
    0xd8, 0xf4, 0xf8, 0x00, 0xd8, 0xf8, 0xf8, 0x00, 0xe0, 0xf4, 0xf8, 0x00,
    0xd8, 0xf8, 0xf8, 0x00, 0xd8, 0xf4, 0xf8, 0x00, 0xd8, 0xf8, 0xf8, 0x00,
    0xd8, 0xf4, 0xf8, 0x00, 0xd8, 0xf4, 0xf8, 0x00, 0xd8, 0xf4, 0xf8, 0x00,
    0xd8, 0xf8, 0xf8, 0x00, 0xd8, 0xf4, 0xf8, 0x00, 0xe0, 0xf8, 0xf8, 0x00,
    0xd8, 0xf4, 0xf8, 0x00, 0xd8, 0xf8, 0xf8, 0x00, 0xd8, 0xf4, 0xf8, 0x00,
    0xd8, 0xf4, 0xf8, 0x00, 0xd8, 0xf4, 0xf8, 0x00, 0xd8, 0xf4, 0xf8, 0x00,
    0xd8, 0xf4, 0xf8, 0x00, 0xd8, 0xf4, 0xf8, 0x00, 0xe0, 0xf4, 0xf8, 0x00,
    0xd8, 0xf8, 0xf8, 0x00, 0xd8, 0xf4, 0xf8, 0x00, 0xd8, 0xf4, 0xf8, 0x00,
    0xd8, 0xf4, 0xf8, 0x00, 0xd8, 0xf8, 0xf8, 0x00, 0xd8, 0xf4, 0xf8, 0x00,
    0xd8, 0xf8, 0xf8, 0x00, 0xd8, 0xf4, 0xf8, 0x00, 0xe0, 0xf8, 0xf8, 0x00,
    0xd8, 0xf4, 0xf8, 0x00, 0xd8, 0xf4, 0xf8, 0x00, 0xd8, 0xf4, 0xf8, 0x00,
    0xd8, 0xf8, 0xf8, 0x00, 0xd8, 0xf4, 0xf8, 0x00, 0xd8, 0xf8, 0xf8, 0x00,
    0xd8, 0xf4, 0xf8, 0x00, 0xd8, 0xf8, 0xf8, 0x00, 0xe0, 0xf4, 0xf8, 0x00,
    0xd8, 0xf4, 0xf8, 0x00, 0xd8, 0xf4, 0xf8, 0x00, 0xd8, 0xf4, 0xf8, 0x00,
    0xd8, 0xf4, 0xf8, 0x00, 0xd8, 0xf4, 0xf8, 0x00, 0xd8, 0xf4, 0xf8, 0x00,
    0xd8, 0xf8, 0xf8, 0x00, 0xd8, 0xf4, 0xf8, 0x00, 0xe0, 0xf4, 0xf8, 0x00,
    0xd8, 0xf4, 0xf8, 0x00, 0xd8, 0xf8, 0xf8, 0x00, 0xd8, 0xf4, 0xf8, 0x00,
    0xd8, 0xf8, 0xf8, 0x00, 0xd8, 0xf4, 0xf8, 0x00, 0xd8, 0xf8, 0xf8, 0x00,
    0xd8, 0xf4, 0xf8, 0x00, 0xd8, 0xf4, 0xf8, 0x00, 0xe0, 0xf4, 0xf8, 0x00,
    0xd8, 0xf8, 0xf8, 0x00, 0xd8, 0xf4, 0xf8, 0x00, 0xd8, 0xf8, 0xf8, 0x00,
    0xd8, 0xf4, 0xf8, 0x00, 0xd8, 0xf8, 0xf8, 0x00, 0xd8, 0xf4, 0xf8, 0x00,
    0xd8, 0xf4, 0xf8, 0x00, 0xd8, 0xf4, 0xf8, 0x00, 0xe0, 0xf4, 0xf8, 0x00,
    0xd8, 0xf4, 0xf8, 0x00, 0xd8, 0xf4, 0xf8, 0x00, 0xd8, 0xf4, 0xf8, 0x00,
    0xd8, 0xf8, 0xf8, 0x00, 0xd8, 0xf4, 0xf8, 0x00, 0xd8, 0xf4, 0xf8, 0x00,
    0xd8, 0xf4, 0xf8, 0x00, 0xd8, 0xf8, 0xf8, 0x00, 0xe0, 0xf4, 0xf8, 0x00,
    0xd8, 0xf8, 0xf8, 0x00, 0xd8, 0xf4, 0xf8, 0x00, 0xd8, 0xf8, 0xf8, 0x00,
    0xd8, 0xf4, 0xf8, 0x00, 0xd8, 0xf4, 0xf8, 0x00, 0xd8, 0xf4, 0xf8, 0x00,
    0xd8, 0xf8, 0xf8, 0x00, 0xd8, 0xf4, 0xf8, 0x00, 0xe0, 0xf8, 0xf8, 0x00,
    0xd8, 0xf4, 0xf8, 0x00, 0xd8, 0xf8, 0xf8, 0x00, 0xd8, 0xf4, 0xf8, 0x00,
    0xd8, 0xf4, 0xf8, 0x00, 0xd8, 0xf4, 0xf8, 0x00, 0xd8, 0xf4, 0xf8, 0x00,
    0xd8, 0xf4, 0xf8, 0x00, 0xd8, 0xf4, 0xf8, 0x00, 0xe0, 0xf4, 0xf8, 0x00,
    0xd8, 0xf8, 0xf8, 0x00, 0xd8, 0xf4, 0xf8, 0x00, 0xd8, 0xf4, 0xf8, 0x00,
    0xd8, 0xf4, 0xf8, 0x00, 0xd8, 0xf8, 0xf8, 0x00, 0xd8, 0xf4, 0xf8, 0x00,
    0xd8, 0xf8, 0xf8, 0x00, 0xd8, 0xf4, 0xf8, 0x00, 0xe0, 0xf8, 0xf8, 0x00,
    0xd8, 0xf4, 0xf8, 0x00, 0xd8, 0xf4, 0xf8, 0x00, 0xd8, 0xf4, 0xf8, 0x00,
    0xd8, 0xf8, 0xf8, 0x00, 0xd8, 0xf4, 0xf8, 0x00, 0xd8, 0xf8, 0xf8, 0x00,
    0xd8, 0xf4, 0xf8, 0x00, 0xd8, 0xf8, 0xf8, 0x00, 0xe0, 0xf4, 0xf8, 0x00,
    0xd8, 0xf4, 0xf8, 0x00, 0xd8, 0xf4, 0xf8, 0x00, 0xd8, 0xf4, 0xf8, 0x00,
    0xd8, 0xf4, 0xf8, 0x00, 0xd8, 0xf4, 0xf8, 0x00, 0xd8, 0xf4, 0xf8, 0x00,
    0xd8, 0xf8, 0xf8, 0x00, 0xd8, 0xf4, 0xf8, 0x00, 0xe0, 0xf4, 0xf8, 0x00,
    0xd8, 0xf4, 0xf8, 0x00, 0xd8, 0xf4, 0xf8, 0x00, 0xd8, 0xf4, 0xf8, 0x00,
    0xd8, 0xf4, 0xf8, 0x00, 0xe0, 0xf8, 0xf8, 0x00, 0xd8, 0xf4, 0xf8, 0x04,
    0xd8, 0xf4, 0xf8, 0x59, 0xd8, 0xf4, 0xf8, 0x00, 0xd8, 0xf4, 0xf8, 0x55,
    0xd8, 0xf8, 0xf8, 0x59, 0xd8, 0xf4, 0xf8, 0x04, 0xd8, 0xf4, 0xf8, 0x00,
    0xd8, 0xf4, 0xf8, 0x00, 0xd8, 0xf4, 0xf8, 0x00, 0xd8, 0xf4, 0xf8, 0x00,
    0xe0, 0xf8, 0xf8, 0x00, 0xd8, 0xf4, 0xf8, 0x00, 0xd8, 0xf4, 0xf8, 0x00,
    0xd8, 0xf4, 0xf8, 0x00, 0xd8, 0xf8, 0xf8, 0x00, 0xd8, 0xf4, 0xf8, 0x00,
    0xd8, 0xf4, 0xf8, 0x00, 0xd8, 0xf8, 0xf8, 0x00, 0xe0, 0xf4, 0xf8, 0x00,
    0xd8, 0xf4, 0xf8, 0x00, 0xd8, 0xf4, 0xf8, 0x00, 0xd8, 0xf8, 0xf8, 0x00,
    0xd8, 0xf4, 0xf8, 0x00, 0xd8, 0xf4, 0xf8, 0x00, 0xd8, 0xf4, 0xf8, 0x00,
    0xd8, 0xf4, 0xf8, 0x00, 0xd8, 0xf8, 0xf8, 0x00, 0xe0, 0xf4, 0xf8, 0x00,
    0xd8, 0xf4, 0xf8, 0x00, 0xd8, 0xf4, 0xf8, 0x00, 0xd8, 0xf4, 0xf8, 0x00,
    0xd8, 0xf4, 0xf8, 0x00, 0xd8, 0xf4, 0xf8, 0x00, 0xd8, 0xf8, 0xf8, 0x00,
    0xd8, 0xf4, 0xf8, 0x00, 0xd8, 0xf4, 0xf8, 0x00, 0xe0, 0xf8, 0xf8, 0x00,
    0xd8, 0xf4, 0xf8, 0x00, 0xd8, 0xf8, 0xf8, 0x00, 0xd8, 0xf4, 0xf8, 0x00,
    0xd8, 0xf4, 0xf8, 0x00, 0xd8, 0xf8, 0xf8, 0x00, 0xd8, 0xf4, 0xf8, 0x00,
    0xd8, 0xf4, 0xf8, 0x00, 0xd8, 0xf4, 0xf8, 0x00, 0xe0, 0xf8, 0xf8, 0x00,
    0xd8, 0xf4, 0xf8, 0x00, 0xd8, 0xf4, 0xf8, 0x00, 0xd8, 0xf4, 0xf8, 0x00,
    0xd8, 0xf4, 0xf8, 0x00, 0xd8, 0xf8, 0xf8, 0x00, 0xd8, 0xf4, 0xf8, 0x00,
    0xd8, 0xf4, 0xf8, 0x00, 0xd8, 0xf4, 0xf8, 0x00, 0xe0, 0xf4, 0xf8, 0x00,
    0xd8, 0xf4, 0xf8, 0x00, 0xd8, 0xf4, 0xf8, 0x00, 0xd8, 0xf8, 0xf8, 0x00,
    0xd8, 0xf4, 0xf8, 0x00, 0xd8, 0xf4, 0xf8, 0x00, 0xd8, 0xf8, 0xf8, 0x00,
    0xd8, 0xf4, 0xf8, 0x00, 0xd8, 0xf8, 0xf8, 0x00, 0xe0, 0xf4, 0xf8, 0x00,
    0xd8, 0xf4, 0xf8, 0x00, 0xd8, 0xf8, 0xf8, 0x00, 0xd8, 0xf4, 0xf8, 0x00,
    0xd8, 0xf4, 0xf8, 0x00, 0xd8, 0xf4, 0xf8, 0x00, 0xd8, 0xf8, 0xf8, 0x00,
    0xd8, 0xf4, 0xf8, 0x00, 0xd8, 0xf4, 0xf8, 0x00, 0xe0, 0xf4, 0xf8, 0x00,
    0xd8, 0xf4, 0xf8, 0x00, 0xd8, 0xf8, 0xf8, 0x00, 0xd8, 0xf4, 0xf8, 0x00,
    0xd8, 0xf4, 0xf8, 0x00, 0xd8, 0xf4, 0xf8, 0x00, 0xd8, 0xf4, 0xf8, 0x00,
    0xd8, 0xf4, 0xf8, 0x00, 0xd8, 0xf4, 0xf8, 0x00, 0xe0, 0xf8, 0xf8, 0x00,
    0xd8, 0xf4, 0xf8, 0x00, 0xd8, 0xf4, 0xf8, 0x00, 0xd8, 0xf8, 0xf8, 0x00,
    0xd8, 0xf4, 0xf8, 0x00, 0xd8, 0xf8, 0xf8, 0x00, 0xd8, 0xf4, 0xf8, 0x00,
    0xd8, 0xf4, 0xf8, 0x00, 0xd8, 0xf8, 0xf8, 0x00, 0xe0, 0xf4, 0xf8, 0x00,
    0xd8, 0xf4, 0xf8, 0x00, 0xd8, 0xf4, 0xf8, 0x00, 0xd8, 0xf8, 0xf8, 0x00,
    0xd8, 0xf4, 0xf8, 0x00, 0xd8, 0xf4, 0xf8, 0x00, 0xd8, 0xf4, 0xf8, 0x00,
    0xd8, 0xf4, 0xf8, 0x00, 0xd8, 0xf8, 0xf8, 0x00, 0xe0, 0xf4, 0xf8, 0x00,
    0xd8, 0xf4, 0xf8, 0x00, 0xd8, 0xf4, 0xf8, 0x00, 0xd8, 0xf4, 0xf8, 0x00,
    0xd8, 0xf4, 0xf8, 0x00, 0xd8, 0xf4, 0xf8, 0x00, 0xd8, 0xf8, 0xf8, 0x00,
    0xd8, 0xf4, 0xf8, 0x00, 0xd8, 0xf4, 0xf8, 0x00, 0xe0, 0xf8, 0xf8, 0x00,
    0xd8, 0xf4, 0xf8, 0x00, 0xd8, 0xf8, 0xf8, 0x00, 0xd8, 0xf4, 0xf8, 0x00,
    0xd8, 0xf4, 0xf8, 0x00, 0xd8, 0xf8, 0xf8, 0x00, 0xd8, 0xf4, 0xf8, 0x00,
    0xd8, 0xf4, 0xf8, 0x00, 0xd8, 0xf4, 0xf8, 0x00, 0xe0, 0xf8, 0xf8, 0x00,
    0xd8, 0xf4, 0xf8, 0x00, 0xd8, 0xf4, 0xf8, 0x00, 0xd8, 0xf4, 0xf8, 0x00,
    0xd8, 0xf4, 0xf8, 0x00, 0xd8, 0xf8, 0xf8, 0x00, 0xd8, 0xf4, 0xf8, 0x00,
    0xd8, 0xf4, 0xf8, 0x00, 0xd8, 0xf4, 0xf8, 0x00, 0xe0, 0xf4, 0xf8, 0x00,
    0xd8, 0xf4, 0xf8, 0x00, 0xd8, 0xf4, 0xf8, 0x00, 0xd8, 0xf8, 0xf8, 0x00,
    0xd8, 0xf4, 0xf8, 0x00, 0xd8, 0xf4, 0xf8, 0x00, 0xd8, 0xf8, 0xf8, 0x00,
    0xd8, 0xf4, 0xf8, 0x00, 0xd8, 0xf8, 0xf8, 0x00, 0xe0, 0xf4, 0xf8, 0x00,
    0xd8, 0xf4, 0xf8, 0x00, 0xd8, 0xf8, 0xf8, 0x00, 0xd8, 0xf4, 0xf8, 0x00,
    0xd8, 0xf4, 0xf8, 0x00, 0xd8, 0xf4, 0xf8, 0x00, 0xd8, 0xf8, 0xf8, 0x00,
    0xd8, 0xf4, 0xf8, 0x00, 0xd8, 0xf4, 0xf8, 0x00, 0xe0, 0xf4, 0xf8, 0x00,
    0xd8, 0xf4, 0xf8, 0x00, 0xd8, 0xf8, 0xf8, 0x00, 0xd8, 0xf4, 0xf8, 0x00,
    0xd8, 0xf4, 0xf8, 0x00, 0xd8, 0xf4, 0xf8, 0x00, 0xd8, 0xf4, 0xf8, 0x00,
    0xd8, 0xf4, 0xf8, 0x00, 0xd8, 0xf4, 0xf8, 0x00, 0xe0, 0xf8, 0xf8, 0x00,
    0xd8, 0xf4, 0xf8, 0x00, 0xd8, 0xf4, 0xf8, 0x00, 0xd8, 0xf8, 0xf8, 0x00,
    0xd8, 0xf4, 0xf8, 0x00, 0xd8, 0xf8, 0xf8, 0x00, 0xd8, 0xf4, 0xf8, 0x00,
    0xd8, 0xf4, 0xf8, 0x00, 0xd8, 0xf8, 0xf8, 0x00, 0xe0, 0xf4, 0xf8, 0x00,
    0xd8, 0xf4, 0xf8, 0x00, 0xd8, 0xf4, 0xf8, 0x00, 0xd8, 0xf8, 0xf8, 0x00,
    0xd8, 0xf4, 0xf8, 0x00, 0xd8, 0xf4, 0xf8, 0x00, 0xd8, 0xf4, 0xf8, 0x00,
    0xd8, 0xf4, 0xf8, 0x00, 0xd8, 0xf8, 0xf8, 0x00, 0xe0, 0xf4, 0xf8, 0x00,
    0xd8, 0xf4, 0xf8, 0x00, 0xd8, 0xf4, 0xf8, 0x00, 0xd8, 0xf4, 0xf8, 0x00,
    0xd8, 0xf4, 0xf8, 0x00, 0xd8, 0xf4, 0xf8, 0x00, 0xd8, 0xf8, 0xf8, 0x00,
    0xd8, 0xf4, 0xf8, 0x00, 0xd8, 0xf4, 0xf8, 0x00, 0xe0, 0xf8, 0xf8, 0x00,
    0xd8, 0xf4, 0xf8, 0x00, 0xd8, 0xf8, 0xf8, 0x00, 0xd8, 0xf4, 0xf8, 0x00,
    0xd8, 0xf4, 0xf8, 0x00, 0xd8, 0xf8, 0xf8, 0x00, 0xd8, 0xf4, 0xf8, 0x00,
    0xd8, 0xf4, 0xf8, 0x00, 0xd8, 0xf4, 0xf8, 0x00, 0xe0, 0xf8, 0xf8, 0x00,
    0xd8, 0xf4, 0xf8, 0x00, 0xd8, 0xf4, 0xf8, 0x00, 0xd8, 0xf4, 0xf8, 0x00,
    0xd8, 0xf4, 0xf8, 0x00, 0xd8, 0xf8, 0xf8, 0x00, 0xd8, 0xf4, 0xf8, 0x00,
    0xd8, 0xf4, 0xf8, 0x00, 0xd8, 0xf4, 0xf8, 0x00, 0xe0, 0xf4, 0xf8, 0x00,
    0xd8, 0xf4, 0xf8, 0x00, 0xd8, 0xf4, 0xf8, 0x00, 0xd8, 0xf8, 0xf8, 0x00,
    0xd8, 0xf4, 0xf8, 0x00, 0xd8, 0xf4, 0xf8, 0x00, 0xd8, 0xf8, 0xf8, 0x00,
    0xd8, 0xf4, 0xf8, 0x00, 0xd8, 0xf8, 0xf8, 0x00, 0xe0, 0xf4, 0xf8, 0x00,
    0xd8, 0xf4, 0xf8, 0x00, 0xd8, 0xf8, 0xf8, 0x00, 0xd8, 0xf4, 0xf8, 0x00,
    0xd8, 0xf4, 0xf8, 0x00, 0xd8, 0xf4, 0xf8, 0x00, 0xd8, 0xf8, 0xf8, 0x00,
    0xd8, 0xf4, 0xf8, 0x00, 0xd8, 0xf4, 0xf8, 0x00, 0xe0, 0xf4, 0xf8, 0x00,
    0xd8, 0xf4, 0xf8, 0x00, 0xd8, 0xf8, 0xf8, 0x00, 0xd8, 0xf4, 0xf8, 0x00,
    0xd8, 0xf4, 0xf8, 0x00, 0xd8, 0xf4, 0xf8, 0x00, 0xd8, 0xf4, 0xf8, 0x00,
    0xd8, 0xf4, 0xf8, 0x00, 0xd8, 0xf4, 0xf8, 0x00, 0xe0, 0xf8, 0xf8, 0x00,
    0xd8, 0xf4, 0xf8, 0x00, 0xd8, 0xf4, 0xf8, 0x00, 0xd8, 0xf8, 0xf8, 0x00,
    0xd8, 0xf4, 0xf8, 0x00, 0xd8, 0xf8, 0xf8, 0x00, 0xd8, 0xf4, 0xf8, 0x00,
    0xd8, 0xf4, 0xf8, 0x00, 0xd8, 0xf8, 0xf8, 0x00, 0xe0, 0xf4, 0xf8, 0x00,
    0xd8, 0xf4, 0xf8, 0x00, 0xd8, 0xf4, 0xf8, 0x00, 0xd8, 0xf8, 0xf8, 0x00,
    0xd8, 0xf4, 0xf8, 0x00, 0xd8, 0xf4, 0xf8, 0x00, 0xd8, 0xf4, 0xf8, 0x00,
    0xd8, 0xf4, 0xf8, 0x00, 0xd8, 0xf8, 0xf8, 0x00, 0xe0, 0xf4, 0xf8, 0x00,
    0xd8, 0xf4, 0xf8, 0x00, 0xd8, 0xf4, 0xf8, 0x00, 0xd8, 0xf4, 0xf8, 0x00,
    0xd8, 0xf4, 0xf8, 0x00, 0xd8, 0xf4, 0xf8, 0x00, 0xd8, 0xf8, 0xf8, 0x00,
    0xd8, 0xf4, 0xf8, 0x00, 0xd8, 0xf4, 0xf8, 0x00, 0xe0, 0xf8, 0xf8, 0x00,
    0xd8, 0xf4, 0xf8, 0x00, 0xd8, 0xf8, 0xf8, 0x00, 0xd8, 0xf4, 0xf8, 0x00,
    0xd8, 0xf4, 0xf8, 0x00, 0xd8, 0xf8, 0xf8, 0x00, 0xd8, 0xf4, 0xf8, 0x00,
    0xd8, 0xf4, 0xf8, 0x00, 0xd8, 0xf4, 0xf8, 0x00, 0xe0, 0xf8, 0xf8, 0x00,
    0xd8, 0xf4, 0xf8, 0x00, 0xd8, 0xf4, 0xf8, 0x00, 0xd8, 0xf4, 0xf8, 0x00,
    0xd8, 0xf4, 0xf8, 0x00, 0xd8, 0xf8, 0xf8, 0x00, 0xd8, 0xf4, 0xf8, 0x00,
    0xd8, 0xf4, 0xf8, 0x00, 0xd8, 0xf4, 0xf8, 0x00, 0xe0, 0xf4, 0xf8, 0x00,
    0xd8, 0xf4, 0xf8, 0x00, 0xd8, 0xf4, 0xf8, 0x00, 0xd8, 0xf8, 0xf8, 0x00,
    0xd8, 0xf4, 0xf8, 0x00, 0xd8, 0xf4, 0xf8, 0x00, 0xd8, 0xf8, 0xf8, 0x00,
    0xd8, 0xf4, 0xf8, 0x00, 0xd8, 0xf8, 0xf8, 0x00, 0xe0, 0xf4, 0xf8, 0x00,
    0xd8, 0xf4, 0xf8, 0x00, 0xd8, 0xf8, 0xf8, 0x00, 0xd8, 0xf4, 0xf8, 0x00,
    0xd8, 0xf4, 0xf8, 0x00, 0xd8, 0xf8, 0xf8, 0x00, 0xd8, 0xf4, 0xf8, 0x00,
    0xd8, 0xf8, 0xf8, 0x00, 0xd8, 0xf4, 0xf8, 0x00, 0xd8, 0xf4, 0xf8, 0x00,
    0xd8, 0xf4, 0xf8, 0x00, 0xd8, 0xf4, 0xf8, 0x04, 0xd8, 0xf4, 0xf8, 0x59,
    0xd8, 0xf4, 0xf8, 0x00, 0xd8, 0xf4, 0xf8, 0x55, 0xd8, 0xf4, 0xf8, 0x59,
    0xd8, 0xf8, 0xf8, 0x04, 0xd8, 0xf4, 0xf8, 0x00, 0xe0, 0xf8, 0xf8, 0x00,
    0xd8, 0xf4, 0xf8, 0x00, 0xd8, 0xf4, 0xf8, 0x00, 0xd8, 0xf4, 0xf8, 0x00,
    0xd8, 0xf8, 0xf8, 0x00, 0xd8, 0xf4, 0xf8, 0x00, 0xd8, 0xf4, 0xf8, 0x00,
    0xd8, 0xf8, 0xf8, 0x00, 0xd8, 0xf4, 0xf8, 0x00, 0xd8, 0xf4, 0xf8, 0x00,
    0xd8, 0xf4, 0xf8, 0x00, 0xd8, 0xf4, 0xf8, 0x00, 0xd8, 0xf8, 0xf8, 0x00,
    0xd8, 0xf4, 0xf8, 0x00, 0xe0, 0xf4, 0xf8, 0x00, 0xd8, 0xf4, 0xf8, 0x00,
    0xd8, 0xf4, 0xf8, 0x00, 0xd8, 0xf4, 0xf8, 0x00, 0xd8, 0xf4, 0xf8, 0x00,
    0xd8, 0xf4, 0xf8, 0x00, 0xd8, 0xf8, 0xf8, 0x00, 0xd8, 0xf4, 0xf8, 0x00,
    0xd8, 0xf8, 0xf8, 0x00, 0xe0, 0xf4, 0xf8, 0x00, 0xd8, 0xf4, 0xf8, 0x00,
    0xd8, 0xf4, 0xf8, 0x00, 0xd8, 0xf4, 0xf8, 0x00, 0xd8, 0xf4, 0xf8, 0x00,
    0xd8, 0xf4, 0xf8, 0x00, 0xd8, 0xf4, 0xf8, 0x00, 0xd8, 0xf8, 0xf8, 0x00,
    0xd8, 0xf4, 0xf8, 0x00, 0xe0, 0xf4, 0xf8, 0x00, 0xd8, 0xf8, 0xf8, 0x00,
    0xd8, 0xf4, 0xf8, 0x00, 0xd8, 0xf4, 0xf8, 0x00, 0xd8, 0xf4, 0xf8, 0x00,
    0xd8, 0xf8, 0xf8, 0x00, 0xd8, 0xf4, 0xf8, 0x00, 0xd8, 0xf4, 0xf8, 0x00,
    0xd8, 0xf4, 0xf8, 0x00, 0xe0, 0xf4, 0xf8, 0x00, 0xd8, 0xf4, 0xf8, 0x00,
    0xd8, 0xf4, 0xf8, 0x00, 0xd8, 0xf8, 0xf8, 0x00, 0xd8, 0xf4, 0xf8, 0x00,
    0xd8, 0xf8, 0xf8, 0x00, 0xd8, 0xf4, 0xf8, 0x00, 0xd8, 0xf4, 0xf8, 0x00,
    0xd8, 0xf4, 0xf8, 0x00, 0xe0, 0xf4, 0xf8, 0x00, 0xd8, 0xf4, 0xf8, 0x00,
    0xd8, 0xf4, 0xf8, 0x00, 0xd8, 0xf4, 0xf8, 0x00, 0xd8, 0xf8, 0xf8, 0x00,
    0xd8, 0xf4, 0xf8, 0x00, 0xd8, 0xf4, 0xf8, 0x00, 0xd8, 0xf8, 0xf8, 0x00,
    0xd8, 0xf4, 0xf8, 0x00, 0xe0, 0xf4, 0xf8, 0x00, 0xd8, 0xf4, 0xf8, 0x00,
    0xd8, 0xf8, 0xf8, 0x00, 0xd8, 0xf4, 0xf8, 0x00, 0xd8, 0xf4, 0xf8, 0x00,
    0xd8, 0xf4, 0xf8, 0x00, 0xd8, 0xf4, 0xf8, 0x00, 0xd8, 0xf4, 0xf8, 0x00,
    0xd8, 0xf4, 0xf8, 0x00, 0xe0, 0xf8, 0xf8, 0x00, 0xd8, 0xf4, 0xf8, 0x00,
    0xd8, 0xf8, 0xf8, 0x00, 0xd8, 0xf4, 0xf8, 0x00, 0xd8, 0xf4, 0xf8, 0x00,
    0xd8, 0xf4, 0xf8, 0x00, 0xd8, 0xf4, 0xf8, 0x00, 0xd8, 0xf4, 0xf8, 0x00,
    0xd8, 0xf4, 0xf8, 0x00, 0xe0, 0xf4, 0xf8, 0x00, 0xd8, 0xf8, 0xf8, 0x00,
    0xd8, 0xf4, 0xf8, 0x00, 0xd8, 0xf4, 0xf8, 0x00, 0xd8, 0xf8, 0xf8, 0x00,
    0xd8, 0xf4, 0xf8, 0x00, 0xd8, 0xf4, 0xf8, 0x00, 0xd8, 0xf4, 0xf8, 0x00,
    0xd8, 0xf8, 0xf8, 0x00, 0xe0, 0xf4, 0xf8, 0x00, 0xd8, 0xf4, 0xf8, 0x00,
    0xd8, 0xf4, 0xf8, 0x00, 0xd8, 0xf4, 0xf8, 0x00, 0xd8, 0xf4, 0xf8, 0x00,
    0xd8, 0xf4, 0xf8, 0x00, 0xd8, 0xf8, 0xf8, 0x00, 0xd8, 0xf4, 0xf8, 0x00,
    0xd8, 0xf8, 0xf8, 0x00, 0xe0, 0xf4, 0xf8, 0x00, 0xd8, 0xf4, 0xf8, 0x00,
    0xd8, 0xf4, 0xf8, 0x00, 0xd8, 0xf4, 0xf8, 0x00, 0xd8, 0xf4, 0xf8, 0x00,
    0xd8, 0xf4, 0xf8, 0x00, 0xd8, 0xf4, 0xf8, 0x00, 0xd8, 0xf8, 0xf8, 0x00,
    0xd8, 0xf4, 0xf8, 0x00, 0xe0, 0xf4, 0xf8, 0x00, 0xd8, 0xf8, 0xf8, 0x00,
    0xd8, 0xf4, 0xf8, 0x00, 0xd8, 0xf4, 0xf8, 0x00, 0xd8, 0xf4, 0xf8, 0x00,
    0xd8, 0xf8, 0xf8, 0x00, 0xd8, 0xf4, 0xf8, 0x00, 0xd8, 0xf4, 0xf8, 0x00,
    0xd8, 0xf4, 0xf8, 0x00, 0xe0, 0xf4, 0xf8, 0x00, 0xd8, 0xf4, 0xf8, 0x00,
    0xd8, 0xf4, 0xf8, 0x00, 0xd8, 0xf8, 0xf8, 0x00, 0xd8, 0xf4, 0xf8, 0x00,
    0xd8, 0xf8, 0xf8, 0x00, 0xd8, 0xf4, 0xf8, 0x00, 0xd8, 0xf4, 0xf8, 0x00,
    0xd8, 0xf4, 0xf8, 0x00, 0xe0, 0xf4, 0xf8, 0x00, 0xd8, 0xf4, 0xf8, 0x00,
    0xd8, 0xf4, 0xf8, 0x00, 0xd8, 0xf4, 0xf8, 0x00, 0xd8, 0xf8, 0xf8, 0x00,
    0xd8, 0xf4, 0xf8, 0x00, 0xd8, 0xf4, 0xf8, 0x00, 0xd8, 0xf8, 0xf8, 0x00,
    0xd8, 0xf4, 0xf8, 0x00, 0xe0, 0xf4, 0xf8, 0x00, 0xd8, 0xf4, 0xf8, 0x00,
    0xd8, 0xf8, 0xf8, 0x00, 0xd8, 0xf4, 0xf8, 0x00, 0xd8, 0xf4, 0xf8, 0x00,
    0xd8, 0xf4, 0xf8, 0x00, 0xd8, 0xf4, 0xf8, 0x00, 0xd8, 0xf4, 0xf8, 0x00,
    0xd8, 0xf4, 0xf8, 0x00, 0xe0, 0xf8, 0xf8, 0x00, 0xd8, 0xf4, 0xf8, 0x00,
    0xd8, 0xf8, 0xf8, 0x00, 0xd8, 0xf4, 0xf8, 0x00, 0xd8, 0xf4, 0xf8, 0x00,
    0xd8, 0xf4, 0xf8, 0x00, 0xd8, 0xf4, 0xf8, 0x00, 0xd8, 0xf4, 0xf8, 0x00,
    0xd8, 0xf4, 0xf8, 0x00, 0xe0, 0xf4, 0xf8, 0x00, 0xd8, 0xf8, 0xf8, 0x00,
    0xd8, 0xf4, 0xf8, 0x00, 0xd8, 0xf4, 0xf8, 0x00, 0xd8, 0xf8, 0xf8, 0x00,
    0xd8, 0xf4, 0xf8, 0x00, 0xd8, 0xf4, 0xf8, 0x00, 0xd8, 0xf4, 0xf8, 0x00,
    0xd8, 0xf8, 0xf8, 0x00, 0xe0, 0xf4, 0xf8, 0x00, 0xd8, 0xf4, 0xf8, 0x00,
    0xd8, 0xf4, 0xf8, 0x00, 0xd8, 0xf4, 0xf8, 0x00, 0xd8, 0xf4, 0xf8, 0x00,
    0xd8, 0xf4, 0xf8, 0x00, 0xd8, 0xf8, 0xf8, 0x00, 0xd8, 0xf4, 0xf8, 0x00,
    0xd8, 0xf8, 0xf8, 0x00, 0xe0, 0xf4, 0xf8, 0x00, 0xd8, 0xf4, 0xf8, 0x00,
    0xd8, 0xf4, 0xf8, 0x00, 0xd8, 0xf4, 0xf8, 0x00, 0xd8, 0xf4, 0xf8, 0x00,
    0xd8, 0xf4, 0xf8, 0x00, 0xd8, 0xf4, 0xf8, 0x00, 0xd8, 0xf8, 0xf8, 0x00,
    0xd8, 0xf4, 0xf8, 0x00, 0xe0, 0xf4, 0xf8, 0x00, 0xd8, 0xf8, 0xf8, 0x00,
    0xd8, 0xf4, 0xf8, 0x00, 0xd8, 0xf4, 0xf8, 0x00, 0xd8, 0xf4, 0xf8, 0x00,
    0xd8, 0xf8, 0xf8, 0x00, 0xd8, 0xf4, 0xf8, 0x00, 0xd8, 0xf4, 0xf8, 0x00,
    0xd8, 0xf4, 0xf8, 0x00, 0xe0, 0xf4, 0xf8, 0x00, 0xd8, 0xf4, 0xf8, 0x00,
    0xd8, 0xf4, 0xf8, 0x00, 0xd8, 0xf8, 0xf8, 0x00, 0xd8, 0xf4, 0xf8, 0x00,
    0xd8, 0xf8, 0xf8, 0x00, 0xd8, 0xf4, 0xf8, 0x00, 0xd8, 0xf4, 0xf8, 0x00,
    0xd8, 0xf4, 0xf8, 0x00, 0xe0, 0xf4, 0xf8, 0x00, 0xd8, 0xf4, 0xf8, 0x00,
    0xd8, 0xf4, 0xf8, 0x00, 0xd8, 0xf4, 0xf8, 0x00, 0xd8, 0xf8, 0xf8, 0x00,
    0xd8, 0xf4, 0xf8, 0x00, 0xd8, 0xf4, 0xf8, 0x00, 0xd8, 0xf8, 0xf8, 0x00,
    0xd8, 0xf4, 0xf8, 0x00, 0xe0, 0xf4, 0xf8, 0x00, 0xd8, 0xf4, 0xf8, 0x00,
    0xd8, 0xf8, 0xf8, 0x00, 0xd8, 0xf4, 0xf8, 0x00, 0xd8, 0xf4, 0xf8, 0x00,
    0xd8, 0xf4, 0xf8, 0x00, 0xd8, 0xf4, 0xf8, 0x00, 0xd8, 0xf4, 0xf8, 0x00,
    0xd8, 0xf4, 0xf8, 0x00, 0xe0, 0xf8, 0xf8, 0x00, 0xd8, 0xf4, 0xf8, 0x00,
    0xd8, 0xf8, 0xf8, 0x00, 0xd8, 0xf4, 0xf8, 0x00, 0xd8, 0xf4, 0xf8, 0x00,
    0xd8, 0xf4, 0xf8, 0x00, 0xd8, 0xf4, 0xf8, 0x00, 0xd8, 0xf4, 0xf8, 0x00,
    0xd8, 0xf4, 0xf8, 0x00, 0xe0, 0xf4, 0xf8, 0x00, 0xd8, 0xf8, 0xf8, 0x00,
    0xd8, 0xf4, 0xf8, 0x00, 0xd8, 0xf4, 0xf8, 0x00, 0xd8, 0xf8, 0xf8, 0x00,
    0xd8, 0xf4, 0xf8, 0x00, 0xd8, 0xf4, 0xf8, 0x00, 0xd8, 0xf4, 0xf8, 0x00,
    0xd8, 0xf8, 0xf8, 0x00, 0xe0, 0xf4, 0xf8, 0x00, 0xd8, 0xf4, 0xf8, 0x00,
    0xd8, 0xf4, 0xf8, 0x00, 0xd8, 0xf4, 0xf8, 0x00, 0xd8, 0xf4, 0xf8, 0x00,
    0xd8, 0xf4, 0xf8, 0x00, 0xd8, 0xf8, 0xf8, 0x00, 0xd8, 0xf4, 0xf8, 0x00,
    0xd8, 0xf8, 0xf8, 0x00, 0xe0, 0xf4, 0xf8, 0x00, 0xd8, 0xf4, 0xf8, 0x00,
    0xd8, 0xf4, 0xf8, 0x00, 0xd8, 0xf4, 0xf8, 0x00, 0xd8, 0xf4, 0xf8, 0x00,
    0xd8, 0xf4, 0xf8, 0x00, 0xd8, 0xf4, 0xf8, 0x00, 0xd8, 0xf8, 0xf8, 0x00,
    0xd8, 0xf4, 0xf8, 0x00, 0xe0, 0xf4, 0xf8, 0x00, 0xd8, 0xf8, 0xf8, 0x00,
    0xd8, 0xf4, 0xf8, 0x00, 0xd8, 0xf4, 0xf8, 0x00, 0xd8, 0xf4, 0xf8, 0x00,
    0xd8, 0xf8, 0xf8, 0x00, 0xd8, 0xf4, 0xf8, 0x00, 0xd8, 0xf4, 0xf8, 0x00,
    0xd8, 0xf4, 0xf8, 0x00, 0xe0, 0xf4, 0xf8, 0x00, 0xd8, 0xf4, 0xf8, 0x00,
    0xd8, 0xf4, 0xf8, 0x00, 0xd8, 0xf8, 0xf8, 0x00, 0xd8, 0xf4, 0xf8, 0x00,
    0xd8, 0xf8, 0xf8, 0x00, 0xd8, 0xf4, 0xf8, 0x00, 0xd8, 0xf4, 0xf8, 0x00,
    0xd8, 0xf4, 0xf8, 0x00, 0xe0, 0xf4, 0xf8, 0x00, 0xd8, 0xf4, 0xf8, 0x00,
    0xd8, 0xf4, 0xf8, 0x00, 0xd8, 0xf4, 0xf8, 0x00, 0xd8, 0xf8, 0xf8, 0x00,
    0xd8, 0xf4, 0xf8, 0x00, 0xd8, 0xf4, 0xf8, 0x00, 0xd8, 0xf8, 0xf8, 0x00,
    0xd8, 0xf4, 0xf8, 0x00, 0xe0, 0xf4, 0xf8, 0x00, 0xd8, 0xf4, 0xf8, 0x00,
    0xd8, 0xf4, 0xf8, 0x00, 0xd8, 0xf8, 0xf8, 0x00, 0xe0, 0xf4, 0xf8, 0x00,
    0xd8, 0xf4, 0xf8, 0x00, 0xd8, 0xf8, 0xf8, 0x00, 0xd8, 0xf4, 0xf8, 0x00,
    0xd8, 0xf4, 0xf8, 0x04, 0xd8, 0xf8, 0xf8, 0x59, 0xd8, 0xf4, 0xf8, 0x00,
    0xd8, 0xf4, 0xf8, 0x55, 0xe0, 0xf4, 0xf8, 0x59, 0xd8, 0xf4, 0xf8, 0x59,
    0xd8, 0xf4, 0xf8, 0x59, 0xd8, 0xf8, 0xf8, 0x59, 0xd8, 0xf4, 0xf8, 0x59,
    0xd8, 0xf4, 0xf8, 0x59, 0xd8, 0xf4, 0xf8, 0x59, 0xd8, 0xf4, 0xf8, 0x59,
    0xe0, 0xf4, 0xf8, 0x59, 0xd8, 0xf4, 0xf8, 0x59, 0xd8, 0xf4, 0xf8, 0x59,
    0xe0, 0xf8, 0xf8, 0x59, 0xd8, 0xf4, 0xf8, 0x59, 0xd8, 0xf4, 0xf8, 0x59,
    0xd8, 0xf8, 0xf8, 0x59, 0xd8, 0xf4, 0xf8, 0x59, 0xd8, 0xf4, 0xf8, 0x59,
    0xd8, 0xf8, 0xf8, 0x59, 0xd8, 0xf4, 0xf8, 0x59, 0xd8, 0xf8, 0xf8, 0x59,
    0xe0, 0xf8, 0xf8, 0x59, 0xd8, 0xf4, 0xf8, 0x59, 0xd8, 0xf4, 0xf8, 0x59,
    0xd8, 0xf4, 0xf8, 0x59, 0xd8, 0xf4, 0xf8, 0x59, 0xd8, 0xf8, 0xf8, 0x59,
    0xd8, 0xf4, 0xf8, 0x59, 0xd8, 0xf8, 0xf8, 0x59, 0xd8, 0xf8, 0xf8, 0x59,
    0xe0, 0xf4, 0xf8, 0x59, 0xd8, 0xf8, 0xf8, 0x59, 0xd8, 0xf4, 0xf8, 0x59,
    0xd8, 0xf4, 0xf8, 0x59, 0xd8, 0xf4, 0xf8, 0x59, 0xd8, 0xf4, 0xf8, 0x59,
    0xd8, 0xf4, 0xf8, 0x59, 0xd8, 0xf4, 0xf8, 0x59, 0xd8, 0xf4, 0xf8, 0x59,
    0xe0, 0xf8, 0xf8, 0x59, 0xd8, 0xf4, 0xf8, 0x59, 0xd8, 0xf4, 0xf8, 0x59,
    0xd8, 0xf4, 0xf8, 0x59, 0xd8, 0xf8, 0xf8, 0x59, 0xd8, 0xf8, 0xf8, 0x59,
    0xd8, 0xf4, 0xf8, 0x59, 0xd8, 0xf8, 0xf8, 0x59, 0xd8, 0xf4, 0xf8, 0x59,
    0xe0, 0xf4, 0xf8, 0x59, 0xd8, 0xf4, 0xf8, 0x59, 0xd8, 0xf8, 0xf8, 0x59,
    0xd8, 0xf4, 0xf8, 0x59, 0xd8, 0xf8, 0xf8, 0x59, 0xd8, 0xf8, 0xf8, 0x59,
    0xd8, 0xf4, 0xf8, 0x59, 0xd8, 0xf8, 0xf8, 0x59, 0xd8, 0xf4, 0xf8, 0x59,
    0xe0, 0xf4, 0xf8, 0x59, 0xd8, 0xf4, 0xf8, 0x59, 0xd8, 0xf4, 0xf8, 0x59,
    0xd8, 0xf4, 0xf8, 0x59, 0xd8, 0xf4, 0xf8, 0x59, 0xd8, 0xf4, 0xf8, 0x59,
    0xd8, 0xf8, 0xf8, 0x59, 0xd8, 0xf4, 0xf8, 0x59, 0xd8, 0xf4, 0xf8, 0x59,
    0xe0, 0xf4, 0xf8, 0x59, 0xd8, 0xf8, 0xf8, 0x59, 0xd8, 0xf8, 0xf8, 0x59,
    0xd8, 0xf4, 0xf8, 0x59, 0xd8, 0xf8, 0xf8, 0x59, 0xd8, 0xf4, 0xf8, 0x59,
    0xd8, 0xf4, 0xf8, 0x59, 0xd8, 0xf4, 0xf8, 0x59, 0xd8, 0xf8, 0xf8, 0x59,
    0xe0, 0xf4, 0xf8, 0x59, 0xd8, 0xf8, 0xf8, 0x59, 0xd8, 0xf8, 0xf8, 0x59,
    0xd8, 0xf4, 0xf8, 0x59, 0xd8, 0xf8, 0xf8, 0x59, 0xd8, 0xf4, 0xf8, 0x59,
    0xd8, 0xf4, 0xf8, 0x59, 0xd8, 0xf4, 0xf8, 0x59, 0xd8, 0xf4, 0xf8, 0x59,
    0xe0, 0xf4, 0xf8, 0x59, 0xd8, 0xf4, 0xf8, 0x59, 0xd8, 0xf4, 0xf8, 0x59,
    0xd8, 0xf8, 0xf8, 0x59, 0xd8, 0xf4, 0xf8, 0x59, 0xd8, 0xf4, 0xf8, 0x59,
    0xd8, 0xf4, 0xf8, 0x59, 0xd8, 0xf8, 0xf8, 0x59, 0xd8, 0xf8, 0xf8, 0x59,
    0xe0, 0xf4, 0xf8, 0x59, 0xd8, 0xf8, 0xf8, 0x59, 0xd8, 0xf4, 0xf8, 0x59,
    0xd8, 0xf4, 0xf8, 0x59, 0xd8, 0xf4, 0xf8, 0x59, 0xd8, 0xf8, 0xf8, 0x59,
    0xd8, 0xf4, 0xf8, 0x59, 0xd8, 0xf8, 0xf8, 0x59, 0xd8, 0xf8, 0xf8, 0x59,
    0xe0, 0xf4, 0xf8, 0x59, 0xd8, 0xf8, 0xf8, 0x59, 0xd8, 0xf4, 0xf8, 0x59,
    0xd8, 0xf4, 0xf8, 0x59, 0xd8, 0xf4, 0xf8, 0x59, 0xd8, 0xf4, 0xf8, 0x59,
    0xd8, 0xf4, 0xf8, 0x59, 0xd8, 0xf4, 0xf8, 0x59, 0xd8, 0xf4, 0xf8, 0x59,
    0xe0, 0xf8, 0xf8, 0x59, 0xd8, 0xf4, 0xf8, 0x59, 0xd8, 0xf4, 0xf8, 0x59,
    0xd8, 0xf4, 0xf8, 0x59, 0xd8, 0xf8, 0xf8, 0x59, 0xd8, 0xf8, 0xf8, 0x59,
    0xd8, 0xf4, 0xf8, 0x59, 0xd8, 0xf8, 0xf8, 0x59, 0xd8, 0xf4, 0xf8, 0x59,
    0xe0, 0xf4, 0xf8, 0x59, 0xd8, 0xf4, 0xf8, 0x59, 0xd8, 0xf8, 0xf8, 0x59,
    0xd8, 0xf4, 0xf8, 0x59, 0xd8, 0xf8, 0xf8, 0x59, 0xd8, 0xf8, 0xf8, 0x59,
    0xd8, 0xf4, 0xf8, 0x59, 0xd8, 0xf8, 0xf8, 0x59, 0xd8, 0xf4, 0xf8, 0x59,
    0xe0, 0xf4, 0xf8, 0x59, 0xd8, 0xf4, 0xf8, 0x59, 0xd8, 0xf4, 0xf8, 0x59,
    0xd8, 0xf4, 0xf8, 0x59, 0xd8, 0xf4, 0xf8, 0x59, 0xd8, 0xf4, 0xf8, 0x59,
    0xd8, 0xf8, 0xf8, 0x59, 0xd8, 0xf4, 0xf8, 0x59, 0xd8, 0xf4, 0xf8, 0x59,
    0xe0, 0xf4, 0xf8, 0x59, 0xd8, 0xf8, 0xf8, 0x59, 0xd8, 0xf8, 0xf8, 0x59,
    0xd8, 0xf4, 0xf8, 0x59, 0xd8, 0xf8, 0xf8, 0x59, 0xd8, 0xf4, 0xf8, 0x59,
    0xd8, 0xf4, 0xf8, 0x59, 0xd8, 0xf4, 0xf8, 0x59, 0xd8, 0xf8, 0xf8, 0x59,
    0xe0, 0xf4, 0xf8, 0x59, 0xd8, 0xf8, 0xf8, 0x59, 0xd8, 0xf8, 0xf8, 0x59,
    0xd8, 0xf4, 0xf8, 0x59, 0xd8, 0xf8, 0xf8, 0x59, 0xd8, 0xf4, 0xf8, 0x59,
    0xd8, 0xf4, 0xf8, 0x59, 0xd8, 0xf4, 0xf8, 0x59, 0xd8, 0xf4, 0xf8, 0x59,
    0xe0, 0xf4, 0xf8, 0x59, 0xd8, 0xf4, 0xf8, 0x59, 0xd8, 0xf4, 0xf8, 0x59,
    0xd8, 0xf8, 0xf8, 0x59, 0xd8, 0xf4, 0xf8, 0x59, 0xd8, 0xf4, 0xf8, 0x59,
    0xd8, 0xf4, 0xf8, 0x59, 0xd8, 0xf8, 0xf8, 0x59, 0xd8, 0xf8, 0xf8, 0x59,
    0xe0, 0xf4, 0xf8, 0x59, 0xd8, 0xf8, 0xf8, 0x59, 0xd8, 0xf4, 0xf8, 0x59,
    0xd8, 0xf4, 0xf8, 0x59, 0xd8, 0xf4, 0xf8, 0x59, 0xd8, 0xf8, 0xf8, 0x59,
    0xd8, 0xf4, 0xf8, 0x59, 0xd8, 0xf8, 0xf8, 0x59, 0xd8, 0xf8, 0xf8, 0x59,
    0xe0, 0xf4, 0xf8, 0x59, 0xd8, 0xf8, 0xf8, 0x59, 0xd8, 0xf4, 0xf8, 0x59,
    0xd8, 0xf4, 0xf8, 0x59, 0xd8, 0xf4, 0xf8, 0x59, 0xd8, 0xf4, 0xf8, 0x59,
    0xd8, 0xf4, 0xf8, 0x59, 0xd8, 0xf4, 0xf8, 0x59, 0xd8, 0xf4, 0xf8, 0x59,
    0xe0, 0xf8, 0xf8, 0x59, 0xd8, 0xf4, 0xf8, 0x59, 0xd8, 0xf4, 0xf8, 0x59,
    0xd8, 0xf4, 0xf8, 0x59, 0xd8, 0xf8, 0xf8, 0x59, 0xd8, 0xf8, 0xf8, 0x59,
    0xd8, 0xf4, 0xf8, 0x59, 0xd8, 0xf8, 0xf8, 0x59, 0xd8, 0xf4, 0xf8, 0x59,
    0xe0, 0xf4, 0xf8, 0x59, 0xd8, 0xf4, 0xf8, 0x59, 0xd8, 0xf8, 0xf8, 0x59,
    0xd8, 0xf4, 0xf8, 0x59, 0xd8, 0xf8, 0xf8, 0x59, 0xd8, 0xf8, 0xf8, 0x59,
    0xd8, 0xf4, 0xf8, 0x59, 0xd8, 0xf8, 0xf8, 0x59, 0xd8, 0xf4, 0xf8, 0x59,
    0xe0, 0xf4, 0xf8, 0x59, 0xd8, 0xf4, 0xf8, 0x59, 0xd8, 0xf4, 0xf8, 0x59,
    0xd8, 0xf4, 0xf8, 0x59, 0xd8, 0xf4, 0xf8, 0x59, 0xd8, 0xf4, 0xf8, 0x59,
    0xd8, 0xf8, 0xf8, 0x59, 0xd8, 0xf4, 0xf8, 0x59, 0xd8, 0xf4, 0xf8, 0x59,
    0xe0, 0xf4, 0xf8, 0x59, 0xd8, 0xf8, 0xf8, 0x59, 0xd8, 0xf8, 0xf8, 0x59,
    0xd8, 0xf4, 0xf8, 0x59, 0xd8, 0xf8, 0xf8, 0x59, 0xd8, 0xf4, 0xf8, 0x59,
    0xd8, 0xf4, 0xf8, 0x59, 0xd8, 0xf4, 0xf8, 0x59, 0xd8, 0xf8, 0xf8, 0x59,
    0xe0, 0xf4, 0xf8, 0x59, 0xd8, 0xf8, 0xf8, 0x59, 0xd8, 0xf8, 0xf8, 0x59,
    0xd8, 0xf4, 0xf8, 0x59, 0xd8, 0xf8, 0xf8, 0x59, 0xd8, 0xf4, 0xf8, 0x59,
    0xd8, 0xf4, 0xf8, 0x59, 0xd8, 0xf4, 0xf8, 0x59, 0xd8, 0xf4, 0xf8, 0x59,
    0xe0, 0xf4, 0xf8, 0x59, 0xd8, 0xf4, 0xf8, 0x59, 0xd8, 0xf4, 0xf8, 0x59,
    0xd8, 0xf8, 0xf8, 0x59, 0xd8, 0xf4, 0xf8, 0x59, 0xd8, 0xf4, 0xf8, 0x59,
    0xd8, 0xf4, 0xf8, 0x59, 0xd8, 0xf8, 0xf8, 0x59, 0xd8, 0xf8, 0xf8, 0x59,
    0xe0, 0xf4, 0xf8, 0x59, 0xd8, 0xf8, 0xf8, 0x59, 0xd8, 0xf4, 0xf8, 0x59,
    0xd8, 0xf4, 0xf8, 0x59, 0xd8, 0xf4, 0xf8, 0x59, 0xd8, 0xf8, 0xf8, 0x59,
    0xd8, 0xf4, 0xf8, 0x59, 0xd8, 0xf8, 0xf8, 0x59, 0xd8, 0xf8, 0xf8, 0x59,
    0xe0, 0xf4, 0xf8, 0x59, 0xd8, 0xf8, 0xf8, 0x59, 0xd8, 0xf4, 0xf8, 0x59,
    0xd8, 0xf4, 0xf8, 0x59, 0xd8, 0xf4, 0xf8, 0x59, 0xd8, 0xf4, 0xf8, 0x59,
    0xd8, 0xf4, 0xf8, 0x59, 0xd8, 0xf4, 0xf8, 0x59, 0xd8, 0xf4, 0xf8, 0x59,
    0xe0, 0xf8, 0xf8, 0x59, 0xd8, 0xf4, 0xf8, 0x59, 0xd8, 0xf4, 0xf8, 0x59,
    0xd8, 0xf4, 0xf8, 0x59, 0xd8, 0xf8, 0xf8, 0x59, 0xd8, 0xf8, 0xf8, 0x59,
    0xd8, 0xf4, 0xf8, 0x59, 0xd8, 0xf8, 0xf8, 0x59, 0xd8, 0xf4, 0xf8, 0x59,
    0xe0, 0xf4, 0xf8, 0x59, 0xd8, 0xf4, 0xf8, 0x59, 0xd8, 0xf8, 0xf8, 0x59,
    0xd8, 0xf4, 0xf8, 0x59, 0xd8, 0xf8, 0xf8, 0x59, 0xd8, 0xf8, 0xf8, 0x59,
    0xd8, 0xf4, 0xf8, 0x59, 0xd8, 0xf8, 0xf8, 0x59, 0xd8, 0xf4, 0xf8, 0x59,
    0xe0, 0xf4, 0xf8, 0x59, 0xd8, 0xf4, 0xf8, 0x59, 0xd8, 0xf4, 0xf8, 0x59,
    0xd8, 0xf4, 0xf8, 0x59, 0xd8, 0xf4, 0xf8, 0x59, 0xd8, 0xf4, 0xf8, 0x59,
    0xd8, 0xf8, 0xf8, 0x59, 0xd8, 0xf4, 0xf8, 0x59, 0xd8, 0xf4, 0xf8, 0x59,
    0xd8, 0xf4, 0xf8, 0x59, 0xd8, 0xf4, 0xf8, 0x59, 0xd8, 0xf4, 0xf8, 0x59,
    0xd8, 0xf8, 0xf8, 0x59, 0xe0, 0xf4, 0xf8, 0x59, 0xd8, 0xf4, 0xf8, 0x59,
    0xd8, 0xf4, 0xf8, 0x59, 0xd8, 0xf4, 0xf8, 0x00, 0xd8, 0xf8, 0xf8, 0x51,
    0xd8, 0xf4, 0xf8, 0x59, 0xd8, 0xf4, 0xf8, 0x59, 0xd8, 0xf4, 0xf8, 0x59,
    0xd8, 0xf4, 0xf8, 0x59, 0xd8, 0xf8, 0xf8, 0x59, 0xe0, 0xf4, 0xf8, 0x59,
    0xd8, 0xf8, 0xf8, 0x59, 0xd8, 0xf4, 0xf8, 0x59, 0xd8, 0xf8, 0xf8, 0x59,
    0xd8, 0xf4, 0xf8, 0x59, 0xd8, 0xf4, 0xf8, 0x59, 0xd8, 0xf4, 0xf8, 0x59,
    0xd8, 0xf8, 0xf8, 0x59, 0xe0, 0xf4, 0xf8, 0x59, 0xd8, 0xf4, 0xf8, 0x59,
    0xd8, 0xf4, 0xf8, 0x59, 0xe0, 0xf4, 0xf8, 0x59, 0xd8, 0xf4, 0xf8, 0x59,
    0xd8, 0xf4, 0xf8, 0x59, 0xd8, 0xf4, 0xf8, 0x59, 0xd8, 0xf4, 0xf8, 0x59,
    0xd8, 0xf8, 0xf8, 0x59, 0xe0, 0xf4, 0xf8, 0x59, 0xd8, 0xf4, 0xf8, 0x59,
    0xd8, 0xf4, 0xf8, 0x59, 0xe0, 0xf4, 0xf8, 0x59, 0xd8, 0xf4, 0xf8, 0x59,
    0xd8, 0xf4, 0xf8, 0x59, 0xd8, 0xf4, 0xf8, 0x59, 0xd8, 0xf4, 0xf8, 0x59,
    0xd8, 0xf4, 0xf8, 0x59, 0xe0, 0xf8, 0xf8, 0x59, 0xd8, 0xf4, 0xf8, 0x59,
    0xd8, 0xf8, 0xf8, 0x59, 0xe0, 0xf4, 0xf8, 0x59, 0xd8, 0xf8, 0xf8, 0x59,
    0xd8, 0xf4, 0xf8, 0x59, 0xd8, 0xf4, 0xf8, 0x59, 0xd8, 0xf8, 0xf8, 0x59,
    0xd8, 0xf4, 0xf8, 0x59, 0xe0, 0xf4, 0xf8, 0x59, 0xd8, 0xf4, 0xf8, 0x59,
    0xd8, 0xf4, 0xf8, 0x59, 0xe0, 0xf4, 0xf8, 0x59, 0xd8, 0xf4, 0xf8, 0x59,
    0xd8, 0xf4, 0xf8, 0x59, 0xd8, 0xf8, 0xf8, 0x59, 0xd8, 0xf4, 0xf8, 0x59,
    0xd8, 0xf4, 0xf8, 0x59, 0xe0, 0xf4, 0xf8, 0x59, 0xd8, 0xf4, 0xf8, 0x59,
    0xd8, 0xf4, 0xf8, 0x59, 0xe0, 0xf4, 0xf8, 0x59, 0xd8, 0xf4, 0xf8, 0x59,
    0xd8, 0xf4, 0xf8, 0x59, 0xd8, 0xf8, 0xf8, 0x59, 0xd8, 0xf4, 0xf8, 0x59,
    0xd8, 0xf8, 0xf8, 0x59, 0xe0, 0xf4, 0xf8, 0x59, 0xd8, 0xf8, 0xf8, 0x59,
    0xd8, 0xf4, 0xf8, 0x59, 0xe0, 0xf4, 0xf8, 0x59, 0xd8, 0xf8, 0xf8, 0x59,
    0xd8, 0xf4, 0xf8, 0x59, 0xd8, 0xf4, 0xf8, 0x59, 0xd8, 0xf4, 0xf8, 0x59,
    0xd8, 0xf4, 0xf8, 0x59, 0xe0, 0xf4, 0xf8, 0x59, 0xd8, 0xf4, 0xf8, 0x59,
    0xd8, 0xf4, 0xf8, 0x59, 0xe0, 0xf8, 0xf8, 0x59, 0xd8, 0xf4, 0xf8, 0x59,
    0xd8, 0xf4, 0xf8, 0x59, 0xd8, 0xf4, 0xf8, 0x59, 0xd8, 0xf4, 0xf8, 0x59,
    0xd8, 0xf4, 0xf8, 0x59, 0xe0, 0xf4, 0xf8, 0x59, 0xd8, 0xf4, 0xf8, 0x59,
    0xd8, 0xf4, 0xf8, 0x59, 0xe0, 0xf8, 0xf8, 0x59, 0xd8, 0xf4, 0xf8, 0x59,
    0xd8, 0xf8, 0xf8, 0x59, 0xd8, 0xf4, 0xf8, 0x59, 0xd8, 0xf8, 0xf8, 0x59,
    0xd8, 0xf4, 0xf8, 0x59, 0xe0, 0xf4, 0xf8, 0x59, 0xd8, 0xf8, 0xf8, 0x59,
    0xd8, 0xf4, 0xf8, 0x59, 0xe0, 0xf4, 0xf8, 0x59, 0xd8, 0xf4, 0xf8, 0x59,
    0xd8, 0xf4, 0xf8, 0x59, 0xd8, 0xf4, 0xf8, 0x59, 0xd8, 0xf4, 0xf8, 0x59,
    0xd8, 0xf4, 0xf8, 0x59, 0xe0, 0xf8, 0xf8, 0x59, 0xd8, 0xf4, 0xf8, 0x59,
    0xd8, 0xf4, 0xf8, 0x59, 0xe0, 0xf4, 0xf8, 0x59, 0xd8, 0xf4, 0xf8, 0x59,
    0xd8, 0xf4, 0xf8, 0x59, 0xd8, 0xf4, 0xf8, 0x59, 0xd8, 0xf4, 0xf8, 0x59,
    0xd8, 0xf4, 0xf8, 0x59, 0xe0, 0xf8, 0xf8, 0x59, 0xd8, 0xf4, 0xf8, 0x59,
    0xd8, 0xf8, 0xf8, 0x59, 0xe0, 0xf4, 0xf8, 0x59, 0xd8, 0xf8, 0xf8, 0x59,
    0xd8, 0xf4, 0xf8, 0x59, 0xd8, 0xf4, 0xf8, 0x59, 0xd8, 0xf8, 0xf8, 0x59,
    0xd8, 0xf4, 0xf8, 0x59, 0xe0, 0xf4, 0xf8, 0x59, 0xd8, 0xf4, 0xf8, 0x59,
    0xd8, 0xf4, 0xf8, 0x59, 0xe0, 0xf4, 0xf8, 0x59, 0xd8, 0xf4, 0xf8, 0x59,
    0xd8, 0xf4, 0xf8, 0x59, 0xd8, 0xf8, 0xf8, 0x59, 0xd8, 0xf4, 0xf8, 0x59,
    0xd8, 0xf4, 0xf8, 0x59, 0xe0, 0xf4, 0xf8, 0x59, 0xd8, 0xf4, 0xf8, 0x59,
    0xd8, 0xf4, 0xf8, 0x59, 0xe0, 0xf4, 0xf8, 0x59, 0xd8, 0xf4, 0xf8, 0x59,
    0xd8, 0xf4, 0xf8, 0x59, 0xd8, 0xf8, 0xf8, 0x59, 0xd8, 0xf4, 0xf8, 0x59,
    0xd8, 0xf8, 0xf8, 0x59, 0xe0, 0xf4, 0xf8, 0x59, 0xd8, 0xf8, 0xf8, 0x59,
    0xd8, 0xf4, 0xf8, 0x59, 0xe0, 0xf4, 0xf8, 0x59, 0xd8, 0xf8, 0xf8, 0x59,
    0xd8, 0xf4, 0xf8, 0x59, 0xd8, 0xf4, 0xf8, 0x59, 0xd8, 0xf4, 0xf8, 0x59,
    0xd8, 0xf4, 0xf8, 0x59, 0xe0, 0xf4, 0xf8, 0x59, 0xd8, 0xf4, 0xf8, 0x59,
    0xd8, 0xf4, 0xf8, 0x59, 0xe0, 0xf8, 0xf8, 0x59, 0xd8, 0xf4, 0xf8, 0x59,
    0xd8, 0xf4, 0xf8, 0x59, 0xd8, 0xf4, 0xf8, 0x59, 0xd8, 0xf4, 0xf8, 0x59,
    0xd8, 0xf4, 0xf8, 0x59, 0xe0, 0xf4, 0xf8, 0x59, 0xd8, 0xf4, 0xf8, 0x59,
    0xd8, 0xf4, 0xf8, 0x59, 0xe0, 0xf8, 0xf8, 0x59, 0xd8, 0xf4, 0xf8, 0x59,
    0xd8, 0xf8, 0xf8, 0x59, 0xd8, 0xf4, 0xf8, 0x59, 0xd8, 0xf8, 0xf8, 0x59,
    0xd8, 0xf4, 0xf8, 0x59, 0xe0, 0xf4, 0xf8, 0x59, 0xd8, 0xf8, 0xf8, 0x59,
    0xd8, 0xf4, 0xf8, 0x59, 0xe0, 0xf4, 0xf8, 0x59, 0xd8, 0xf4, 0xf8, 0x59,
    0xd8, 0xf4, 0xf8, 0x59, 0xd8, 0xf4, 0xf8, 0x59, 0xd8, 0xf4, 0xf8, 0x59,
    0xd8, 0xf4, 0xf8, 0x59, 0xe0, 0xf8, 0xf8, 0x59, 0xd8, 0xf4, 0xf8, 0x59,
    0xd8, 0xf4, 0xf8, 0x59, 0xe0, 0xf4, 0xf8, 0x59, 0xd8, 0xf4, 0xf8, 0x59,
    0xd8, 0xf4, 0xf8, 0x59, 0xd8, 0xf4, 0xf8, 0x59, 0xd8, 0xf4, 0xf8, 0x59,
    0xd8, 0xf4, 0xf8, 0x59, 0xe0, 0xf8, 0xf8, 0x59, 0xd8, 0xf4, 0xf8, 0x59,
    0xd8, 0xf8, 0xf8, 0x59, 0xe0, 0xf4, 0xf8, 0x59, 0xd8, 0xf8, 0xf8, 0x59,
    0xd8, 0xf4, 0xf8, 0x59, 0xd8, 0xf4, 0xf8, 0x59, 0xd8, 0xf8, 0xf8, 0x59,
    0xd8, 0xf4, 0xf8, 0x59, 0xe0, 0xf4, 0xf8, 0x59, 0xd8, 0xf4, 0xf8, 0x59,
    0xd8, 0xf4, 0xf8, 0x59, 0xe0, 0xf4, 0xf8, 0x59, 0xd8, 0xf4, 0xf8, 0x59,
    0xd8, 0xf4, 0xf8, 0x59, 0xd8, 0xf8, 0xf8, 0x59, 0xd8, 0xf4, 0xf8, 0x59,
    0xd8, 0xf4, 0xf8, 0x59, 0xe0, 0xf4, 0xf8, 0x59, 0xd8, 0xf4, 0xf8, 0x59,
    0xd8, 0xf4, 0xf8, 0x59, 0xe0, 0xf4, 0xf8, 0x59, 0xd8, 0xf4, 0xf8, 0x59,
    0xd8, 0xf4, 0xf8, 0x59, 0xd8, 0xf8, 0xf8, 0x59, 0xd8, 0xf4, 0xf8, 0x59,
    0xd8, 0xf8, 0xf8, 0x59, 0xe0, 0xf4, 0xf8, 0x59, 0xd8, 0xf8, 0xf8, 0x59,
    0xd8, 0xf4, 0xf8, 0x59, 0xe0, 0xf4, 0xf8, 0x59, 0xd8, 0xf8, 0xf8, 0x59,
    0xd8, 0xf4, 0xf8, 0x59, 0xd8, 0xf4, 0xf8, 0x59, 0xd8, 0xf4, 0xf8, 0x59,
    0xd8, 0xf4, 0xf8, 0x59, 0xe0, 0xf4, 0xf8, 0x59, 0xd8, 0xf4, 0xf8, 0x59,
    0xd8, 0xf4, 0xf8, 0x59, 0xe0, 0xf8, 0xf8, 0x59, 0xd8, 0xf4, 0xf8, 0x59,
    0xd8, 0xf4, 0xf8, 0x59, 0xd8, 0xf4, 0xf8, 0x59, 0xd8, 0xf4, 0xf8, 0x59,
    0xd8, 0xf4, 0xf8, 0x59, 0xe0, 0xf4, 0xf8, 0x59, 0xd8, 0xf4, 0xf8, 0x59,
    0xd8, 0xf4, 0xf8, 0x59, 0xe0, 0xf8, 0xf8, 0x59, 0xd8, 0xf4, 0xf8, 0x59,
    0xd8, 0xf8, 0xf8, 0x59, 0xd8, 0xf4, 0xf8, 0x59, 0xd8, 0xf8, 0xf8, 0x59,
    0xd8, 0xf4, 0xf8, 0x59, 0xe0, 0xf4, 0xf8, 0x59, 0xd8, 0xf8, 0xf8, 0x59,
    0xd8, 0xf4, 0xf8, 0x59, 0xe0, 0xf4, 0xf8, 0x59, 0xd8, 0xf4, 0xf8, 0x59,
    0xd8, 0xf4, 0xf8, 0x59, 0xd8, 0xf4, 0xf8, 0x59, 0xd8, 0xf4, 0xf8, 0x59,
    0xd8, 0xf4, 0xf8, 0x59, 0xe0, 0xf8, 0xf8, 0x59, 0xd8, 0xf4, 0xf8, 0x59,
    0xd8, 0xf4, 0xf8, 0x59, 0xe0, 0xf4, 0xf8, 0x59, 0xd8, 0xf4, 0xf8, 0x59,
    0xd8, 0xf4, 0xf8, 0x59, 0xd8, 0xf4, 0xf8, 0x59, 0xd8, 0xf4, 0xf8, 0x59,
    0xd8, 0xf4, 0xf8, 0x59, 0xe0, 0xf8, 0xf8, 0x59, 0xd8, 0xf4, 0xf8, 0x59,
    0xd8, 0xf8, 0xf8, 0x59, 0xe0, 0xf4, 0xf8, 0x59, 0xd8, 0xf8, 0xf8, 0x59,
    0xd8, 0xf4, 0xf8, 0x59, 0xd8, 0xf4, 0xf8, 0x59, 0xd8, 0xf8, 0xf8, 0x59,
    0xd8, 0xf4, 0xf8, 0x59, 0xe0, 0xf4, 0xf8, 0x59, 0xd8, 0xf4, 0xf8, 0x59,
    0xd8, 0xf4, 0xf8, 0x59, 0xe0, 0xf4, 0xf8, 0x59, 0xd8, 0xf4, 0xf8, 0x59,
    0xd8, 0xf4, 0xf8, 0x59, 0xd8, 0xf8, 0xf8, 0x59, 0xd8, 0xf4, 0xf8, 0x59,
    0xd8, 0xf4, 0xf8, 0x59, 0xe0, 0xf4, 0xf8, 0x59, 0xd8, 0xf4, 0xf8, 0x59,
    0xd8, 0xf4, 0xf8, 0x59, 0xe0, 0xf4, 0xf8, 0x59, 0xd8, 0xf4, 0xf8, 0x59,
    0xd8, 0xf4, 0xf8, 0x59, 0xd8, 0xf8, 0xf8, 0x59, 0xd8, 0xf4, 0xf8, 0x59,
    0xd8, 0xf8, 0xf8, 0x59, 0xe0, 0xf4, 0xf8, 0x59, 0xd8, 0xf8, 0xf8, 0x59,
    0xd8, 0xf4, 0xf8, 0x59, 0xe0, 0xf4, 0xf8, 0x59, 0xd8, 0xf8, 0xf8, 0x59,
    0xd8, 0xf4, 0xf8, 0x59, 0xd8, 0xf4, 0xf8, 0x59, 0xd8, 0xf8, 0xf8, 0x59,
    0xd8, 0xf4, 0xf8, 0x59, 0xd8, 0xf4, 0xf8, 0x59, 0xd8, 0xf4, 0xf8, 0x59,
    0xd8, 0xf8, 0xf8, 0x59, 0xd8, 0xf4, 0xf8, 0x59, 0xd8, 0xf4, 0xf8, 0x59
};
