// 4.23.2 0x126d820f D2 AY R0 FARGB8888 U565 N0 SExtFlashSection
// Generated by imageconverter. Please, do not edit!

#include <touchgfx/hal/Config.hpp>

LOCATION_PRAGMA("ExtFlashSection")
KEEP extern const unsigned char image_loading_2[] LOCATION_ATTRIBUTE("ExtFlashSection") = { // 72x72 ARGB8888 pixels.
    0x00, 0x00, 0x00, 0x00, 0x00, 0x00, 0x00, 0x00, 0x00, 0x00, 0x00, 0x00,
    0x00, 0x00, 0x00, 0x00, 0x00, 0x00, 0x00, 0x00, 0x00, 0x00, 0x00, 0x00,
    0x00, 0x00, 0x00, 0x00, 0x00, 0x00, 0x00, 0x00, 0x00, 0x00, 0x00, 0x00,
    0x00, 0x00, 0x00, 0x00, 0x00, 0x00, 0x00, 0x00, 0x00, 0x00, 0x00, 0x00,
    0x00, 0x00, 0x00, 0x00, 0x00, 0x00, 0x00, 0x00, 0x00, 0x00, 0x00, 0x00,
    0x00, 0x00, 0x00, 0x00, 0x00, 0x00, 0x00, 0x00, 0x00, 0x00, 0x00, 0x00,
    0x00, 0x00, 0x00, 0x00, 0x00, 0x00, 0x00, 0x00, 0x00, 0x00, 0x00, 0x00,
    0x00, 0x00, 0x00, 0x00, 0x00, 0x00, 0x00, 0x00, 0x00, 0x00, 0x00, 0x00,
    0x00, 0x00, 0x00, 0x00, 0x00, 0x00, 0x00, 0x00, 0x00, 0x00, 0x00, 0x00,
    0x00, 0x00, 0x00, 0x00, 0x00, 0x00, 0x00, 0x00, 0x00, 0x00, 0x00, 0x00,
    0x00, 0x00, 0x00, 0x00, 0x00, 0x00, 0x00, 0x00, 0x78, 0x3c, 0x20, 0x1c,
    0x78, 0x3c, 0x20, 0xcb, 0x78, 0x40, 0x18, 0xe7, 0x78, 0x3c, 0x20, 0xe7,
    0x78, 0x3c, 0x20, 0xe7, 0x78, 0x40, 0x18, 0xe7, 0x78, 0x3c, 0x20, 0xcb,
    0x78, 0x3c, 0x20, 0x1c, 0x00, 0x00, 0x00, 0x00, 0x00, 0x00, 0x00, 0x00,
    0x00, 0x00, 0x00, 0x00, 0x00, 0x00, 0x00, 0x00, 0x00, 0x00, 0x00, 0x00,
    0x00, 0x00, 0x00, 0x00, 0x00, 0x00, 0x00, 0x00, 0x00, 0x00, 0x00, 0x00,
    0x00, 0x00, 0x00, 0x00, 0x00, 0x00, 0x00, 0x00, 0x00, 0x00, 0x00, 0x00,
    0x00, 0x00, 0x00, 0x00, 0x00, 0x00, 0x00, 0x00, 0x00, 0x00, 0x00, 0x00,
    0x00, 0x00, 0x00, 0x00, 0x00, 0x00, 0x00, 0x00, 0x00, 0x00, 0x00, 0x00,
    0x00, 0x00, 0x00, 0x00, 0x00, 0x00, 0x00, 0x00, 0x00, 0x00, 0x00, 0x00,
    0x00, 0x00, 0x00, 0x00, 0x00, 0x00, 0x00, 0x00, 0x00, 0x00, 0x00, 0x00,
    0x00, 0x00, 0x00, 0x00, 0x00, 0x00, 0x00, 0x00, 0x00, 0x00, 0x00, 0x00,
    0x00, 0x00, 0x00, 0x00, 0x00, 0x00, 0x00, 0x00, 0x00, 0x00, 0x00, 0x00,
    0x00, 0x00, 0x00, 0x00, 0x00, 0x00, 0x00, 0x00, 0x00, 0x00, 0x00, 0x00,
    0x00, 0x00, 0x00, 0x00, 0x00, 0x00, 0x00, 0x00, 0x00, 0x00, 0x00, 0x00,
    0x00, 0x00, 0x00, 0x00, 0x00, 0x00, 0x00, 0x00, 0x00, 0x00, 0x00, 0x00,
    0x00, 0x00, 0x00, 0x00, 0x00, 0x00, 0x00, 0x00, 0x00, 0x00, 0x00, 0x00,
    0x00, 0x00, 0x00, 0x00, 0x00, 0x00, 0x00, 0x00, 0x00, 0x00, 0x00, 0x00,
    0x00, 0x00, 0x00, 0x00, 0x00, 0x00, 0x00, 0x00, 0x00, 0x00, 0x00, 0x00,
    0x00, 0x00, 0x00, 0x00, 0x00, 0x00, 0x00, 0x00, 0x00, 0x00, 0x00, 0x00,
    0x00, 0x00, 0x00, 0x00, 0x00, 0x00, 0x00, 0x00, 0x00, 0x00, 0x00, 0x00,
    0x00, 0x00, 0x00, 0x00, 0x00, 0x00, 0x00, 0x00, 0x00, 0x00, 0x00, 0x00,
    0x00, 0x00, 0x00, 0x00, 0x00, 0x00, 0x00, 0x00, 0x00, 0x00, 0x00, 0x00,
    0x00, 0x00, 0x00, 0x00, 0x00, 0x00, 0x00, 0x00, 0x00, 0x00, 0x00, 0x00,
    0x00, 0x00, 0x00, 0x00, 0x00, 0x00, 0x00, 0x00, 0x70, 0x34, 0x10, 0x20,
    0x70, 0x34, 0x10, 0xdf, 0x70, 0x34, 0x10, 0xff, 0x70, 0x34, 0x10, 0xff,
    0x70, 0x34, 0x10, 0xff, 0x70, 0x34, 0x10, 0xff, 0x70, 0x34, 0x10, 0xdf,
    0x70, 0x34, 0x10, 0x20, 0x00, 0x00, 0x00, 0x00, 0x00, 0x00, 0x00, 0x00,
    0x00, 0x00, 0x00, 0x00, 0x00, 0x00, 0x00, 0x00, 0x00, 0x00, 0x00, 0x00,
    0x00, 0x00, 0x00, 0x00, 0x00, 0x00, 0x00, 0x00, 0x00, 0x00, 0x00, 0x00,
    0x00, 0x00, 0x00, 0x00, 0x00, 0x00, 0x00, 0x00, 0x00, 0x00, 0x00, 0x00,
    0x00, 0x00, 0x00, 0x00, 0x00, 0x00, 0x00, 0x00, 0x00, 0x00, 0x00, 0x00,
    0x00, 0x00, 0x00, 0x00, 0x00, 0x00, 0x00, 0x00, 0x00, 0x00, 0x00, 0x00,
    0x00, 0x00, 0x00, 0x00, 0x00, 0x00, 0x00, 0x00, 0x00, 0x00, 0x00, 0x00,
    0x00, 0x00, 0x00, 0x00, 0x00, 0x00, 0x00, 0x00, 0x00, 0x00, 0x00, 0x00,
    0x00, 0x00, 0x00, 0x00, 0x00, 0x00, 0x00, 0x00, 0x00, 0x00, 0x00, 0x00,
    0x00, 0x00, 0x00, 0x00, 0x00, 0x00, 0x00, 0x00, 0x00, 0x00, 0x00, 0x00,
    0x00, 0x00, 0x00, 0x00, 0x00, 0x00, 0x00, 0x00, 0x00, 0x00, 0x00, 0x00,
    0x00, 0x00, 0x00, 0x00, 0x00, 0x00, 0x00, 0x00, 0x00, 0x00, 0x00, 0x00,
    0x00, 0x00, 0x00, 0x00, 0x00, 0x00, 0x00, 0x00, 0x00, 0x00, 0x00, 0x00,
    0x00, 0x00, 0x00, 0x00, 0x00, 0x00, 0x00, 0x00, 0x00, 0x00, 0x00, 0x00,
    0x00, 0x00, 0x00, 0x00, 0x00, 0x00, 0x00, 0x00, 0x00, 0x00, 0x00, 0x00,
    0x00, 0x00, 0x00, 0x00, 0x00, 0x00, 0x00, 0x00, 0x00, 0x00, 0x00, 0x00,
    0x00, 0x00, 0x00, 0x00, 0x00, 0x00, 0x00, 0x00, 0x00, 0x00, 0x00, 0x00,
    0x00, 0x00, 0x00, 0x00, 0x00, 0x00, 0x00, 0x00, 0x00, 0x00, 0x00, 0x00,
    0x00, 0x00, 0x00, 0x00, 0x00, 0x00, 0x00, 0x00, 0x00, 0x00, 0x00, 0x00,
    0x00, 0x00, 0x00, 0x00, 0x00, 0x00, 0x00, 0x00, 0x00, 0x00, 0x00, 0x00,
    0x00, 0x00, 0x00, 0x00, 0x00, 0x00, 0x00, 0x00, 0x00, 0x00, 0x00, 0x00,
    0x00, 0x00, 0x00, 0x00, 0x00, 0x00, 0x00, 0x00, 0x70, 0x34, 0x10, 0x20,
    0x70, 0x34, 0x10, 0xdf, 0x70, 0x34, 0x10, 0xff, 0x78, 0x34, 0x10, 0xff,
    0x70, 0x34, 0x10, 0xff, 0x70, 0x34, 0x10, 0xff, 0x78, 0x34, 0x10, 0xdf,
    0x70, 0x34, 0x10, 0x20, 0x00, 0x00, 0x00, 0x00, 0x00, 0x00, 0x00, 0x00,
    0x00, 0x00, 0x00, 0x00, 0x00, 0x00, 0x00, 0x00, 0x00, 0x00, 0x00, 0x00,
    0x00, 0x00, 0x00, 0x00, 0x00, 0x00, 0x00, 0x00, 0x00, 0x00, 0x00, 0x00,
    0x00, 0x00, 0x00, 0x00, 0x00, 0x00, 0x00, 0x00, 0x00, 0x00, 0x00, 0x00,
    0x00, 0x00, 0x00, 0x00, 0x00, 0x00, 0x00, 0x00, 0x00, 0x00, 0x00, 0x00,
    0x00, 0x00, 0x00, 0x00, 0x00, 0x00, 0x00, 0x00, 0x00, 0x00, 0x00, 0x00,
    0x00, 0x00, 0x00, 0x00, 0x00, 0x00, 0x00, 0x00, 0x00, 0x00, 0x00, 0x00,
    0x00, 0x00, 0x00, 0x00, 0x00, 0x00, 0x00, 0x00, 0x00, 0x00, 0x00, 0x00,
    0x00, 0x00, 0x00, 0x00, 0x00, 0x00, 0x00, 0x00, 0x00, 0x00, 0x00, 0x00,
    0x00, 0x00, 0x00, 0x00, 0x00, 0x00, 0x00, 0x00, 0x00, 0x00, 0x00, 0x00,
    0x00, 0x00, 0x00, 0x00, 0x00, 0x00, 0x00, 0x00, 0x00, 0x00, 0x00, 0x00,
    0x00, 0x00, 0x00, 0x00, 0x00, 0x00, 0x00, 0x00, 0x00, 0x00, 0x00, 0x00,
    0x00, 0x00, 0x00, 0x00, 0x00, 0x00, 0x00, 0x00, 0x00, 0x00, 0x00, 0x00,
    0x00, 0x00, 0x00, 0x00, 0x00, 0x00, 0x00, 0x00, 0x00, 0x00, 0x00, 0x00,
    0x00, 0x00, 0x00, 0x00, 0x00, 0x00, 0x00, 0x00, 0x00, 0x00, 0x00, 0x00,
    0x00, 0x00, 0x00, 0x00, 0x00, 0x00, 0x00, 0x00, 0x00, 0x00, 0x00, 0x00,
    0x00, 0x00, 0x00, 0x00, 0x00, 0x00, 0x00, 0x00, 0x00, 0x00, 0x00, 0x00,
    0xa0, 0x4c, 0x20, 0x00, 0xa0, 0x48, 0x18, 0x28, 0xa0, 0x48, 0x18, 0x61,
    0xa0, 0x48, 0x18, 0x0c, 0x00, 0x00, 0x00, 0x00, 0x00, 0x00, 0x00, 0x00,
    0x00, 0x00, 0x00, 0x00, 0x00, 0x00, 0x00, 0x00, 0x00, 0x00, 0x00, 0x00,
    0x00, 0x00, 0x00, 0x00, 0x00, 0x00, 0x00, 0x00, 0x00, 0x00, 0x00, 0x00,
    0x00, 0x00, 0x00, 0x00, 0x00, 0x00, 0x00, 0x00, 0x70, 0x34, 0x10, 0x1c,
    0x70, 0x30, 0x10, 0xdf, 0x70, 0x30, 0x10, 0xff, 0x70, 0x34, 0x08, 0xff,
    0x70, 0x30, 0x10, 0xff, 0x70, 0x30, 0x10, 0xff, 0x70, 0x34, 0x10, 0xdf,
    0x70, 0x34, 0x10, 0x1c, 0x00, 0x00, 0x00, 0x00, 0x00, 0x00, 0x00, 0x00,
    0x00, 0x00, 0x00, 0x00, 0x00, 0x00, 0x00, 0x00, 0x00, 0x00, 0x00, 0x00,
    0x00, 0x00, 0x00, 0x00, 0x00, 0x00, 0x00, 0x00, 0x00, 0x00, 0x00, 0x00,
    0x00, 0x00, 0x00, 0x00, 0x00, 0x00, 0x00, 0x00, 0xf8, 0xf0, 0xe8, 0x08,
    0xf8, 0xf0, 0xe8, 0x59, 0xf8, 0xf0, 0xe8, 0x28, 0xf8, 0xf0, 0xe8, 0x00,
    0x00, 0x00, 0x00, 0x00, 0x00, 0x00, 0x00, 0x00, 0x00, 0x00, 0x00, 0x00,
    0x00, 0x00, 0x00, 0x00, 0x00, 0x00, 0x00, 0x00, 0x00, 0x00, 0x00, 0x00,
    0x00, 0x00, 0x00, 0x00, 0x00, 0x00, 0x00, 0x00, 0x00, 0x00, 0x00, 0x00,
    0x00, 0x00, 0x00, 0x00, 0x00, 0x00, 0x00, 0x00, 0x00, 0x00, 0x00, 0x00,
    0x00, 0x00, 0x00, 0x00, 0x00, 0x00, 0x00, 0x00, 0x00, 0x00, 0x00, 0x00,
    0x00, 0x00, 0x00, 0x00, 0x00, 0x00, 0x00, 0x00, 0x00, 0x00, 0x00, 0x00,
    0x00, 0x00, 0x00, 0x00, 0x00, 0x00, 0x00, 0x00, 0x00, 0x00, 0x00, 0x00,
    0x00, 0x00, 0x00, 0x00, 0x00, 0x00, 0x00, 0x00, 0x00, 0x00, 0x00, 0x00,
    0x00, 0x00, 0x00, 0x00, 0x00, 0x00, 0x00, 0x00, 0x00, 0x00, 0x00, 0x00,
    0x00, 0x00, 0x00, 0x00, 0x00, 0x00, 0x00, 0x00, 0x00, 0x00, 0x00, 0x00,
    0x00, 0x00, 0x00, 0x00, 0x00, 0x00, 0x00, 0x00, 0x00, 0x00, 0x00, 0x00,
    0x00, 0x00, 0x00, 0x00, 0xa0, 0x4c, 0x20, 0x00, 0xa0, 0x48, 0x18, 0x18,
    0x98, 0x48, 0x18, 0x75, 0xa0, 0x44, 0x18, 0xdb, 0x98, 0x44, 0x18, 0xf3,
    0x98, 0x48, 0x18, 0x51, 0xa0, 0x4c, 0x20, 0x00, 0x00, 0x00, 0x00, 0x00,
    0x00, 0x00, 0x00, 0x00, 0x00, 0x00, 0x00, 0x00, 0x00, 0x00, 0x00, 0x00,
    0x00, 0x00, 0x00, 0x00, 0x00, 0x00, 0x00, 0x00, 0x00, 0x00, 0x00, 0x00,
    0x00, 0x00, 0x00, 0x00, 0x00, 0x00, 0x00, 0x00, 0x70, 0x34, 0x10, 0x20,
    0x70, 0x34, 0x10, 0xdf, 0x70, 0x34, 0x10, 0xff, 0x70, 0x34, 0x10, 0xff,
    0x70, 0x34, 0x10, 0xff, 0x70, 0x34, 0x10, 0xff, 0x70, 0x30, 0x08, 0xdf,
    0x70, 0x34, 0x10, 0x20, 0x00, 0x00, 0x00, 0x00, 0x00, 0x00, 0x00, 0x00,
    0x00, 0x00, 0x00, 0x00, 0x00, 0x00, 0x00, 0x00, 0x00, 0x00, 0x00, 0x00,
    0x00, 0x00, 0x00, 0x00, 0x00, 0x00, 0x00, 0x00, 0x00, 0x00, 0x00, 0x00,
    0x00, 0x00, 0x00, 0x00, 0x00, 0x00, 0x00, 0x00, 0xf8, 0xf0, 0xe8, 0x4d,
    0xf8, 0xf0, 0xe8, 0xef, 0xf8, 0xf0, 0xe8, 0xd7, 0xf8, 0xf0, 0xe8, 0x71,
    0xf8, 0xf0, 0xe8, 0x14, 0x00, 0x00, 0x00, 0x00, 0x00, 0x00, 0x00, 0x00,
    0x00, 0x00, 0x00, 0x00, 0x00, 0x00, 0x00, 0x00, 0x00, 0x00, 0x00, 0x00,
    0x00, 0x00, 0x00, 0x00, 0x00, 0x00, 0x00, 0x00, 0x00, 0x00, 0x00, 0x00,
    0x00, 0x00, 0x00, 0x00, 0x00, 0x00, 0x00, 0x00, 0x00, 0x00, 0x00, 0x00,
    0x00, 0x00, 0x00, 0x00, 0x00, 0x00, 0x00, 0x00, 0x00, 0x00, 0x00, 0x00,
    0x00, 0x00, 0x00, 0x00, 0x00, 0x00, 0x00, 0x00, 0x00, 0x00, 0x00, 0x00,
    0x00, 0x00, 0x00, 0x00, 0x00, 0x00, 0x00, 0x00, 0x00, 0x00, 0x00, 0x00,
    0x00, 0x00, 0x00, 0x00, 0x00, 0x00, 0x00, 0x00, 0x00, 0x00, 0x00, 0x00,
    0x00, 0x00, 0x00, 0x00, 0x00, 0x00, 0x00, 0x00, 0x00, 0x00, 0x00, 0x00,
    0x00, 0x00, 0x00, 0x00, 0x00, 0x00, 0x00, 0x00, 0x00, 0x00, 0x00, 0x00,
    0x00, 0x00, 0x00, 0x00, 0x00, 0x00, 0x00, 0x00, 0x00, 0x00, 0x00, 0x00,
    0xa0, 0x48, 0x18, 0x0c, 0xa0, 0x48, 0x18, 0x55, 0x98, 0x48, 0x18, 0xc7,
    0x98, 0x44, 0x10, 0xfb, 0xa0, 0x44, 0x18, 0xff, 0x98, 0x48, 0x10, 0xff,
    0xa0, 0x48, 0x18, 0xc3, 0xa0, 0x48, 0x18, 0x18, 0x00, 0x00, 0x00, 0x00,
    0x00, 0x00, 0x00, 0x00, 0x00, 0x00, 0x00, 0x00, 0x00, 0x00, 0x00, 0x00,
    0x00, 0x00, 0x00, 0x00, 0x00, 0x00, 0x00, 0x00, 0x00, 0x00, 0x00, 0x00,
    0x00, 0x00, 0x00, 0x00, 0x00, 0x00, 0x00, 0x00, 0x70, 0x34, 0x10, 0x20,
    0x70, 0x34, 0x10, 0xdf, 0x78, 0x30, 0x08, 0xff, 0x70, 0x34, 0x10, 0xff,
    0x70, 0x34, 0x10, 0xff, 0x78, 0x34, 0x10, 0xff, 0x70, 0x34, 0x10, 0xdf,
    0x70, 0x30, 0x10, 0x20, 0x00, 0x00, 0x00, 0x00, 0x00, 0x00, 0x00, 0x00,
    0x00, 0x00, 0x00, 0x00, 0x00, 0x00, 0x00, 0x00, 0x00, 0x00, 0x00, 0x00,
    0x00, 0x00, 0x00, 0x00, 0x00, 0x00, 0x00, 0x00, 0x00, 0x00, 0x00, 0x00,
    0x00, 0x00, 0x00, 0x00, 0xf8, 0xf0, 0xe8, 0x14, 0xf8, 0xf0, 0xe8, 0xbe,
    0xf8, 0xf0, 0xf0, 0xff, 0xf8, 0xf4, 0xe8, 0xff, 0xf8, 0xf0, 0xe8, 0xfb,
    0xf8, 0xf0, 0xf0, 0xc3, 0xf8, 0xf0, 0xe8, 0x51, 0xf8, 0xf0, 0xe8, 0x0c,
    0x00, 0x00, 0x00, 0x00, 0x00, 0x00, 0x00, 0x00, 0x00, 0x00, 0x00, 0x00,
    0x00, 0x00, 0x00, 0x00, 0x00, 0x00, 0x00, 0x00, 0x00, 0x00, 0x00, 0x00,
    0x00, 0x00, 0x00, 0x00, 0x00, 0x00, 0x00, 0x00, 0x00, 0x00, 0x00, 0x00,
    0x00, 0x00, 0x00, 0x00, 0x00, 0x00, 0x00, 0x00, 0x00, 0x00, 0x00, 0x00,
    0x00, 0x00, 0x00, 0x00, 0x00, 0x00, 0x00, 0x00, 0x00, 0x00, 0x00, 0x00,
    0x00, 0x00, 0x00, 0x00, 0x00, 0x00, 0x00, 0x00, 0x00, 0x00, 0x00, 0x00,
    0x00, 0x00, 0x00, 0x00, 0x00, 0x00, 0x00, 0x00, 0x00, 0x00, 0x00, 0x00,
    0x00, 0x00, 0x00, 0x00, 0x00, 0x00, 0x00, 0x00, 0x00, 0x00, 0x00, 0x00,
    0x00, 0x00, 0x00, 0x00, 0x00, 0x00, 0x00, 0x00, 0x00, 0x00, 0x00, 0x00,
    0x00, 0x00, 0x00, 0x00, 0x00, 0x00, 0x00, 0x00, 0x00, 0x00, 0x00, 0x00,
    0xa0, 0x48, 0x18, 0x55, 0x98, 0x44, 0x18, 0xef, 0xa0, 0x48, 0x18, 0xff,
    0xa0, 0x44, 0x10, 0xff, 0x98, 0x48, 0x18, 0xff, 0xa0, 0x48, 0x18, 0xff,
    0x98, 0x44, 0x10, 0xfb, 0xa0, 0x48, 0x18, 0x71, 0xa0, 0x4c, 0x20, 0x00,
    0x00, 0x00, 0x00, 0x00, 0x00, 0x00, 0x00, 0x00, 0x00, 0x00, 0x00, 0x00,
    0x00, 0x00, 0x00, 0x00, 0x00, 0x00, 0x00, 0x00, 0x00, 0x00, 0x00, 0x00,
    0x00, 0x00, 0x00, 0x00, 0x00, 0x00, 0x00, 0x00, 0x70, 0x34, 0x10, 0x20,
    0x70, 0x30, 0x10, 0xdf, 0x70, 0x34, 0x10, 0xff, 0x70, 0x34, 0x10, 0xff,
    0x70, 0x30, 0x10, 0xff, 0x70, 0x34, 0x10, 0xff, 0x70, 0x34, 0x10, 0xdf,
    0x70, 0x34, 0x10, 0x20, 0x00, 0x00, 0x00, 0x00, 0x00, 0x00, 0x00, 0x00,
    0x00, 0x00, 0x00, 0x00, 0x00, 0x00, 0x00, 0x00, 0x00, 0x00, 0x00, 0x00,
    0x00, 0x00, 0x00, 0x00, 0x00, 0x00, 0x00, 0x00, 0x00, 0x00, 0x00, 0x00,
    0xf8, 0xf0, 0xe8, 0x00, 0xf8, 0xf0, 0xe8, 0x6d, 0xf8, 0xf0, 0xe8, 0xf7,
    0xf8, 0xf4, 0xf0, 0xff, 0xf8, 0xf0, 0xe8, 0xff, 0xf8, 0xf0, 0xe8, 0xff,
    0xf8, 0xf4, 0xe8, 0xff, 0xf8, 0xf0, 0xe8, 0xeb, 0xf8, 0xf0, 0xe8, 0x4d,
    0x00, 0x00, 0x00, 0x00, 0x00, 0x00, 0x00, 0x00, 0x00, 0x00, 0x00, 0x00,
    0x00, 0x00, 0x00, 0x00, 0x00, 0x00, 0x00, 0x00, 0x00, 0x00, 0x00, 0x00,
    0x00, 0x00, 0x00, 0x00, 0x00, 0x00, 0x00, 0x00, 0x00, 0x00, 0x00, 0x00,
    0x00, 0x00, 0x00, 0x00, 0x00, 0x00, 0x00, 0x00, 0x00, 0x00, 0x00, 0x00,
    0x00, 0x00, 0x00, 0x00, 0x00, 0x00, 0x00, 0x00, 0x00, 0x00, 0x00, 0x00,
    0x00, 0x00, 0x00, 0x00, 0x00, 0x00, 0x00, 0x00, 0x00, 0x00, 0x00, 0x00,
    0x00, 0x00, 0x00, 0x00, 0x00, 0x00, 0x00, 0x00, 0x00, 0x00, 0x00, 0x00,
    0x00, 0x00, 0x00, 0x00, 0x00, 0x00, 0x00, 0x00, 0x00, 0x00, 0x00, 0x00,
    0x00, 0x00, 0x00, 0x00, 0x00, 0x00, 0x00, 0x00, 0x00, 0x00, 0x00, 0x00,
    0x00, 0x00, 0x00, 0x00, 0x00, 0x00, 0x00, 0x00, 0x00, 0x00, 0x00, 0x00,
    0xa0, 0x48, 0x18, 0x1c, 0x98, 0x48, 0x18, 0xcb, 0x98, 0x44, 0x10, 0xff,
    0xa0, 0x48, 0x18, 0xff, 0x98, 0x44, 0x18, 0xff, 0xa0, 0x44, 0x10, 0xff,
    0x98, 0x44, 0x18, 0xff, 0xa0, 0x48, 0x18, 0xd7, 0xa0, 0x48, 0x18, 0x28,
    0x00, 0x00, 0x00, 0x00, 0x00, 0x00, 0x00, 0x00, 0x00, 0x00, 0x00, 0x00,
    0x00, 0x00, 0x00, 0x00, 0x00, 0x00, 0x00, 0x00, 0x00, 0x00, 0x00, 0x00,
    0x00, 0x00, 0x00, 0x00, 0x00, 0x00, 0x00, 0x00, 0x70, 0x34, 0x10, 0x20,
    0x70, 0x34, 0x10, 0xdf, 0x70, 0x34, 0x10, 0xff, 0x70, 0x34, 0x10, 0xff,
    0x70, 0x30, 0x08, 0xff, 0x70, 0x34, 0x10, 0xff, 0x70, 0x34, 0x10, 0xdf,
    0x78, 0x30, 0x08, 0x1c, 0x00, 0x00, 0x00, 0x00, 0x00, 0x00, 0x00, 0x00,
    0x00, 0x00, 0x00, 0x00, 0x00, 0x00, 0x00, 0x00, 0x00, 0x00, 0x00, 0x00,
    0x00, 0x00, 0x00, 0x00, 0x00, 0x00, 0x00, 0x00, 0x00, 0x00, 0x00, 0x00,
    0xf8, 0xf0, 0xe8, 0x24, 0xf8, 0xf0, 0xe8, 0xd3, 0xf8, 0xf4, 0xe8, 0xff,
    0xf8, 0xf0, 0xe8, 0xff, 0xf8, 0xf0, 0xf0, 0xff, 0xf8, 0xf0, 0xe8, 0xff,
    0xf8, 0xf4, 0xe8, 0xff, 0xf8, 0xf0, 0xf0, 0xc7, 0xf8, 0xf0, 0xe8, 0x18,
    0x00, 0x00, 0x00, 0x00, 0x00, 0x00, 0x00, 0x00, 0x00, 0x00, 0x00, 0x00,
    0x00, 0x00, 0x00, 0x00, 0x00, 0x00, 0x00, 0x00, 0x00, 0x00, 0x00, 0x00,
    0x00, 0x00, 0x00, 0x00, 0x00, 0x00, 0x00, 0x00, 0x00, 0x00, 0x00, 0x00,
    0x00, 0x00, 0x00, 0x00, 0x00, 0x00, 0x00, 0x00, 0x00, 0x00, 0x00, 0x00,
    0x00, 0x00, 0x00, 0x00, 0x00, 0x00, 0x00, 0x00, 0x00, 0x00, 0x00, 0x00,
    0x00, 0x00, 0x00, 0x00, 0x00, 0x00, 0x00, 0x00, 0x00, 0x00, 0x00, 0x00,
    0x00, 0x00, 0x00, 0x00, 0x00, 0x00, 0x00, 0x00, 0x00, 0x00, 0x00, 0x00,
    0x00, 0x00, 0x00, 0x00, 0x00, 0x00, 0x00, 0x00, 0x00, 0x00, 0x00, 0x00,
    0x00, 0x00, 0x00, 0x00, 0x00, 0x00, 0x00, 0x00, 0x00, 0x00, 0x00, 0x00,
    0x00, 0x00, 0x00, 0x00, 0x00, 0x00, 0x00, 0x00, 0x00, 0x00, 0x00, 0x00,
    0xa0, 0x4c, 0x20, 0x00, 0xa0, 0x48, 0x18, 0x61, 0x98, 0x44, 0x10, 0xf7,
    0xa0, 0x48, 0x18, 0xff, 0xa0, 0x48, 0x18, 0xff, 0x98, 0x44, 0x10, 0xff,
    0x98, 0x48, 0x18, 0xff, 0xa0, 0x44, 0x18, 0xff, 0x98, 0x48, 0x18, 0x92,
    0xa0, 0x48, 0x18, 0x08, 0x00, 0x00, 0x00, 0x00, 0x00, 0x00, 0x00, 0x00,
    0x00, 0x00, 0x00, 0x00, 0x00, 0x00, 0x00, 0x00, 0x00, 0x00, 0x00, 0x00,
    0x00, 0x00, 0x00, 0x00, 0x00, 0x00, 0x00, 0x00, 0x70, 0x30, 0x10, 0x1c,
    0x70, 0x34, 0x08, 0xdf, 0x78, 0x34, 0x10, 0xff, 0x70, 0x30, 0x10, 0xff,
    0x70, 0x34, 0x10, 0xff, 0x78, 0x34, 0x10, 0xff, 0x70, 0x34, 0x10, 0xdf,
    0x70, 0x34, 0x10, 0x20, 0x00, 0x00, 0x00, 0x00, 0x00, 0x00, 0x00, 0x00,
    0x00, 0x00, 0x00, 0x00, 0x00, 0x00, 0x00, 0x00, 0x00, 0x00, 0x00, 0x00,
    0x00, 0x00, 0x00, 0x00, 0x00, 0x00, 0x00, 0x00, 0xf8, 0xf0, 0xe8, 0x04,
    0xf8, 0xf0, 0xe8, 0x8a, 0xf8, 0xf0, 0xf0, 0xff, 0xf8, 0xf0, 0xe8, 0xff,
    0xf8, 0xf0, 0xe8, 0xff, 0xf8, 0xf0, 0xe8, 0xff, 0xf8, 0xf4, 0xf0, 0xff,
    0xf8, 0xf0, 0xe8, 0xf3, 0xf8, 0xf0, 0xe8, 0x59, 0xf8, 0xf0, 0xf0, 0x00,
    0x00, 0x00, 0x00, 0x00, 0x00, 0x00, 0x00, 0x00, 0x00, 0x00, 0x00, 0x00,
    0x00, 0x00, 0x00, 0x00, 0x00, 0x00, 0x00, 0x00, 0x00, 0x00, 0x00, 0x00,
    0x00, 0x00, 0x00, 0x00, 0x00, 0x00, 0x00, 0x00, 0x00, 0x00, 0x00, 0x00,
    0x00, 0x00, 0x00, 0x00, 0x00, 0x00, 0x00, 0x00, 0x00, 0x00, 0x00, 0x00,
    0x00, 0x00, 0x00, 0x00, 0x00, 0x00, 0x00, 0x00, 0x00, 0x00, 0x00, 0x00,
    0x00, 0x00, 0x00, 0x00, 0x00, 0x00, 0x00, 0x00, 0x00, 0x00, 0x00, 0x00,
    0x00, 0x00, 0x00, 0x00, 0x00, 0x00, 0x00, 0x00, 0x00, 0x00, 0x00, 0x00,
    0x00, 0x00, 0x00, 0x00, 0x00, 0x00, 0x00, 0x00, 0x00, 0x00, 0x00, 0x00,
    0x00, 0x00, 0x00, 0x00, 0x00, 0x00, 0x00, 0x00, 0x00, 0x00, 0x00, 0x00,
    0x00, 0x00, 0x00, 0x00, 0x00, 0x00, 0x00, 0x00, 0x00, 0x00, 0x00, 0x00,
    0x00, 0x00, 0x00, 0x00, 0xa0, 0x48, 0x18, 0x10, 0xa0, 0x48, 0x18, 0xb2,
    0x98, 0x44, 0x18, 0xff, 0xa0, 0x48, 0x10, 0xff, 0x98, 0x48, 0x18, 0xff,
    0xa0, 0x44, 0x10, 0xff, 0x98, 0x48, 0x10, 0xff, 0xa0, 0x44, 0x18, 0xeb,
    0xa0, 0x48, 0x18, 0x41, 0x00, 0x00, 0x00, 0x00, 0x00, 0x00, 0x00, 0x00,
    0x00, 0x00, 0x00, 0x00, 0x00, 0x00, 0x00, 0x00, 0x00, 0x00, 0x00, 0x00,
    0x00, 0x00, 0x00, 0x00, 0x00, 0x00, 0x00, 0x00, 0x70, 0x34, 0x10, 0x20,
    0x70, 0x34, 0x10, 0xdf, 0x70, 0x30, 0x10, 0xff, 0x70, 0x34, 0x10, 0xff,
    0x70, 0x34, 0x10, 0xff, 0x70, 0x30, 0x10, 0xff, 0x70, 0x34, 0x10, 0xdf,
    0x70, 0x34, 0x10, 0x20, 0x00, 0x00, 0x00, 0x00, 0x00, 0x00, 0x00, 0x00,
    0x00, 0x00, 0x00, 0x00, 0x00, 0x00, 0x00, 0x00, 0x00, 0x00, 0x00, 0x00,
    0x00, 0x00, 0x00, 0x00, 0x00, 0x00, 0x00, 0x00, 0xf8, 0xf0, 0xe8, 0x38,
    0xf8, 0xf0, 0xe8, 0xe7, 0xf8, 0xf4, 0xf0, 0xff, 0xf8, 0xf0, 0xe8, 0xff,
    0xf8, 0xf0, 0xe8, 0xff, 0xf8, 0xf4, 0xf0, 0xff, 0xf8, 0xf0, 0xe8, 0xff,
    0xf8, 0xf0, 0xe8, 0xae, 0xf8, 0xf4, 0xe8, 0x10, 0x00, 0x00, 0x00, 0x00,
    0x00, 0x00, 0x00, 0x00, 0x00, 0x00, 0x00, 0x00, 0x00, 0x00, 0x00, 0x00,
    0x00, 0x00, 0x00, 0x00, 0x00, 0x00, 0x00, 0x00, 0x00, 0x00, 0x00, 0x00,
    0x00, 0x00, 0x00, 0x00, 0x00, 0x00, 0x00, 0x00, 0x00, 0x00, 0x00, 0x00,
    0x00, 0x00, 0x00, 0x00, 0x00, 0x00, 0x00, 0x00, 0x00, 0x00, 0x00, 0x00,
    0x00, 0x00, 0x00, 0x00, 0x00, 0x00, 0x00, 0x00, 0x00, 0x00, 0x00, 0x00,
    0x00, 0x00, 0x00, 0x00, 0x00, 0x00, 0x00, 0x00, 0x00, 0x00, 0x00, 0x00,
    0x00, 0x00, 0x00, 0x00, 0x00, 0x00, 0x00, 0x00, 0x00, 0x00, 0x00, 0x00,
    0x00, 0x00, 0x00, 0x00, 0x00, 0x00, 0x00, 0x00, 0x00, 0x00, 0x00, 0x00,
    0x00, 0x00, 0x00, 0x00, 0x00, 0x00, 0x00, 0x00, 0x00, 0x00, 0x00, 0x00,
    0x00, 0x00, 0x00, 0x00, 0x00, 0x00, 0x00, 0x00, 0x00, 0x00, 0x00, 0x00,
    0x00, 0x00, 0x00, 0x00, 0x00, 0x00, 0x00, 0x00, 0x98, 0x48, 0x18, 0x41,
    0x98, 0x44, 0x10, 0xeb, 0xa0, 0x44, 0x18, 0xff, 0xa0, 0x48, 0x18, 0xff,
    0x98, 0x44, 0x18, 0xff, 0xa0, 0x48, 0x10, 0xff, 0x98, 0x48, 0x18, 0xff,
    0xa0, 0x48, 0x18, 0xae, 0xa0, 0x48, 0x18, 0x0c, 0x00, 0x00, 0x00, 0x00,
    0x00, 0x00, 0x00, 0x00, 0x00, 0x00, 0x00, 0x00, 0x00, 0x00, 0x00, 0x00,
    0x00, 0x00, 0x00, 0x00, 0x00, 0x00, 0x00, 0x00, 0x70, 0x34, 0x10, 0x20,
    0x70, 0x34, 0x10, 0xdf, 0x70, 0x34, 0x10, 0xff, 0x70, 0x34, 0x08, 0xff,
    0x70, 0x34, 0x10, 0xff, 0x70, 0x30, 0x10, 0xff, 0x70, 0x34, 0x08, 0xdf,
    0x70, 0x34, 0x10, 0x20, 0x00, 0x00, 0x00, 0x00, 0x00, 0x00, 0x00, 0x00,
    0x00, 0x00, 0x00, 0x00, 0x00, 0x00, 0x00, 0x00, 0x00, 0x00, 0x00, 0x00,
    0x00, 0x00, 0x00, 0x00, 0xf8, 0xf0, 0xe8, 0x0c, 0xf8, 0xf0, 0xe8, 0xaa,
    0xf8, 0xf4, 0xe8, 0xff, 0xf8, 0xf0, 0xe8, 0xff, 0xf8, 0xf0, 0xe8, 0xff,
    0xf8, 0xf4, 0xf0, 0xff, 0xf8, 0xf0, 0xe8, 0xff, 0xf8, 0xf0, 0xe8, 0xe7,
    0xf8, 0xf0, 0xe8, 0x41, 0x00, 0x00, 0x00, 0x00, 0x00, 0x00, 0x00, 0x00,
    0x00, 0x00, 0x00, 0x00, 0x00, 0x00, 0x00, 0x00, 0x00, 0x00, 0x00, 0x00,
    0x00, 0x00, 0x00, 0x00, 0x00, 0x00, 0x00, 0x00, 0x00, 0x00, 0x00, 0x00,
    0x00, 0x00, 0x00, 0x00, 0x00, 0x00, 0x00, 0x00, 0x00, 0x00, 0x00, 0x00,
    0x00, 0x00, 0x00, 0x00, 0x00, 0x00, 0x00, 0x00, 0x00, 0x00, 0x00, 0x00,
    0x00, 0x00, 0x00, 0x00, 0x00, 0x00, 0x00, 0x00, 0x00, 0x00, 0x00, 0x00,
    0x00, 0x00, 0x00, 0x00, 0x00, 0x00, 0x00, 0x00, 0x00, 0x00, 0x00, 0x00,
    0x00, 0x00, 0x00, 0x00, 0x00, 0x00, 0x00, 0x00, 0x00, 0x00, 0x00, 0x00,
    0x00, 0x00, 0x00, 0x00, 0x00, 0x00, 0x00, 0x00, 0x00, 0x00, 0x00, 0x00,
    0x00, 0x00, 0x00, 0x00, 0x00, 0x00, 0x00, 0x00, 0x00, 0x00, 0x00, 0x00,
    0x00, 0x00, 0x00, 0x00, 0x00, 0x00, 0x00, 0x00, 0x00, 0x00, 0x00, 0x00,
    0x00, 0x00, 0x00, 0x00, 0x00, 0x00, 0x00, 0x00, 0xa0, 0x4c, 0x18, 0x08,
    0xa0, 0x48, 0x18, 0x96, 0x98, 0x44, 0x18, 0xfb, 0x98, 0x48, 0x10, 0xff,
    0xa0, 0x44, 0x18, 0xff, 0x98, 0x44, 0x18, 0xff, 0x98, 0x48, 0x10, 0xff,
    0x98, 0x44, 0x18, 0xf3, 0xa0, 0x48, 0x18, 0x5d, 0xa0, 0x4c, 0x20, 0x00,
    0x00, 0x00, 0x00, 0x00, 0x00, 0x00, 0x00, 0x00, 0x00, 0x00, 0x00, 0x00,
    0x00, 0x00, 0x00, 0x00, 0x00, 0x00, 0x00, 0x00, 0x70, 0x30, 0x10, 0x20,
    0x70, 0x34, 0x10, 0xdf, 0x78, 0x30, 0x10, 0xff, 0x70, 0x34, 0x10, 0xff,
    0x70, 0x34, 0x10, 0xff, 0x78, 0x34, 0x10, 0xff, 0x70, 0x30, 0x10, 0xdf,
    0x70, 0x34, 0x10, 0x1c, 0x00, 0x00, 0x00, 0x00, 0x00, 0x00, 0x00, 0x00,
    0x00, 0x00, 0x00, 0x00, 0x00, 0x00, 0x00, 0x00, 0x00, 0x00, 0x00, 0x00,
    0xf8, 0xf0, 0xe8, 0x00, 0xf8, 0xf0, 0xe8, 0x55, 0xf8, 0xf0, 0xf0, 0xf3,
    0xf8, 0xf0, 0xe8, 0xff, 0xf8, 0xf0, 0xe8, 0xff, 0xf8, 0xf0, 0xf0, 0xff,
    0xf8, 0xf0, 0xe8, 0xff, 0xf8, 0xf0, 0xe8, 0xff, 0xf8, 0xf4, 0xf0, 0x8e,
    0xf8, 0xf0, 0xe8, 0x04, 0x00, 0x00, 0x00, 0x00, 0x00, 0x00, 0x00, 0x00,
    0x00, 0x00, 0x00, 0x00, 0x00, 0x00, 0x00, 0x00, 0x00, 0x00, 0x00, 0x00,
    0x00, 0x00, 0x00, 0x00, 0x00, 0x00, 0x00, 0x00, 0x00, 0x00, 0x00, 0x00,
    0x00, 0x00, 0x00, 0x00, 0x00, 0x00, 0x00, 0x00, 0x00, 0x00, 0x00, 0x00,
    0x00, 0x00, 0x00, 0x00, 0x00, 0x00, 0x00, 0x00, 0x00, 0x00, 0x00, 0x00,
    0x00, 0x00, 0x00, 0x00, 0x00, 0x00, 0x00, 0x00, 0x00, 0x00, 0x00, 0x00,
    0x00, 0x00, 0x00, 0x00, 0x00, 0x00, 0x00, 0x00, 0x00, 0x00, 0x00, 0x00,
    0x00, 0x00, 0x00, 0x00, 0x00, 0x00, 0x00, 0x00, 0x00, 0x00, 0x00, 0x00,
    0x00, 0x00, 0x00, 0x00, 0x00, 0x00, 0x00, 0x00, 0x00, 0x00, 0x00, 0x00,
    0x00, 0x00, 0x00, 0x00, 0x00, 0x00, 0x00, 0x00, 0x00, 0x00, 0x00, 0x00,
    0x00, 0x00, 0x00, 0x00, 0x00, 0x00, 0x00, 0x00, 0x00, 0x00, 0x00, 0x00,
    0x00, 0x00, 0x00, 0x00, 0x00, 0x00, 0x00, 0x00, 0x00, 0x00, 0x00, 0x00,
    0xa0, 0x48, 0x18, 0x2c, 0xa0, 0x48, 0x18, 0xdb, 0x98, 0x44, 0x10, 0xff,
    0xa0, 0x48, 0x18, 0xff, 0xa0, 0x44, 0x18, 0xff, 0x98, 0x44, 0x10, 0xff,
    0xa0, 0x48, 0x18, 0xff, 0xa0, 0x48, 0x18, 0xcb, 0xa0, 0x48, 0x18, 0x1c,
    0x00, 0x00, 0x00, 0x00, 0x00, 0x00, 0x00, 0x00, 0x00, 0x00, 0x00, 0x00,
    0x00, 0x00, 0x00, 0x00, 0x00, 0x00, 0x00, 0x00, 0x70, 0x34, 0x10, 0x20,
    0x70, 0x34, 0x10, 0xdf, 0x70, 0x34, 0x10, 0xff, 0x70, 0x30, 0x10, 0xff,
    0x70, 0x34, 0x10, 0xff, 0x70, 0x34, 0x10, 0xff, 0x70, 0x34, 0x10, 0xdf,
    0x70, 0x30, 0x10, 0x20, 0x00, 0x00, 0x00, 0x00, 0x00, 0x00, 0x00, 0x00,
    0x00, 0x00, 0x00, 0x00, 0x00, 0x00, 0x00, 0x00, 0x00, 0x00, 0x00, 0x00,
    0xf8, 0xf0, 0xe8, 0x18, 0xf8, 0xf0, 0xe8, 0xc3, 0xf8, 0xf4, 0xe8, 0xff,
    0xf8, 0xf0, 0xf0, 0xff, 0xf8, 0xf4, 0xe8, 0xff, 0xf8, 0xf4, 0xe8, 0xff,
    0xf8, 0xf0, 0xe8, 0xff, 0xf8, 0xf0, 0xe8, 0xd7, 0xf8, 0xf0, 0xe8, 0x28,
    0x00, 0x00, 0x00, 0x00, 0x00, 0x00, 0x00, 0x00, 0x00, 0x00, 0x00, 0x00,
    0x00, 0x00, 0x00, 0x00, 0x00, 0x00, 0x00, 0x00, 0x00, 0x00, 0x00, 0x00,
    0x00, 0x00, 0x00, 0x00, 0x00, 0x00, 0x00, 0x00, 0x00, 0x00, 0x00, 0x00,
    0x00, 0x00, 0x00, 0x00, 0x00, 0x00, 0x00, 0x00, 0x00, 0x00, 0x00, 0x00,
    0x00, 0x00, 0x00, 0x00, 0x00, 0x00, 0x00, 0x00, 0x00, 0x00, 0x00, 0x00,
    0x00, 0x00, 0x00, 0x00, 0x00, 0x00, 0x00, 0x00, 0x00, 0x00, 0x00, 0x00,
    0x00, 0x00, 0x00, 0x00, 0x00, 0x00, 0x00, 0x00, 0x00, 0x00, 0x00, 0x00,
    0x00, 0x00, 0x00, 0x00, 0x00, 0x00, 0x00, 0x00, 0x00, 0x00, 0x00, 0x00,
    0x00, 0x00, 0x00, 0x00, 0x00, 0x00, 0x00, 0x00, 0x00, 0x00, 0x00, 0x00,
    0x00, 0x00, 0x00, 0x00, 0x00, 0x00, 0x00, 0x00, 0x00, 0x00, 0x00, 0x00,
    0x00, 0x00, 0x00, 0x00, 0x00, 0x00, 0x00, 0x00, 0x00, 0x00, 0x00, 0x00,
    0x00, 0x00, 0x00, 0x00, 0x00, 0x00, 0x00, 0x00, 0x00, 0x00, 0x00, 0x00,
    0xa0, 0x4c, 0x20, 0x00, 0xa0, 0x48, 0x18, 0x75, 0x98, 0x44, 0x18, 0xfb,
    0x98, 0x48, 0x10, 0xff, 0xa0, 0x48, 0x18, 0xff, 0xa0, 0x44, 0x18, 0xff,
    0x98, 0x44, 0x10, 0xff, 0x98, 0x44, 0x10, 0xfb, 0xa0, 0x48, 0x18, 0x79,
    0xa0, 0x48, 0x20, 0x04, 0x00, 0x00, 0x00, 0x00, 0x00, 0x00, 0x00, 0x00,
    0x00, 0x00, 0x00, 0x00, 0x00, 0x00, 0x00, 0x00, 0x70, 0x34, 0x10, 0x1c,
    0x70, 0x34, 0x08, 0xdf, 0x70, 0x34, 0x10, 0xff, 0x70, 0x30, 0x10, 0xff,
    0x70, 0x34, 0x08, 0xff, 0x70, 0x34, 0x10, 0xff, 0x78, 0x34, 0x10, 0xdf,
    0x70, 0x34, 0x08, 0x20, 0x00, 0x00, 0x00, 0x00, 0x00, 0x00, 0x00, 0x00,
    0x00, 0x00, 0x00, 0x00, 0x00, 0x00, 0x00, 0x00, 0xf8, 0xf0, 0xe8, 0x00,
    0xf8, 0xf0, 0xe8, 0x75, 0xf8, 0xf0, 0xe8, 0xfb, 0xf8, 0xf0, 0xe8, 0xff,
    0xf8, 0xf0, 0xe8, 0xff, 0xf8, 0xf0, 0xf0, 0xff, 0xf8, 0xf0, 0xe8, 0xff,
    0xf8, 0xf4, 0xe8, 0xf7, 0xf8, 0xf0, 0xf0, 0x71, 0xf8, 0xf0, 0xe8, 0x04,
    0x00, 0x00, 0x00, 0x00, 0x00, 0x00, 0x00, 0x00, 0x00, 0x00, 0x00, 0x00,
    0x00, 0x00, 0x00, 0x00, 0x00, 0x00, 0x00, 0x00, 0x00, 0x00, 0x00, 0x00,
    0x00, 0x00, 0x00, 0x00, 0x00, 0x00, 0x00, 0x00, 0x00, 0x00, 0x00, 0x00,
    0x00, 0x00, 0x00, 0x00, 0x00, 0x00, 0x00, 0x00, 0x00, 0x00, 0x00, 0x00,
    0x00, 0x00, 0x00, 0x00, 0x00, 0x00, 0x00, 0x00, 0x00, 0x00, 0x00, 0x00,
    0x00, 0x00, 0x00, 0x00, 0x00, 0x00, 0x00, 0x00, 0x00, 0x00, 0x00, 0x00,
    0x00, 0x00, 0x00, 0x00, 0x00, 0x00, 0x00, 0x00, 0x00, 0x00, 0x00, 0x00,
    0x00, 0x00, 0x00, 0x00, 0x00, 0x00, 0x00, 0x00, 0x00, 0x00, 0x00, 0x00,
    0x00, 0x00, 0x00, 0x00, 0x00, 0x00, 0x00, 0x00, 0x00, 0x00, 0x00, 0x00,
    0x00, 0x00, 0x00, 0x00, 0x00, 0x00, 0x00, 0x00, 0x00, 0x00, 0x00, 0x00,
    0x00, 0x00, 0x00, 0x00, 0x00, 0x00, 0x00, 0x00, 0x00, 0x00, 0x00, 0x00,
    0x00, 0x00, 0x00, 0x00, 0x00, 0x00, 0x00, 0x00, 0x00, 0x00, 0x00, 0x00,
    0x00, 0x00, 0x00, 0x00, 0xa0, 0x48, 0x18, 0x18, 0xa0, 0x48, 0x18, 0xc7,
    0x98, 0x44, 0x10, 0xff, 0x98, 0x48, 0x18, 0xff, 0xa0, 0x48, 0x18, 0xff,
    0x98, 0x44, 0x10, 0xff, 0x98, 0x48, 0x18, 0xff, 0xa0, 0x48, 0x18, 0xdf,
    0xa0, 0x48, 0x18, 0x2c, 0x00, 0x00, 0x00, 0x00, 0x00, 0x00, 0x00, 0x00,
    0x00, 0x00, 0x00, 0x00, 0x00, 0x00, 0x00, 0x00, 0x70, 0x30, 0x10, 0x20,
    0x70, 0x34, 0x10, 0xdf, 0x78, 0x34, 0x10, 0xff, 0x70, 0x34, 0x10, 0xff,
    0x70, 0x30, 0x10, 0xff, 0x70, 0x34, 0x10, 0xff, 0x70, 0x30, 0x10, 0xdf,
    0x70, 0x34, 0x10, 0x20, 0x00, 0x00, 0x00, 0x00, 0x00, 0x00, 0x00, 0x00,
    0x00, 0x00, 0x00, 0x00, 0x00, 0x00, 0x00, 0x00, 0xf8, 0xf0, 0xe8, 0x28,
    0xf8, 0xf0, 0xe8, 0xdb, 0xf8, 0xf4, 0xf0, 0xff, 0xf8, 0xf0, 0xe8, 0xff,
    0xf8, 0xf0, 0xe8, 0xff, 0xf8, 0xf0, 0xe8, 0xff, 0xf8, 0xf0, 0xf0, 0xff,
    0xf8, 0xf0, 0xe8, 0xc3, 0xf8, 0xf4, 0xe8, 0x14, 0x00, 0x00, 0x00, 0x00,
    0x00, 0x00, 0x00, 0x00, 0x00, 0x00, 0x00, 0x00, 0x00, 0x00, 0x00, 0x00,
    0x00, 0x00, 0x00, 0x00, 0x00, 0x00, 0x00, 0x00, 0x00, 0x00, 0x00, 0x00,
    0x00, 0x00, 0x00, 0x00, 0x00, 0x00, 0x00, 0x00, 0x00, 0x00, 0x00, 0x00,
    0x00, 0x00, 0x00, 0x00, 0x00, 0x00, 0x00, 0x00, 0x00, 0x00, 0x00, 0x00,
    0x00, 0x00, 0x00, 0x00, 0x00, 0x00, 0x00, 0x00, 0x00, 0x00, 0x00, 0x00,
    0x00, 0x00, 0x00, 0x00, 0x00, 0x00, 0x00, 0x00, 0x00, 0x00, 0x00, 0x00,
    0x00, 0x00, 0x00, 0x00, 0x00, 0x00, 0x00, 0x00, 0x00, 0x00, 0x00, 0x00,
    0x00, 0x00, 0x00, 0x00, 0x00, 0x00, 0x00, 0x00, 0xc0, 0x58, 0x20, 0x0c,
    0xc0, 0x58, 0x18, 0x55, 0xc0, 0x58, 0x20, 0x1c, 0xc0, 0x58, 0x20, 0x00,
    0x00, 0x00, 0x00, 0x00, 0x00, 0x00, 0x00, 0x00, 0x00, 0x00, 0x00, 0x00,
    0x00, 0x00, 0x00, 0x00, 0x00, 0x00, 0x00, 0x00, 0x00, 0x00, 0x00, 0x00,
    0x00, 0x00, 0x00, 0x00, 0x00, 0x00, 0x00, 0x00, 0x00, 0x00, 0x00, 0x00,
    0x00, 0x00, 0x00, 0x00, 0xa0, 0x4c, 0x20, 0x00, 0xa0, 0x48, 0x18, 0x59,
    0x98, 0x44, 0x18, 0xf3, 0xa0, 0x44, 0x10, 0xff, 0xa0, 0x48, 0x18, 0xff,
    0x98, 0x48, 0x18, 0xff, 0xa0, 0x44, 0x10, 0xff, 0x98, 0x44, 0x18, 0xff,
    0x98, 0x48, 0x18, 0x9a, 0xa0, 0x48, 0x18, 0x08, 0x00, 0x00, 0x00, 0x00,
    0x00, 0x00, 0x00, 0x00, 0x00, 0x00, 0x00, 0x00, 0x70, 0x34, 0x10, 0x1c,
    0x78, 0x34, 0x10, 0xc3, 0x70, 0x34, 0x10, 0xdf, 0x70, 0x34, 0x10, 0xdf,
    0x78, 0x34, 0x10, 0xdf, 0x78, 0x34, 0x10, 0xdf, 0x70, 0x34, 0x10, 0xc3,
    0x70, 0x34, 0x10, 0x1c, 0x00, 0x00, 0x00, 0x00, 0x00, 0x00, 0x00, 0x00,
    0x00, 0x00, 0x00, 0x00, 0xf8, 0xf0, 0xe8, 0x08, 0xf8, 0xf0, 0xe8, 0x92,
    0xf8, 0xf0, 0xe8, 0xff, 0xf8, 0xf4, 0xf0, 0xff, 0xf8, 0xf4, 0xe8, 0xff,
    0xf8, 0xf0, 0xe8, 0xff, 0xf8, 0xf4, 0xe8, 0xff, 0xf8, 0xf0, 0xe8, 0xf3,
    0xf8, 0xf0, 0xf0, 0x51, 0x00, 0x00, 0x00, 0x00, 0x00, 0x00, 0x00, 0x00,
    0x00, 0x00, 0x00, 0x00, 0x00, 0x00, 0x00, 0x00, 0x00, 0x00, 0x00, 0x00,
    0x00, 0x00, 0x00, 0x00, 0x00, 0x00, 0x00, 0x00, 0x00, 0x00, 0x00, 0x00,
    0x00, 0x00, 0x00, 0x00, 0x00, 0x00, 0x00, 0x00, 0x00, 0x00, 0x00, 0x00,
    0xf8, 0xe0, 0xd8, 0x00, 0xf8, 0xe0, 0xd0, 0x1c, 0xf8, 0xe0, 0xd0, 0x51,
    0xf8, 0xe0, 0xd8, 0x0c, 0x00, 0x00, 0x00, 0x00, 0x00, 0x00, 0x00, 0x00,
    0x00, 0x00, 0x00, 0x00, 0x00, 0x00, 0x00, 0x00, 0x00, 0x00, 0x00, 0x00,
    0x00, 0x00, 0x00, 0x00, 0x00, 0x00, 0x00, 0x00, 0x00, 0x00, 0x00, 0x00,
    0x00, 0x00, 0x00, 0x00, 0xc0, 0x5c, 0x20, 0x00, 0xc0, 0x58, 0x18, 0x55,
    0xc0, 0x54, 0x18, 0xef, 0xc0, 0x54, 0x18, 0xcb, 0xc0, 0x58, 0x18, 0x5d,
    0xc0, 0x58, 0x20, 0x10, 0x00, 0x00, 0x00, 0x00, 0x00, 0x00, 0x00, 0x00,
    0x00, 0x00, 0x00, 0x00, 0x00, 0x00, 0x00, 0x00, 0x00, 0x00, 0x00, 0x00,
    0x00, 0x00, 0x00, 0x00, 0x00, 0x00, 0x00, 0x00, 0x00, 0x00, 0x00, 0x00,
    0x00, 0x00, 0x00, 0x00, 0x00, 0x00, 0x00, 0x00, 0xa0, 0x48, 0x18, 0x0c,
    0xa0, 0x48, 0x18, 0xaa, 0x98, 0x44, 0x10, 0xff, 0x98, 0x44, 0x18, 0xff,
    0xa0, 0x48, 0x18, 0xff, 0xa0, 0x44, 0x10, 0xff, 0x98, 0x48, 0x10, 0xff,
    0x98, 0x44, 0x18, 0xeb, 0xa0, 0x48, 0x18, 0x45, 0x00, 0x00, 0x00, 0x00,
    0x00, 0x00, 0x00, 0x00, 0x00, 0x00, 0x00, 0x00, 0x78, 0x38, 0x18, 0x04,
    0x78, 0x38, 0x18, 0x1c, 0x78, 0x38, 0x18, 0x20, 0x78, 0x38, 0x10, 0x20,
    0x78, 0x38, 0x18, 0x20, 0x78, 0x38, 0x18, 0x20, 0x78, 0x38, 0x18, 0x1c,
    0x78, 0x38, 0x18, 0x04, 0x00, 0x00, 0x00, 0x00, 0x00, 0x00, 0x00, 0x00,
    0x00, 0x00, 0x00, 0x00, 0xf8, 0xf0, 0xe8, 0x3c, 0xf8, 0xf0, 0xe8, 0xeb,
    0xf8, 0xf0, 0xe8, 0xff, 0xf8, 0xf0, 0xe8, 0xff, 0xf8, 0xf0, 0xf0, 0xff,
    0xf8, 0xf0, 0xe8, 0xff, 0xf8, 0xf4, 0xf0, 0xff, 0xf8, 0xf0, 0xe8, 0xa6,
    0xf8, 0xf0, 0xe8, 0x0c, 0x00, 0x00, 0x00, 0x00, 0x00, 0x00, 0x00, 0x00,
    0x00, 0x00, 0x00, 0x00, 0x00, 0x00, 0x00, 0x00, 0x00, 0x00, 0x00, 0x00,
    0x00, 0x00, 0x00, 0x00, 0x00, 0x00, 0x00, 0x00, 0x00, 0x00, 0x00, 0x00,
    0x00, 0x00, 0x00, 0x00, 0x00, 0x00, 0x00, 0x00, 0xf8, 0xe0, 0xd8, 0x0c,
    0xf8, 0xe0, 0xd0, 0x5d, 0xf8, 0xe0, 0xd8, 0xcb, 0xf8, 0xe0, 0xd8, 0xeb,
    0xf8, 0xe0, 0xd0, 0x51, 0xf8, 0xe0, 0xd0, 0x00, 0x00, 0x00, 0x00, 0x00,
    0x00, 0x00, 0x00, 0x00, 0x00, 0x00, 0x00, 0x00, 0x00, 0x00, 0x00, 0x00,
    0x00, 0x00, 0x00, 0x00, 0x00, 0x00, 0x00, 0x00, 0x00, 0x00, 0x00, 0x00,
    0x00, 0x00, 0x00, 0x00, 0xc0, 0x58, 0x20, 0x18, 0xc0, 0x54, 0x18, 0xc3,
    0xc0, 0x54, 0x18, 0xff, 0xc0, 0x58, 0x18, 0xff, 0xc0, 0x58, 0x18, 0xf7,
    0xc0, 0x54, 0x18, 0xb2, 0xc0, 0x58, 0x20, 0x41, 0xc0, 0x58, 0x20, 0x08,
    0x00, 0x00, 0x00, 0x00, 0x00, 0x00, 0x00, 0x00, 0x00, 0x00, 0x00, 0x00,
    0x00, 0x00, 0x00, 0x00, 0x00, 0x00, 0x00, 0x00, 0x00, 0x00, 0x00, 0x00,
    0x00, 0x00, 0x00, 0x00, 0x00, 0x00, 0x00, 0x00, 0x00, 0x00, 0x00, 0x00,
    0xa0, 0x48, 0x18, 0x3c, 0x98, 0x48, 0x18, 0xe7, 0x98, 0x48, 0x10, 0xff,
    0xa0, 0x44, 0x18, 0xff, 0x98, 0x48, 0x18, 0xff, 0xa0, 0x48, 0x18, 0xf7,
    0xa0, 0x48, 0x18, 0xbe, 0xa0, 0x48, 0x18, 0x38, 0x00, 0x00, 0x00, 0x00,
    0x00, 0x00, 0x00, 0x00, 0x00, 0x00, 0x00, 0x00, 0x00, 0x00, 0x00, 0x00,
    0x00, 0x00, 0x00, 0x00, 0x00, 0x00, 0x00, 0x00, 0x00, 0x00, 0x00, 0x00,
    0x00, 0x00, 0x00, 0x00, 0x00, 0x00, 0x00, 0x00, 0x00, 0x00, 0x00, 0x00,
    0x00, 0x00, 0x00, 0x00, 0x00, 0x00, 0x00, 0x00, 0x00, 0x00, 0x00, 0x00,
    0x00, 0x00, 0x00, 0x00, 0xf8, 0xf0, 0xe8, 0x30, 0xf8, 0xf4, 0xf0, 0xba,
    0xf8, 0xf0, 0xe8, 0xf7, 0xf8, 0xf0, 0xe8, 0xff, 0xf8, 0xf0, 0xe8, 0xff,
    0xf8, 0xf0, 0xe8, 0xff, 0xf8, 0xf0, 0xe8, 0xe3, 0xf8, 0xf4, 0xf0, 0x38,
    0x00, 0x00, 0x00, 0x00, 0x00, 0x00, 0x00, 0x00, 0x00, 0x00, 0x00, 0x00,
    0x00, 0x00, 0x00, 0x00, 0x00, 0x00, 0x00, 0x00, 0x00, 0x00, 0x00, 0x00,
    0x00, 0x00, 0x00, 0x00, 0x00, 0x00, 0x00, 0x00, 0x00, 0x00, 0x00, 0x00,
    0xf8, 0xe0, 0xd8, 0x08, 0xf8, 0xe0, 0xd0, 0x41, 0xf8, 0xe4, 0xd0, 0xae,
    0xf8, 0xe0, 0xd8, 0xf3, 0xf8, 0xe4, 0xd0, 0xff, 0xf8, 0xe0, 0xd8, 0xff,
    0xf8, 0xe0, 0xd8, 0xc3, 0xf8, 0xe4, 0xd0, 0x18, 0x00, 0x00, 0x00, 0x00,
    0x00, 0x00, 0x00, 0x00, 0x00, 0x00, 0x00, 0x00, 0x00, 0x00, 0x00, 0x00,
    0x00, 0x00, 0x00, 0x00, 0x00, 0x00, 0x00, 0x00, 0x00, 0x00, 0x00, 0x00,
    0xc0, 0x58, 0x20, 0x00, 0xc0, 0x58, 0x18, 0x75, 0xc0, 0x54, 0x18, 0xfb,
    0xc0, 0x58, 0x18, 0xff, 0xc0, 0x58, 0x18, 0xff, 0xc0, 0x54, 0x18, 0xff,
    0xc0, 0x54, 0x18, 0xff, 0xc0, 0x58, 0x18, 0xeb, 0xc0, 0x58, 0x18, 0x96,
    0xc0, 0x58, 0x18, 0x2c, 0xc0, 0x58, 0x20, 0x00, 0x00, 0x00, 0x00, 0x00,
    0x00, 0x00, 0x00, 0x00, 0x00, 0x00, 0x00, 0x00, 0x00, 0x00, 0x00, 0x00,
    0x00, 0x00, 0x00, 0x00, 0x00, 0x00, 0x00, 0x00, 0x00, 0x00, 0x00, 0x00,
    0xa0, 0x48, 0x18, 0x04, 0xa0, 0x48, 0x18, 0x8e, 0xa0, 0x44, 0x18, 0xfb,
    0x98, 0x44, 0x10, 0xff, 0xa0, 0x48, 0x18, 0xd3, 0xa0, 0x48, 0x18, 0x6d,
    0xa0, 0x48, 0x18, 0x14, 0x00, 0x00, 0x00, 0x00, 0x00, 0x00, 0x00, 0x00,
    0x00, 0x00, 0x00, 0x00, 0x00, 0x00, 0x00, 0x00, 0x00, 0x00, 0x00, 0x00,
    0x00, 0x00, 0x00, 0x00, 0x00, 0x00, 0x00, 0x00, 0x00, 0x00, 0x00, 0x00,
    0x00, 0x00, 0x00, 0x00, 0x00, 0x00, 0x00, 0x00, 0x00, 0x00, 0x00, 0x00,
    0x00, 0x00, 0x00, 0x00, 0x00, 0x00, 0x00, 0x00, 0x00, 0x00, 0x00, 0x00,
    0x00, 0x00, 0x00, 0x00, 0x00, 0x00, 0x00, 0x00, 0xf8, 0xf0, 0xe8, 0x10,
    0xf8, 0xf4, 0xf0, 0x65, 0xf8, 0xf0, 0xe8, 0xcf, 0xf8, 0xf4, 0xe8, 0xfb,
    0xf8, 0xf0, 0xf0, 0xfb, 0xf8, 0xf0, 0xe8, 0x86, 0xf8, 0xf0, 0xe8, 0x04,
    0x00, 0x00, 0x00, 0x00, 0x00, 0x00, 0x00, 0x00, 0x00, 0x00, 0x00, 0x00,
    0x00, 0x00, 0x00, 0x00, 0x00, 0x00, 0x00, 0x00, 0x00, 0x00, 0x00, 0x00,
    0x00, 0x00, 0x00, 0x00, 0xf8, 0xe0, 0xd8, 0x00, 0xf8, 0xe0, 0xd8, 0x28,
    0xf8, 0xe4, 0xd0, 0x92, 0xf8, 0xe0, 0xd8, 0xeb, 0xf8, 0xe0, 0xd8, 0xff,
    0xf8, 0xe0, 0xd0, 0xff, 0xf8, 0xe4, 0xd0, 0xff, 0xf8, 0xe0, 0xd0, 0xff,
    0xf8, 0xe0, 0xd8, 0xfb, 0xf8, 0xe0, 0xd8, 0x71, 0xf8, 0xe0, 0xd0, 0x00,
    0x00, 0x00, 0x00, 0x00, 0x00, 0x00, 0x00, 0x00, 0x00, 0x00, 0x00, 0x00,
    0x00, 0x00, 0x00, 0x00, 0x00, 0x00, 0x00, 0x00, 0x00, 0x00, 0x00, 0x00,
    0xc0, 0x58, 0x20, 0x28, 0xc0, 0x54, 0x18, 0xdb, 0xc0, 0x58, 0x18, 0xff,
    0xc0, 0x54, 0x18, 0xff, 0xc0, 0x54, 0x20, 0xff, 0xc0, 0x58, 0x18, 0xff,
    0xc0, 0x54, 0x18, 0xff, 0xc0, 0x54, 0x18, 0xff, 0xc0, 0x58, 0x18, 0xfb,
    0xc0, 0x54, 0x18, 0xdb, 0xc0, 0x58, 0x20, 0x75, 0xc0, 0x58, 0x20, 0x18,
    0xc0, 0x5c, 0x20, 0x00, 0x00, 0x00, 0x00, 0x00, 0x00, 0x00, 0x00, 0x00,
    0x00, 0x00, 0x00, 0x00, 0x00, 0x00, 0x00, 0x00, 0x00, 0x00, 0x00, 0x00,
    0x00, 0x00, 0x00, 0x00, 0xa0, 0x48, 0x18, 0x24, 0xa0, 0x48, 0x18, 0xc3,
    0x98, 0x48, 0x18, 0x8a, 0xa0, 0x48, 0x18, 0x24, 0xa0, 0x4c, 0x20, 0x00,
    0x00, 0x00, 0x00, 0x00, 0x00, 0x00, 0x00, 0x00, 0x00, 0x00, 0x00, 0x00,
    0x00, 0x00, 0x00, 0x00, 0x00, 0x00, 0x00, 0x00, 0x00, 0x00, 0x00, 0x00,
    0x00, 0x00, 0x00, 0x00, 0x00, 0x00, 0x00, 0x00, 0x00, 0x00, 0x00, 0x00,
    0x00, 0x00, 0x00, 0x00, 0x00, 0x00, 0x00, 0x00, 0x00, 0x00, 0x00, 0x00,
    0x00, 0x00, 0x00, 0x00, 0x00, 0x00, 0x00, 0x00, 0x00, 0x00, 0x00, 0x00,
    0x00, 0x00, 0x00, 0x00, 0x00, 0x00, 0x00, 0x00, 0x00, 0x00, 0x00, 0x00,
    0xf8, 0xf0, 0xe8, 0x00, 0xf8, 0xf0, 0xe8, 0x20, 0xf8, 0xf4, 0xf0, 0x86,
    0xf8, 0xf0, 0xe8, 0xba, 0xf8, 0xf0, 0xe8, 0x24, 0x00, 0x00, 0x00, 0x00,
    0x00, 0x00, 0x00, 0x00, 0x00, 0x00, 0x00, 0x00, 0x00, 0x00, 0x00, 0x00,
    0x00, 0x00, 0x00, 0x00, 0x00, 0x00, 0x00, 0x00, 0xf8, 0xe0, 0xd8, 0x00,
    0xf8, 0xe4, 0xd8, 0x18, 0xf8, 0xe0, 0xd0, 0x71, 0xf8, 0xe0, 0xd0, 0xdb,
    0xf8, 0xe0, 0xd8, 0xfb, 0xf8, 0xe4, 0xd0, 0xff, 0xf8, 0xe0, 0xd8, 0xff,
    0xf8, 0xe0, 0xd8, 0xff, 0xf8, 0xe0, 0xd0, 0xff, 0xf8, 0xe4, 0xd8, 0xff,
    0xf8, 0xe0, 0xd0, 0xff, 0xf8, 0xe0, 0xd8, 0xdb, 0xf8, 0xe0, 0xd8, 0x28,
    0x00, 0x00, 0x00, 0x00, 0x00, 0x00, 0x00, 0x00, 0x00, 0x00, 0x00, 0x00,
    0x00, 0x00, 0x00, 0x00, 0x00, 0x00, 0x00, 0x00, 0x00, 0x00, 0x00, 0x00,
    0xc0, 0x58, 0x20, 0x61, 0xc0, 0x54, 0x18, 0xef, 0xc0, 0x58, 0x18, 0xff,
    0xc0, 0x58, 0x18, 0xff, 0xc0, 0x54, 0x18, 0xff, 0xc0, 0x58, 0x18, 0xff,
    0xc0, 0x58, 0x18, 0xff, 0xc0, 0x54, 0x18, 0xff, 0xc0, 0x54, 0x18, 0xff,
    0xc0, 0x58, 0x18, 0xff, 0xc0, 0x54, 0x18, 0xfb, 0xc0, 0x54, 0x18, 0xc7,
    0xc0, 0x58, 0x18, 0x59, 0xc0, 0x58, 0x20, 0x0c, 0x00, 0x00, 0x00, 0x00,
    0x00, 0x00, 0x00, 0x00, 0x00, 0x00, 0x00, 0x00, 0x00, 0x00, 0x00, 0x00,
    0x00, 0x00, 0x00, 0x00, 0xa0, 0x4c, 0x20, 0x00, 0xa0, 0x48, 0x18, 0x18,
    0xa0, 0x48, 0x18, 0x04, 0x00, 0x00, 0x00, 0x00, 0x00, 0x00, 0x00, 0x00,
    0x00, 0x00, 0x00, 0x00, 0x00, 0x00, 0x00, 0x00, 0x00, 0x00, 0x00, 0x00,
    0x00, 0x00, 0x00, 0x00, 0x00, 0x00, 0x00, 0x00, 0x00, 0x00, 0x00, 0x00,
    0x00, 0x00, 0x00, 0x00, 0x00, 0x00, 0x00, 0x00, 0x00, 0x00, 0x00, 0x00,
    0x00, 0x00, 0x00, 0x00, 0x00, 0x00, 0x00, 0x00, 0x00, 0x00, 0x00, 0x00,
    0x00, 0x00, 0x00, 0x00, 0x00, 0x00, 0x00, 0x00, 0x00, 0x00, 0x00, 0x00,
    0x00, 0x00, 0x00, 0x00, 0x00, 0x00, 0x00, 0x00, 0x00, 0x00, 0x00, 0x00,
    0x00, 0x00, 0x00, 0x00, 0x00, 0x00, 0x00, 0x00, 0xf8, 0xf0, 0xe8, 0x04,
    0xf8, 0xf0, 0xe8, 0x14, 0xf8, 0xf4, 0xe8, 0x00, 0x00, 0x00, 0x00, 0x00,
    0x00, 0x00, 0x00, 0x00, 0x00, 0x00, 0x00, 0x00, 0x00, 0x00, 0x00, 0x00,
    0x00, 0x00, 0x00, 0x00, 0xf8, 0xe0, 0xd8, 0x0c, 0xf8, 0xe0, 0xd0, 0x55,
    0xf8, 0xe4, 0xd8, 0xc3, 0xf8, 0xe0, 0xd0, 0xfb, 0xf8, 0xe0, 0xd8, 0xff,
    0xf8, 0xe0, 0xd0, 0xff, 0xf8, 0xe0, 0xd0, 0xff, 0xf8, 0xe4, 0xd8, 0xff,
    0xf8, 0xe0, 0xd0, 0xff, 0xf8, 0xe0, 0xd8, 0xff, 0xf8, 0xe0, 0xd8, 0xff,
    0xf8, 0xe4, 0xd0, 0xff, 0xf8, 0xe0, 0xd0, 0xef, 0xf8, 0xe4, 0xd8, 0x5d,
    0x00, 0x00, 0x00, 0x00, 0x00, 0x00, 0x00, 0x00, 0x00, 0x00, 0x00, 0x00,
    0x00, 0x00, 0x00, 0x00, 0x00, 0x00, 0x00, 0x00, 0x00, 0x00, 0x00, 0x00,
    0xc0, 0x58, 0x20, 0x0c, 0xc0, 0x58, 0x20, 0x51, 0xc0, 0x54, 0x18, 0xc3,
    0xc0, 0x54, 0x18, 0xfb, 0xb8, 0x58, 0x18, 0xff, 0xc0, 0x54, 0x18, 0xff,
    0xc0, 0x58, 0x20, 0xff, 0xb8, 0x58, 0x18, 0xff, 0xc0, 0x54, 0x18, 0xff,
    0xc0, 0x58, 0x18, 0xff, 0xc0, 0x58, 0x18, 0xff, 0xc0, 0x54, 0x18, 0xff,
    0xc0, 0x54, 0x18, 0xf3, 0xc0, 0x58, 0x18, 0xaa, 0xc0, 0x58, 0x20, 0x3c,
    0xc0, 0x58, 0x20, 0x04, 0x00, 0x00, 0x00, 0x00, 0x00, 0x00, 0x00, 0x00,
    0x00, 0x00, 0x00, 0x00, 0x00, 0x00, 0x00, 0x00, 0x00, 0x00, 0x00, 0x00,
    0x00, 0x00, 0x00, 0x00, 0x00, 0x00, 0x00, 0x00, 0x00, 0x00, 0x00, 0x00,
    0x00, 0x00, 0x00, 0x00, 0x00, 0x00, 0x00, 0x00, 0x00, 0x00, 0x00, 0x00,
    0x00, 0x00, 0x00, 0x00, 0x00, 0x00, 0x00, 0x00, 0x00, 0x00, 0x00, 0x00,
    0x00, 0x00, 0x00, 0x00, 0x00, 0x00, 0x00, 0x00, 0x00, 0x00, 0x00, 0x00,
    0x00, 0x00, 0x00, 0x00, 0x00, 0x00, 0x00, 0x00, 0x00, 0x00, 0x00, 0x00,
    0x00, 0x00, 0x00, 0x00, 0x00, 0x00, 0x00, 0x00, 0x00, 0x00, 0x00, 0x00,
    0x00, 0x00, 0x00, 0x00, 0x00, 0x00, 0x00, 0x00, 0x00, 0x00, 0x00, 0x00,
    0x00, 0x00, 0x00, 0x00, 0x00, 0x00, 0x00, 0x00, 0x00, 0x00, 0x00, 0x00,
    0x00, 0x00, 0x00, 0x00, 0x00, 0x00, 0x00, 0x00, 0x00, 0x00, 0x00, 0x00,
    0x00, 0x00, 0x00, 0x00, 0x00, 0x00, 0x00, 0x00, 0xf8, 0xe0, 0xd8, 0x04,
    0xf8, 0xe4, 0xd8, 0x38, 0xf8, 0xe0, 0xd0, 0xaa, 0xf8, 0xe0, 0xd0, 0xf3,
    0xf8, 0xe0, 0xd8, 0xff, 0xf8, 0xe4, 0xd8, 0xff, 0xf8, 0xe0, 0xd0, 0xff,
    0xf8, 0xe0, 0xd8, 0xff, 0xf8, 0xe4, 0xd8, 0xff, 0xf8, 0xe0, 0xd0, 0xff,
    0xf8, 0xe0, 0xd0, 0xff, 0xf8, 0xe0, 0xd8, 0xff, 0xf8, 0xe0, 0xd0, 0xfb,
    0xf8, 0xe0, 0xd0, 0xbe, 0xf8, 0xe0, 0xd8, 0x51, 0xf8, 0xe0, 0xd0, 0x08,
    0x00, 0x00, 0x00, 0x00, 0x00, 0x00, 0x00, 0x00, 0x00, 0x00, 0x00, 0x00,
    0x00, 0x00, 0x00, 0x00, 0x00, 0x00, 0x00, 0x00, 0x00, 0x00, 0x00, 0x00,
    0x00, 0x00, 0x00, 0x00, 0x00, 0x00, 0x00, 0x00, 0xc0, 0x58, 0x20, 0x18,
    0xc0, 0x58, 0x20, 0x71, 0xc0, 0x54, 0x18, 0xd7, 0xc0, 0x54, 0x18, 0xfb,
    0xc0, 0x58, 0x18, 0xff, 0xc0, 0x54, 0x18, 0xff, 0xc0, 0x54, 0x18, 0xff,
    0xc0, 0x58, 0x20, 0xff, 0xc0, 0x58, 0x18, 0xff, 0xc0, 0x54, 0x18, 0xff,
    0xc0, 0x58, 0x18, 0xff, 0xc0, 0x54, 0x18, 0xff, 0xc0, 0x54, 0x18, 0xe7,
    0xc0, 0x58, 0x18, 0x8e, 0xc0, 0x58, 0x20, 0x24, 0xc0, 0x58, 0x20, 0x04,
    0x00, 0x00, 0x00, 0x00, 0x00, 0x00, 0x00, 0x00, 0x00, 0x00, 0x00, 0x00,
    0x00, 0x00, 0x00, 0x00, 0x00, 0x00, 0x00, 0x00, 0x00, 0x00, 0x00, 0x00,
    0x00, 0x00, 0x00, 0x00, 0x00, 0x00, 0x00, 0x00, 0x00, 0x00, 0x00, 0x00,
    0x00, 0x00, 0x00, 0x00, 0x00, 0x00, 0x00, 0x00, 0x00, 0x00, 0x00, 0x00,
    0x00, 0x00, 0x00, 0x00, 0x00, 0x00, 0x00, 0x00, 0x00, 0x00, 0x00, 0x00,
    0x00, 0x00, 0x00, 0x00, 0x00, 0x00, 0x00, 0x00, 0x00, 0x00, 0x00, 0x00,
    0x00, 0x00, 0x00, 0x00, 0x00, 0x00, 0x00, 0x00, 0x00, 0x00, 0x00, 0x00,
    0x00, 0x00, 0x00, 0x00, 0x00, 0x00, 0x00, 0x00, 0x00, 0x00, 0x00, 0x00,
    0x00, 0x00, 0x00, 0x00, 0x00, 0x00, 0x00, 0x00, 0x00, 0x00, 0x00, 0x00,
    0x00, 0x00, 0x00, 0x00, 0x00, 0x00, 0x00, 0x00, 0x00, 0x00, 0x00, 0x00,
    0xf8, 0xe0, 0xd8, 0x04, 0xf8, 0xe0, 0xd8, 0x24, 0xf8, 0xe4, 0xd0, 0x8a,
    0xf8, 0xe0, 0xd8, 0xe7, 0xf8, 0xe0, 0xd0, 0xff, 0xf8, 0xe4, 0xd8, 0xff,
    0xf8, 0xe0, 0xd0, 0xff, 0xf8, 0xe0, 0xd0, 0xff, 0xf8, 0xe4, 0xd8, 0xff,
    0xf8, 0xe0, 0xd0, 0xff, 0xf8, 0xe0, 0xd8, 0xff, 0xf8, 0xe0, 0xd0, 0xff,
    0xf8, 0xe4, 0xd8, 0xff, 0xf8, 0xe4, 0xd8, 0xd7, 0xf8, 0xe0, 0xd0, 0x6d,
    0xf8, 0xe0, 0xd8, 0x14, 0x00, 0x00, 0x00, 0x00, 0x00, 0x00, 0x00, 0x00,
    0x00, 0x00, 0x00, 0x00, 0x00, 0x00, 0x00, 0x00, 0x00, 0x00, 0x00, 0x00,
    0x00, 0x00, 0x00, 0x00, 0x00, 0x00, 0x00, 0x00, 0x00, 0x00, 0x00, 0x00,
    0x00, 0x00, 0x00, 0x00, 0x00, 0x00, 0x00, 0x00, 0x00, 0x00, 0x00, 0x00,
    0xc0, 0x5c, 0x20, 0x00, 0xc0, 0x58, 0x20, 0x28, 0xc0, 0x58, 0x20, 0x92,
    0xc0, 0x54, 0x18, 0xeb, 0xc0, 0x58, 0x18, 0xff, 0xc0, 0x54, 0x18, 0xff,
    0xb8, 0x54, 0x18, 0xff, 0xc0, 0x58, 0x18, 0xff, 0xc0, 0x54, 0x18, 0xff,
    0xc0, 0x58, 0x18, 0xff, 0xc0, 0x58, 0x18, 0xff, 0xc0, 0x54, 0x18, 0xff,
    0xc0, 0x54, 0x18, 0xff, 0xc0, 0x58, 0x18, 0xbe, 0xc0, 0x58, 0x20, 0x18,
    0x00, 0x00, 0x00, 0x00, 0x00, 0x00, 0x00, 0x00, 0x00, 0x00, 0x00, 0x00,
    0x00, 0x00, 0x00, 0x00, 0x00, 0x00, 0x00, 0x00, 0x00, 0x00, 0x00, 0x00,
    0x00, 0x00, 0x00, 0x00, 0x00, 0x00, 0x00, 0x00, 0x00, 0x00, 0x00, 0x00,
    0x00, 0x00, 0x00, 0x00, 0x00, 0x00, 0x00, 0x00, 0x00, 0x00, 0x00, 0x00,
    0x00, 0x00, 0x00, 0x00, 0x00, 0x00, 0x00, 0x00, 0x00, 0x00, 0x00, 0x00,
    0x00, 0x00, 0x00, 0x00, 0x00, 0x00, 0x00, 0x00, 0x00, 0x00, 0x00, 0x00,
    0x00, 0x00, 0x00, 0x00, 0x00, 0x00, 0x00, 0x00, 0x00, 0x00, 0x00, 0x00,
    0x00, 0x00, 0x00, 0x00, 0x00, 0x00, 0x00, 0x00, 0x00, 0x00, 0x00, 0x00,
    0x00, 0x00, 0x00, 0x00, 0x00, 0x00, 0x00, 0x00, 0x00, 0x00, 0x00, 0x00,
    0x00, 0x00, 0x00, 0x00, 0x00, 0x00, 0x00, 0x00, 0x00, 0x00, 0x00, 0x00,
    0xf8, 0xe0, 0xd8, 0x18, 0xf8, 0xe4, 0xd0, 0xbe, 0xf8, 0xe0, 0xd0, 0xfb,
    0xf8, 0xe0, 0xd8, 0xff, 0xf8, 0xe0, 0xd8, 0xff, 0xf8, 0xe0, 0xd0, 0xff,
    0xf8, 0xe0, 0xd8, 0xff, 0xf8, 0xe0, 0xd8, 0xff, 0xf8, 0xe0, 0xd0, 0xff,
    0xf8, 0xe4, 0xd8, 0xff, 0xf8, 0xe0, 0xd0, 0xff, 0xf8, 0xe0, 0xd8, 0xe7,
    0xf8, 0xe0, 0xd0, 0x8e, 0xf8, 0xe0, 0xd0, 0x24, 0xf8, 0xe4, 0xd8, 0x00,
    0x00, 0x00, 0x00, 0x00, 0x00, 0x00, 0x00, 0x00, 0x00, 0x00, 0x00, 0x00,
    0x00, 0x00, 0x00, 0x00, 0x00, 0x00, 0x00, 0x00, 0x00, 0x00, 0x00, 0x00,
    0x00, 0x00, 0x00, 0x00, 0x00, 0x00, 0x00, 0x00, 0x00, 0x00, 0x00, 0x00,
    0x00, 0x00, 0x00, 0x00, 0x00, 0x00, 0x00, 0x00, 0x00, 0x00, 0x00, 0x00,
    0x00, 0x00, 0x00, 0x00, 0x00, 0x00, 0x00, 0x00, 0xc0, 0x58, 0x20, 0x08,
    0xc0, 0x58, 0x20, 0x3c, 0xc0, 0x58, 0x18, 0xae, 0xc0, 0x58, 0x18, 0xf3,
    0xc0, 0x54, 0x18, 0xff, 0xc0, 0x54, 0x18, 0xff, 0xb8, 0x58, 0x20, 0xff,
    0xc0, 0x54, 0x18, 0xff, 0xc0, 0x58, 0x18, 0xff, 0xc0, 0x58, 0x18, 0xff,
    0xc0, 0x54, 0x18, 0xff, 0xc0, 0x58, 0x20, 0x8a, 0xc0, 0x58, 0x20, 0x04,
    0x00, 0x00, 0x00, 0x00, 0x00, 0x00, 0x00, 0x00, 0x00, 0x00, 0x00, 0x00,
    0x00, 0x00, 0x00, 0x00, 0x00, 0x00, 0x00, 0x00, 0x00, 0x00, 0x00, 0x00,
    0x00, 0x00, 0x00, 0x00, 0x00, 0x00, 0x00, 0x00, 0x00, 0x00, 0x00, 0x00,
    0x00, 0x00, 0x00, 0x00, 0x00, 0x00, 0x00, 0x00, 0x00, 0x00, 0x00, 0x00,
    0x00, 0x00, 0x00, 0x00, 0x00, 0x00, 0x00, 0x00, 0x00, 0x00, 0x00, 0x00,
    0x00, 0x00, 0x00, 0x00, 0x00, 0x00, 0x00, 0x00, 0x00, 0x00, 0x00, 0x00,
    0x00, 0x00, 0x00, 0x00, 0x00, 0x00, 0x00, 0x00, 0x00, 0x00, 0x00, 0x00,
    0x00, 0x00, 0x00, 0x00, 0x00, 0x00, 0x00, 0x00, 0x00, 0x00, 0x00, 0x00,
    0x00, 0x00, 0x00, 0x00, 0x00, 0x00, 0x00, 0x00, 0x00, 0x00, 0x00, 0x00,
    0x00, 0x00, 0x00, 0x00, 0x00, 0x00, 0x00, 0x00, 0x00, 0x00, 0x00, 0x00,
    0xf8, 0xe0, 0xd8, 0x04, 0xf8, 0xe0, 0xd0, 0x86, 0xf8, 0xe0, 0xd8, 0xfb,
    0xf8, 0xe4, 0xd0, 0xff, 0xf8, 0xe0, 0xd0, 0xff, 0xf8, 0xe4, 0xd8, 0xff,
    0xf8, 0xe0, 0xd0, 0xff, 0xf8, 0xe0, 0xd0, 0xff, 0xf8, 0xe0, 0xd8, 0xff,
    0xf8, 0xe0, 0xd0, 0xf3, 0xf8, 0xe4, 0xd8, 0xaa, 0xf8, 0xe0, 0xd0, 0x3c,
    0xf8, 0xe0, 0xd8, 0x04, 0x00, 0x00, 0x00, 0x00, 0x00, 0x00, 0x00, 0x00,
    0x00, 0x00, 0x00, 0x00, 0x00, 0x00, 0x00, 0x00, 0x00, 0x00, 0x00, 0x00,
    0x00, 0x00, 0x00, 0x00, 0x00, 0x00, 0x00, 0x00, 0x00, 0x00, 0x00, 0x00,
    0x00, 0x00, 0x00, 0x00, 0x00, 0x00, 0x00, 0x00, 0x00, 0x00, 0x00, 0x00,
    0x00, 0x00, 0x00, 0x00, 0x00, 0x00, 0x00, 0x00, 0x00, 0x00, 0x00, 0x00,
    0x00, 0x00, 0x00, 0x00, 0x00, 0x00, 0x00, 0x00, 0x00, 0x00, 0x00, 0x00,
    0x00, 0x00, 0x00, 0x00, 0xc0, 0x58, 0x20, 0x10, 0xc0, 0x58, 0x20, 0x59,
    0xc0, 0x58, 0x18, 0xcb, 0xc0, 0x54, 0x18, 0xfb, 0xc0, 0x58, 0x18, 0xff,
    0xc0, 0x54, 0x18, 0xff, 0xc0, 0x54, 0x18, 0xff, 0xb8, 0x58, 0x18, 0xff,
    0xc0, 0x54, 0x20, 0xd3, 0xc0, 0x58, 0x20, 0x24, 0x00, 0x00, 0x00, 0x00,
    0x00, 0x00, 0x00, 0x00, 0x00, 0x00, 0x00, 0x00, 0x00, 0x00, 0x00, 0x00,
    0x00, 0x00, 0x00, 0x00, 0x00, 0x00, 0x00, 0x00, 0x00, 0x00, 0x00, 0x00,
    0x00, 0x00, 0x00, 0x00, 0x00, 0x00, 0x00, 0x00, 0x00, 0x00, 0x00, 0x00,
    0x00, 0x00, 0x00, 0x00, 0x00, 0x00, 0x00, 0x00, 0x00, 0x00, 0x00, 0x00,
    0x00, 0x00, 0x00, 0x00, 0x00, 0x00, 0x00, 0x00, 0x00, 0x00, 0x00, 0x00,
    0x00, 0x00, 0x00, 0x00, 0x00, 0x00, 0x00, 0x00, 0x00, 0x00, 0x00, 0x00,
    0x00, 0x00, 0x00, 0x00, 0x00, 0x00, 0x00, 0x00, 0x00, 0x00, 0x00, 0x00,
    0x00, 0x00, 0x00, 0x00, 0x00, 0x00, 0x00, 0x00, 0x00, 0x00, 0x00, 0x00,
    0x00, 0x00, 0x00, 0x00, 0x00, 0x00, 0x00, 0x00, 0x00, 0x00, 0x00, 0x00,
    0x00, 0x00, 0x00, 0x00, 0x00, 0x00, 0x00, 0x00, 0x00, 0x00, 0x00, 0x00,
    0x00, 0x00, 0x00, 0x00, 0xf8, 0xe0, 0xd8, 0x20, 0xf8, 0xe4, 0xd0, 0xd3,
    0xf8, 0xe0, 0xd8, 0xff, 0xf8, 0xe0, 0xd0, 0xff, 0xf8, 0xe0, 0xd8, 0xff,
    0xf8, 0xe4, 0xd8, 0xff, 0xf8, 0xe4, 0xd0, 0xfb, 0xf8, 0xe0, 0xd8, 0xc7,
    0xf8, 0xe0, 0xd0, 0x55, 0xf8, 0xe0, 0xd0, 0x0c, 0x00, 0x00, 0x00, 0x00,
    0x00, 0x00, 0x00, 0x00, 0x00, 0x00, 0x00, 0x00, 0x00, 0x00, 0x00, 0x00,
    0x00, 0x00, 0x00, 0x00, 0x00, 0x00, 0x00, 0x00, 0x00, 0x00, 0x00, 0x00,
    0x00, 0x00, 0x00, 0x00, 0x00, 0x00, 0x00, 0x00, 0x00, 0x00, 0x00, 0x00,
    0x00, 0x00, 0x00, 0x00, 0x00, 0x00, 0x00, 0x00, 0x00, 0x00, 0x00, 0x00,
    0x00, 0x00, 0x00, 0x00, 0x00, 0x00, 0x00, 0x00, 0x00, 0x00, 0x00, 0x00,
    0x00, 0x00, 0x00, 0x00, 0x00, 0x00, 0x00, 0x00, 0x00, 0x00, 0x00, 0x00,
    0x00, 0x00, 0x00, 0x00, 0x00, 0x00, 0x00, 0x00, 0xc0, 0x5c, 0x28, 0x00,
    0xc0, 0x58, 0x20, 0x1c, 0xc0, 0x58, 0x18, 0x79, 0xc0, 0x54, 0x20, 0xdf,
    0xc0, 0x58, 0x18, 0xff, 0xc0, 0x54, 0x18, 0xff, 0xc0, 0x58, 0x18, 0xf7,
    0xc0, 0x58, 0x18, 0x6d, 0xc0, 0x58, 0x20, 0x04, 0x00, 0x00, 0x00, 0x00,
    0x00, 0x00, 0x00, 0x00, 0x00, 0x00, 0x00, 0x00, 0x00, 0x00, 0x00, 0x00,
    0x00, 0x00, 0x00, 0x00, 0x00, 0x00, 0x00, 0x00, 0x00, 0x00, 0x00, 0x00,
    0x00, 0x00, 0x00, 0x00, 0x00, 0x00, 0x00, 0x00, 0x00, 0x00, 0x00, 0x00,
    0x00, 0x00, 0x00, 0x00, 0x00, 0x00, 0x00, 0x00, 0x00, 0x00, 0x00, 0x00,
    0x00, 0x00, 0x00, 0x00, 0x00, 0x00, 0x00, 0x00, 0x00, 0x00, 0x00, 0x00,
    0x00, 0x00, 0x00, 0x00, 0x00, 0x00, 0x00, 0x00, 0x00, 0x00, 0x00, 0x00,
    0x00, 0x00, 0x00, 0x00, 0x00, 0x00, 0x00, 0x00, 0x00, 0x00, 0x00, 0x00,
    0x00, 0x00, 0x00, 0x00, 0x00, 0x00, 0x00, 0x00, 0x00, 0x00, 0x00, 0x00,
    0x00, 0x00, 0x00, 0x00, 0x00, 0x00, 0x00, 0x00, 0x00, 0x00, 0x00, 0x00,
    0x00, 0x00, 0x00, 0x00, 0x00, 0x00, 0x00, 0x00, 0x00, 0x00, 0x00, 0x00,
    0x00, 0x00, 0x00, 0x00, 0xf8, 0xe0, 0xd0, 0x00, 0xf8, 0xe0, 0xd8, 0x69,
    0xf8, 0xe0, 0xd8, 0xf7, 0xf8, 0xe0, 0xd0, 0xff, 0xf8, 0xe0, 0xd0, 0xfb,
    0xf8, 0xe0, 0xd8, 0xdb, 0xf8, 0xe0, 0xd8, 0x75, 0xf8, 0xe4, 0xd0, 0x18,
    0xf8, 0xe0, 0xd8, 0x00, 0x00, 0x00, 0x00, 0x00, 0x00, 0x00, 0x00, 0x00,
    0x00, 0x00, 0x00, 0x00, 0x00, 0x00, 0x00, 0x00, 0x00, 0x00, 0x00, 0x00,
    0x00, 0x00, 0x00, 0x00, 0x00, 0x00, 0x00, 0x00, 0x00, 0x00, 0x00, 0x00,
    0x00, 0x00, 0x00, 0x00, 0x00, 0x00, 0x00, 0x00, 0x00, 0x00, 0x00, 0x00,
    0x00, 0x00, 0x00, 0x00, 0x00, 0x00, 0x00, 0x00, 0x00, 0x00, 0x00, 0x00,
    0x00, 0x00, 0x00, 0x00, 0x00, 0x00, 0x00, 0x00, 0x00, 0x00, 0x00, 0x00,
    0x00, 0x00, 0x00, 0x00, 0x00, 0x00, 0x00, 0x00, 0x00, 0x00, 0x00, 0x00,
    0x00, 0x00, 0x00, 0x00, 0x00, 0x00, 0x00, 0x00, 0x00, 0x00, 0x00, 0x00,
    0x00, 0x00, 0x00, 0x00, 0xc0, 0x58, 0x20, 0x04, 0xc0, 0x58, 0x20, 0x2c,
    0xc0, 0x58, 0x18, 0x9a, 0xc0, 0x54, 0x18, 0xeb, 0xc0, 0x58, 0x20, 0xbe,
    0xc0, 0x58, 0x20, 0x14, 0x00, 0x00, 0x00, 0x00, 0x00, 0x00, 0x00, 0x00,
    0x00, 0x00, 0x00, 0x00, 0x00, 0x00, 0x00, 0x00, 0x00, 0x00, 0x00, 0x00,
    0x00, 0x00, 0x00, 0x00, 0x00, 0x00, 0x00, 0x00, 0x00, 0x00, 0x00, 0x00,
    0x00, 0x00, 0x00, 0x00, 0x00, 0x00, 0x00, 0x00, 0x00, 0x00, 0x00, 0x00,
    0x00, 0x00, 0x00, 0x00, 0x00, 0x00, 0x00, 0x00, 0x00, 0x00, 0x00, 0x00,
    0x00, 0x00, 0x00, 0x00, 0x00, 0x00, 0x00, 0x00, 0x00, 0x00, 0x00, 0x00,
    0x00, 0x00, 0x00, 0x00, 0x00, 0x00, 0x00, 0x00, 0x00, 0x00, 0x00, 0x00,
    0x00, 0x00, 0x00, 0x00, 0x00, 0x00, 0x00, 0x00, 0x00, 0x00, 0x00, 0x00,
    0x00, 0x00, 0x00, 0x00, 0x00, 0x00, 0x00, 0x00, 0x00, 0x00, 0x00, 0x00,
    0x00, 0x00, 0x00, 0x00, 0x00, 0x00, 0x00, 0x00, 0x00, 0x00, 0x00, 0x00,
    0x00, 0x00, 0x00, 0x00, 0x00, 0x00, 0x00, 0x00, 0x00, 0x00, 0x00, 0x00,
    0x00, 0x00, 0x00, 0x00, 0x00, 0x00, 0x00, 0x00, 0xf8, 0xe4, 0xd0, 0x14,
    0xf8, 0xe0, 0xd8, 0xba, 0xf8, 0xe4, 0xd0, 0xeb, 0xf8, 0xe4, 0xd0, 0x96,
    0xf8, 0xe0, 0xd8, 0x2c, 0xf8, 0xe0, 0xd0, 0x04, 0x00, 0x00, 0x00, 0x00,
    0x00, 0x00, 0x00, 0x00, 0x00, 0x00, 0x00, 0x00, 0x00, 0x00, 0x00, 0x00,
    0x00, 0x00, 0x00, 0x00, 0x00, 0x00, 0x00, 0x00, 0x00, 0x00, 0x00, 0x00,
    0x00, 0x00, 0x00, 0x00, 0x00, 0x00, 0x00, 0x00, 0x00, 0x00, 0x00, 0x00,
    0x00, 0x00, 0x00, 0x00, 0x00, 0x00, 0x00, 0x00, 0x00, 0x00, 0x00, 0x00,
    0x00, 0x00, 0x00, 0x00, 0x00, 0x00, 0x00, 0x00, 0x00, 0x00, 0x00, 0x00,
    0x00, 0x00, 0x00, 0x00, 0x00, 0x00, 0x00, 0x00, 0x00, 0x00, 0x00, 0x00,
    0x00, 0x00, 0x00, 0x00, 0x00, 0x00, 0x00, 0x00, 0x00, 0x00, 0x00, 0x00,
    0x00, 0x00, 0x00, 0x00, 0x00, 0x00, 0x00, 0x00, 0x00, 0x00, 0x00, 0x00,
    0x00, 0x00, 0x00, 0x00, 0x00, 0x00, 0x00, 0x00, 0x00, 0x00, 0x00, 0x00,
    0xc0, 0x58, 0x20, 0x08, 0xc0, 0x58, 0x20, 0x41, 0xc0, 0x58, 0x20, 0x38,
    0x00, 0x00, 0x00, 0x00, 0x00, 0x00, 0x00, 0x00, 0x00, 0x00, 0x00, 0x00,
    0x00, 0x00, 0x00, 0x00, 0x00, 0x00, 0x00, 0x00, 0x00, 0x00, 0x00, 0x00,
    0x00, 0x00, 0x00, 0x00, 0x00, 0x00, 0x00, 0x00, 0x00, 0x00, 0x00, 0x00,
    0x00, 0x00, 0x00, 0x00, 0x00, 0x00, 0x00, 0x00, 0x00, 0x00, 0x00, 0x00,
    0x00, 0x00, 0x00, 0x00, 0x00, 0x00, 0x00, 0x00, 0x00, 0x00, 0x00, 0x00,
    0x00, 0x00, 0x00, 0x00, 0x00, 0x00, 0x00, 0x00, 0x00, 0x00, 0x00, 0x00,
    0x00, 0x00, 0x00, 0x00, 0x00, 0x00, 0x00, 0x00, 0x00, 0x00, 0x00, 0x00,
    0x00, 0x00, 0x00, 0x00, 0x00, 0x00, 0x00, 0x00, 0x00, 0x00, 0x00, 0x00,
    0x00, 0x00, 0x00, 0x00, 0x00, 0x00, 0x00, 0x00, 0x00, 0x00, 0x00, 0x00,
    0x00, 0x00, 0x00, 0x00, 0x00, 0x00, 0x00, 0x00, 0x00, 0x00, 0x00, 0x00,
    0x00, 0x00, 0x00, 0x00, 0x00, 0x00, 0x00, 0x00, 0x00, 0x00, 0x00, 0x00,
    0x00, 0x00, 0x00, 0x00, 0x00, 0x00, 0x00, 0x00, 0x00, 0x00, 0x00, 0x00,
    0xf8, 0xe0, 0xd8, 0x34, 0xf8, 0xe0, 0xd8, 0x41, 0xf8, 0xe0, 0xd0, 0x08,
    0x00, 0x00, 0x00, 0x00, 0x00, 0x00, 0x00, 0x00, 0x00, 0x00, 0x00, 0x00,
    0x00, 0x00, 0x00, 0x00, 0x00, 0x00, 0x00, 0x00, 0x00, 0x00, 0x00, 0x00,
    0x00, 0x00, 0x00, 0x00, 0x00, 0x00, 0x00, 0x00, 0x00, 0x00, 0x00, 0x00,
    0x00, 0x00, 0x00, 0x00, 0x00, 0x00, 0x00, 0x00, 0x00, 0x00, 0x00, 0x00,
    0x00, 0x00, 0x00, 0x00, 0x00, 0x00, 0x00, 0x00, 0x00, 0x00, 0x00, 0x00,
    0x00, 0x00, 0x00, 0x00, 0x00, 0x00, 0x00, 0x00, 0x00, 0x00, 0x00, 0x00,
    0x00, 0x00, 0x00, 0x00, 0x00, 0x00, 0x00, 0x00, 0x00, 0x00, 0x00, 0x00,
    0x00, 0x00, 0x00, 0x00, 0x00, 0x00, 0x00, 0x00, 0x00, 0x00, 0x00, 0x00,
    0x00, 0x00, 0x00, 0x00, 0x00, 0x00, 0x00, 0x00, 0x00, 0x00, 0x00, 0x00,
    0x00, 0x00, 0x00, 0x00, 0x00, 0x00, 0x00, 0x00, 0x00, 0x00, 0x00, 0x00,
    0x00, 0x00, 0x00, 0x00, 0x00, 0x00, 0x00, 0x00, 0x00, 0x00, 0x00, 0x00,
    0x00, 0x00, 0x00, 0x00, 0x00, 0x00, 0x00, 0x00, 0x00, 0x00, 0x00, 0x00,
    0x00, 0x00, 0x00, 0x00, 0x00, 0x00, 0x00, 0x00, 0x00, 0x00, 0x00, 0x00,
    0x00, 0x00, 0x00, 0x00, 0x00, 0x00, 0x00, 0x00, 0x00, 0x00, 0x00, 0x00,
    0x00, 0x00, 0x00, 0x00, 0x00, 0x00, 0x00, 0x00, 0x00, 0x00, 0x00, 0x00,
    0x00, 0x00, 0x00, 0x00, 0x00, 0x00, 0x00, 0x00, 0x00, 0x00, 0x00, 0x00,
    0x00, 0x00, 0x00, 0x00, 0x00, 0x00, 0x00, 0x00, 0x00, 0x00, 0x00, 0x00,
    0x00, 0x00, 0x00, 0x00, 0x00, 0x00, 0x00, 0x00, 0x00, 0x00, 0x00, 0x00,
    0x00, 0x00, 0x00, 0x00, 0x00, 0x00, 0x00, 0x00, 0x00, 0x00, 0x00, 0x00,
    0x00, 0x00, 0x00, 0x00, 0x00, 0x00, 0x00, 0x00, 0x00, 0x00, 0x00, 0x00,
    0x00, 0x00, 0x00, 0x00, 0x00, 0x00, 0x00, 0x00, 0x00, 0x00, 0x00, 0x00,
    0x00, 0x00, 0x00, 0x00, 0x00, 0x00, 0x00, 0x00, 0x00, 0x00, 0x00, 0x00,
    0x00, 0x00, 0x00, 0x00, 0x00, 0x00, 0x00, 0x00, 0x00, 0x00, 0x00, 0x00,
    0x00, 0x00, 0x00, 0x00, 0x00, 0x00, 0x00, 0x00, 0x00, 0x00, 0x00, 0x00,
    0x00, 0x00, 0x00, 0x00, 0x00, 0x00, 0x00, 0x00, 0x00, 0x00, 0x00, 0x00,
    0x00, 0x00, 0x00, 0x00, 0x00, 0x00, 0x00, 0x00, 0x00, 0x00, 0x00, 0x00,
    0x00, 0x00, 0x00, 0x00, 0x00, 0x00, 0x00, 0x00, 0x00, 0x00, 0x00, 0x00,
    0x00, 0x00, 0x00, 0x00, 0x00, 0x00, 0x00, 0x00, 0x00, 0x00, 0x00, 0x00,
    0x00, 0x00, 0x00, 0x00, 0x00, 0x00, 0x00, 0x00, 0x00, 0x00, 0x00, 0x00,
    0x00, 0x00, 0x00, 0x00, 0x00, 0x00, 0x00, 0x00, 0x00, 0x00, 0x00, 0x00,
    0x00, 0x00, 0x00, 0x00, 0x00, 0x00, 0x00, 0x00, 0x00, 0x00, 0x00, 0x00,
    0x00, 0x00, 0x00, 0x00, 0x00, 0x00, 0x00, 0x00, 0x00, 0x00, 0x00, 0x00,
    0x00, 0x00, 0x00, 0x00, 0x00, 0x00, 0x00, 0x00, 0x00, 0x00, 0x00, 0x00,
    0x00, 0x00, 0x00, 0x00, 0x00, 0x00, 0x00, 0x00, 0x00, 0x00, 0x00, 0x00,
    0x00, 0x00, 0x00, 0x00, 0x00, 0x00, 0x00, 0x00, 0x00, 0x00, 0x00, 0x00,
    0x00, 0x00, 0x00, 0x00, 0x00, 0x00, 0x00, 0x00, 0x00, 0x00, 0x00, 0x00,
    0x00, 0x00, 0x00, 0x00, 0x00, 0x00, 0x00, 0x00, 0x00, 0x00, 0x00, 0x00,
    0x00, 0x00, 0x00, 0x00, 0x00, 0x00, 0x00, 0x00, 0x00, 0x00, 0x00, 0x00,
    0x00, 0x00, 0x00, 0x00, 0x00, 0x00, 0x00, 0x00, 0x00, 0x00, 0x00, 0x00,
    0x00, 0x00, 0x00, 0x00, 0x00, 0x00, 0x00, 0x00, 0x00, 0x00, 0x00, 0x00,
    0x00, 0x00, 0x00, 0x00, 0x00, 0x00, 0x00, 0x00, 0x00, 0x00, 0x00, 0x00,
    0x00, 0x00, 0x00, 0x00, 0x00, 0x00, 0x00, 0x00, 0x00, 0x00, 0x00, 0x00,
    0x00, 0x00, 0x00, 0x00, 0x00, 0x00, 0x00, 0x00, 0x00, 0x00, 0x00, 0x00,
    0x00, 0x00, 0x00, 0x00, 0x00, 0x00, 0x00, 0x00, 0x00, 0x00, 0x00, 0x00,
    0x00, 0x00, 0x00, 0x00, 0x00, 0x00, 0x00, 0x00, 0x00, 0x00, 0x00, 0x00,
    0x00, 0x00, 0x00, 0x00, 0x00, 0x00, 0x00, 0x00, 0x00, 0x00, 0x00, 0x00,
    0x00, 0x00, 0x00, 0x00, 0x00, 0x00, 0x00, 0x00, 0x00, 0x00, 0x00, 0x00,
    0x00, 0x00, 0x00, 0x00, 0x00, 0x00, 0x00, 0x00, 0x00, 0x00, 0x00, 0x00,
    0x00, 0x00, 0x00, 0x00, 0x00, 0x00, 0x00, 0x00, 0x00, 0x00, 0x00, 0x00,
    0x00, 0x00, 0x00, 0x00, 0x00, 0x00, 0x00, 0x00, 0x00, 0x00, 0x00, 0x00,
    0x00, 0x00, 0x00, 0x00, 0x00, 0x00, 0x00, 0x00, 0x00, 0x00, 0x00, 0x00,
    0x00, 0x00, 0x00, 0x00, 0x00, 0x00, 0x00, 0x00, 0x00, 0x00, 0x00, 0x00,
    0x00, 0x00, 0x00, 0x00, 0x00, 0x00, 0x00, 0x00, 0x00, 0x00, 0x00, 0x00,
    0x00, 0x00, 0x00, 0x00, 0x00, 0x00, 0x00, 0x00, 0x00, 0x00, 0x00, 0x00,
    0x00, 0x00, 0x00, 0x00, 0x00, 0x00, 0x00, 0x00, 0x00, 0x00, 0x00, 0x00,
    0x00, 0x00, 0x00, 0x00, 0x00, 0x00, 0x00, 0x00, 0x00, 0x00, 0x00, 0x00,
    0x00, 0x00, 0x00, 0x00, 0x00, 0x00, 0x00, 0x00, 0x00, 0x00, 0x00, 0x00,
    0x00, 0x00, 0x00, 0x00, 0x00, 0x00, 0x00, 0x00, 0x00, 0x00, 0x00, 0x00,
    0x00, 0x00, 0x00, 0x00, 0x00, 0x00, 0x00, 0x00, 0x00, 0x00, 0x00, 0x00,
    0x00, 0x00, 0x00, 0x00, 0x00, 0x00, 0x00, 0x00, 0x00, 0x00, 0x00, 0x00,
    0x00, 0x00, 0x00, 0x00, 0x00, 0x00, 0x00, 0x00, 0x00, 0x00, 0x00, 0x00,
    0x00, 0x00, 0x00, 0x00, 0x00, 0x00, 0x00, 0x00, 0x00, 0x00, 0x00, 0x00,
    0x00, 0x00, 0x00, 0x00, 0x00, 0x00, 0x00, 0x00, 0x00, 0x00, 0x00, 0x00,
    0x00, 0x00, 0x00, 0x00, 0x00, 0x00, 0x00, 0x00, 0x00, 0x00, 0x00, 0x00,
    0x00, 0x00, 0x00, 0x00, 0x00, 0x00, 0x00, 0x00, 0x00, 0x00, 0x00, 0x00,
    0x00, 0x00, 0x00, 0x00, 0x00, 0x00, 0x00, 0x00, 0x00, 0x00, 0x00, 0x00,
    0x00, 0x00, 0x00, 0x00, 0x00, 0x00, 0x00, 0x00, 0x00, 0x00, 0x00, 0x00,
    0x00, 0x00, 0x00, 0x00, 0x00, 0x00, 0x00, 0x00, 0x00, 0x00, 0x00, 0x00,
    0x00, 0x00, 0x00, 0x00, 0x00, 0x00, 0x00, 0x00, 0x00, 0x00, 0x00, 0x00,
    0x00, 0x00, 0x00, 0x00, 0x00, 0x00, 0x00, 0x00, 0x00, 0x00, 0x00, 0x00,
    0x00, 0x00, 0x00, 0x00, 0x00, 0x00, 0x00, 0x00, 0x00, 0x00, 0x00, 0x00,
    0x00, 0x00, 0x00, 0x00, 0x00, 0x00, 0x00, 0x00, 0x00, 0x00, 0x00, 0x00,
    0x00, 0x00, 0x00, 0x00, 0x00, 0x00, 0x00, 0x00, 0x00, 0x00, 0x00, 0x00,
    0x00, 0x00, 0x00, 0x00, 0x00, 0x00, 0x00, 0x00, 0x00, 0x00, 0x00, 0x00,
    0x00, 0x00, 0x00, 0x00, 0x00, 0x00, 0x00, 0x00, 0x00, 0x00, 0x00, 0x00,
    0x00, 0x00, 0x00, 0x00, 0x00, 0x00, 0x00, 0x00, 0x00, 0x00, 0x00, 0x00,
    0x00, 0x00, 0x00, 0x00, 0x00, 0x00, 0x00, 0x00, 0x00, 0x00, 0x00, 0x00,
    0xe0, 0x68, 0x28, 0x1c, 0xe0, 0x64, 0x20, 0x20, 0xe0, 0x64, 0x20, 0x20,
    0xe0, 0x64, 0x18, 0x20, 0xe0, 0x64, 0x20, 0x20, 0xe0, 0x64, 0x20, 0x20,
    0xe0, 0x64, 0x18, 0x20, 0xe0, 0x64, 0x20, 0x20, 0xe0, 0x64, 0x20, 0x20,
    0xe0, 0x64, 0x18, 0x20, 0xe0, 0x64, 0x20, 0x20, 0xe0, 0x64, 0x20, 0x20,
    0xe0, 0x64, 0x20, 0x20, 0xe0, 0x64, 0x20, 0x20, 0xe0, 0x64, 0x20, 0x20,
    0xe0, 0x68, 0x28, 0x1c, 0xe0, 0x68, 0x28, 0x04, 0x00, 0x00, 0x00, 0x00,
    0x00, 0x00, 0x00, 0x00, 0x00, 0x00, 0x00, 0x00, 0x00, 0x00, 0x00, 0x00,
    0x00, 0x00, 0x00, 0x00, 0x00, 0x00, 0x00, 0x00, 0x00, 0x00, 0x00, 0x00,
    0x00, 0x00, 0x00, 0x00, 0x00, 0x00, 0x00, 0x00, 0x00, 0x00, 0x00, 0x00,
    0x00, 0x00, 0x00, 0x00, 0x00, 0x00, 0x00, 0x00, 0x00, 0x00, 0x00, 0x00,
    0x00, 0x00, 0x00, 0x00, 0x00, 0x00, 0x00, 0x00, 0x00, 0x00, 0x00, 0x00,
    0x00, 0x00, 0x00, 0x00, 0x00, 0x00, 0x00, 0x00, 0x00, 0x00, 0x00, 0x00,
    0x00, 0x00, 0x00, 0x00, 0x00, 0x00, 0x00, 0x00, 0x00, 0x00, 0x00, 0x00,
    0x00, 0x00, 0x00, 0x00, 0x00, 0x00, 0x00, 0x00, 0x00, 0x00, 0x00, 0x00,
    0x00, 0x00, 0x00, 0x00, 0x00, 0x00, 0x00, 0x00, 0x00, 0x00, 0x00, 0x00,
    0x00, 0x00, 0x00, 0x00, 0x00, 0x00, 0x00, 0x00, 0x00, 0x00, 0x00, 0x00,
    0x00, 0x00, 0x00, 0x00, 0x00, 0x00, 0x00, 0x00, 0x00, 0x00, 0x00, 0x00,
    0x00, 0x00, 0x00, 0x00, 0x00, 0x00, 0x00, 0x00, 0x00, 0x00, 0x00, 0x00,
    0x00, 0x00, 0x00, 0x00, 0xf8, 0xd0, 0xb8, 0x04, 0xf8, 0xd4, 0xc0, 0x1c,
    0xf8, 0xd0, 0xc0, 0x20, 0xf8, 0xd0, 0xb8, 0x20, 0xf8, 0xd4, 0xc0, 0x20,
    0xf8, 0xd0, 0xc0, 0x20, 0xf8, 0xd0, 0xb8, 0x20, 0xf8, 0xd4, 0xc0, 0x20,
    0xf8, 0xd0, 0xc0, 0x20, 0xf8, 0xd0, 0xb8, 0x20, 0xf8, 0xd4, 0xc0, 0x20,
    0xf8, 0xd0, 0xb8, 0x20, 0xf8, 0xd0, 0xc0, 0x20, 0xf8, 0xd0, 0xb8, 0x20,
    0xf8, 0xd0, 0xb8, 0x20, 0xf8, 0xd0, 0xc0, 0x20, 0xf8, 0xd0, 0xb8, 0x1c,
    0xe0, 0x68, 0x28, 0xc7, 0xe0, 0x64, 0x20, 0xdb, 0xe0, 0x64, 0x18, 0xdf,
    0xe0, 0x64, 0x20, 0xdf, 0xe0, 0x64, 0x20, 0xdb, 0xe0, 0x64, 0x18, 0xdf,
    0xe0, 0x64, 0x20, 0xdf, 0xe0, 0x64, 0x20, 0xdb, 0xe0, 0x64, 0x18, 0xdf,
    0xe0, 0x64, 0x20, 0xdf, 0xe0, 0x64, 0x18, 0xdb, 0xe0, 0x64, 0x20, 0xdf,
    0xe0, 0x64, 0x20, 0xdf, 0xe0, 0x64, 0x20, 0xdf, 0xe0, 0x64, 0x20, 0xdf,
    0xe0, 0x64, 0x20, 0xc7, 0xe0, 0x64, 0x20, 0x1c, 0x00, 0x00, 0x00, 0x00,
    0x00, 0x00, 0x00, 0x00, 0x00, 0x00, 0x00, 0x00, 0x00, 0x00, 0x00, 0x00,
    0x00, 0x00, 0x00, 0x00, 0x00, 0x00, 0x00, 0x00, 0x00, 0x00, 0x00, 0x00,
    0x00, 0x00, 0x00, 0x00, 0x00, 0x00, 0x00, 0x00, 0x00, 0x00, 0x00, 0x00,
    0x00, 0x00, 0x00, 0x00, 0x00, 0x00, 0x00, 0x00, 0x00, 0x00, 0x00, 0x00,
    0x00, 0x00, 0x00, 0x00, 0x00, 0x00, 0x00, 0x00, 0x00, 0x00, 0x00, 0x00,
    0x00, 0x00, 0x00, 0x00, 0x00, 0x00, 0x00, 0x00, 0x00, 0x00, 0x00, 0x00,
    0x00, 0x00, 0x00, 0x00, 0x00, 0x00, 0x00, 0x00, 0x00, 0x00, 0x00, 0x00,
    0x00, 0x00, 0x00, 0x00, 0x00, 0x00, 0x00, 0x00, 0x00, 0x00, 0x00, 0x00,
    0x00, 0x00, 0x00, 0x00, 0x00, 0x00, 0x00, 0x00, 0x00, 0x00, 0x00, 0x00,
    0x00, 0x00, 0x00, 0x00, 0x00, 0x00, 0x00, 0x00, 0x00, 0x00, 0x00, 0x00,
    0x00, 0x00, 0x00, 0x00, 0x00, 0x00, 0x00, 0x00, 0x00, 0x00, 0x00, 0x00,
    0x00, 0x00, 0x00, 0x00, 0x00, 0x00, 0x00, 0x00, 0x00, 0x00, 0x00, 0x00,
    0x00, 0x00, 0x00, 0x00, 0xf8, 0xd0, 0xc0, 0x1c, 0xf8, 0xd0, 0xb8, 0xc3,
    0xf8, 0xd0, 0xb8, 0xdf, 0xf0, 0xd0, 0xc0, 0xdf, 0xf8, 0xd0, 0xb8, 0xdf,
    0xf8, 0xd0, 0xb8, 0xdf, 0xf0, 0xd0, 0xc0, 0xdf, 0xf8, 0xd4, 0xb8, 0xdf,
    0xf8, 0xd0, 0xb8, 0xdf, 0xf0, 0xd0, 0xc0, 0xdf, 0xf8, 0xd0, 0xb8, 0xdf,
    0xf8, 0xd4, 0xc0, 0xdf, 0xf0, 0xd0, 0xc0, 0xdf, 0xf8, 0xd4, 0xb8, 0xdf,
    0xf8, 0xd0, 0xc0, 0xdf, 0xf0, 0xd0, 0xc0, 0xdf, 0xf8, 0xd0, 0xb8, 0xc3,
    0xe0, 0x68, 0x28, 0xe3, 0xe0, 0x64, 0x20, 0xff, 0xe0, 0x64, 0x18, 0xff,
    0xe0, 0x64, 0x20, 0xff, 0xe0, 0x64, 0x18, 0xff, 0xe0, 0x64, 0x18, 0xff,
    0xe0, 0x64, 0x20, 0xff, 0xe0, 0x64, 0x18, 0xff, 0xe0, 0x64, 0x20, 0xff,
    0xe0, 0x64, 0x20, 0xff, 0xe0, 0x64, 0x18, 0xff, 0xe0, 0x64, 0x18, 0xff,
    0xe0, 0x64, 0x20, 0xff, 0xe0, 0x64, 0x18, 0xff, 0xe0, 0x64, 0x20, 0xff,
    0xe0, 0x64, 0x20, 0xdf, 0xe0, 0x68, 0x20, 0x20, 0x00, 0x00, 0x00, 0x00,
    0x00, 0x00, 0x00, 0x00, 0x00, 0x00, 0x00, 0x00, 0x00, 0x00, 0x00, 0x00,
    0x00, 0x00, 0x00, 0x00, 0x00, 0x00, 0x00, 0x00, 0x00, 0x00, 0x00, 0x00,
    0x00, 0x00, 0x00, 0x00, 0x00, 0x00, 0x00, 0x00, 0x00, 0x00, 0x00, 0x00,
    0x00, 0x00, 0x00, 0x00, 0x00, 0x00, 0x00, 0x00, 0x00, 0x00, 0x00, 0x00,
    0x00, 0x00, 0x00, 0x00, 0x00, 0x00, 0x00, 0x00, 0x00, 0x00, 0x00, 0x00,
    0x00, 0x00, 0x00, 0x00, 0x00, 0x00, 0x00, 0x00, 0x00, 0x00, 0x00, 0x00,
    0x00, 0x00, 0x00, 0x00, 0x00, 0x00, 0x00, 0x00, 0x00, 0x00, 0x00, 0x00,
    0x00, 0x00, 0x00, 0x00, 0x00, 0x00, 0x00, 0x00, 0x00, 0x00, 0x00, 0x00,
    0x00, 0x00, 0x00, 0x00, 0x00, 0x00, 0x00, 0x00, 0x00, 0x00, 0x00, 0x00,
    0x00, 0x00, 0x00, 0x00, 0x00, 0x00, 0x00, 0x00, 0x00, 0x00, 0x00, 0x00,
    0x00, 0x00, 0x00, 0x00, 0x00, 0x00, 0x00, 0x00, 0x00, 0x00, 0x00, 0x00,
    0x00, 0x00, 0x00, 0x00, 0x00, 0x00, 0x00, 0x00, 0x00, 0x00, 0x00, 0x00,
    0x00, 0x00, 0x00, 0x00, 0xf8, 0xd4, 0xc0, 0x20, 0xf8, 0xd0, 0xb8, 0xdf,
    0xf0, 0xd4, 0xc0, 0xff, 0xf8, 0xd0, 0xc0, 0xff, 0xf8, 0xd4, 0xb8, 0xff,
    0xf8, 0xd0, 0xc0, 0xff, 0xf0, 0xd0, 0xc0, 0xff, 0xf8, 0xd0, 0xb8, 0xff,
    0xf8, 0xd0, 0xb8, 0xff, 0xf0, 0xd0, 0xc0, 0xff, 0xf8, 0xd0, 0xb8, 0xff,
    0xf8, 0xd0, 0xb8, 0xff, 0xf0, 0xd0, 0xc0, 0xff, 0xf8, 0xd4, 0xb8, 0xff,
    0xf8, 0xd0, 0xc0, 0xff, 0xf0, 0xd4, 0xb8, 0xff, 0xf8, 0xd0, 0xc0, 0xdf,
    0xe0, 0x68, 0x28, 0xe3, 0xe0, 0x64, 0x20, 0xff, 0xe0, 0x64, 0x20, 0xff,
    0xe0, 0x64, 0x18, 0xff, 0xe0, 0x64, 0x20, 0xff, 0xe0, 0x64, 0x20, 0xff,
    0xe0, 0x64, 0x20, 0xff, 0xe0, 0x64, 0x18, 0xff, 0xe0, 0x64, 0x20, 0xff,
    0xe0, 0x64, 0x20, 0xff, 0xe0, 0x64, 0x20, 0xff, 0xe0, 0x64, 0x18, 0xff,
    0xe0, 0x64, 0x20, 0xff, 0xe0, 0x64, 0x18, 0xff, 0xe0, 0x64, 0x20, 0xff,
    0xe0, 0x64, 0x20, 0xdf, 0xe0, 0x68, 0x20, 0x20, 0x00, 0x00, 0x00, 0x00,
    0x00, 0x00, 0x00, 0x00, 0x00, 0x00, 0x00, 0x00, 0x00, 0x00, 0x00, 0x00,
    0x00, 0x00, 0x00, 0x00, 0x00, 0x00, 0x00, 0x00, 0x00, 0x00, 0x00, 0x00,
    0x00, 0x00, 0x00, 0x00, 0x00, 0x00, 0x00, 0x00, 0x00, 0x00, 0x00, 0x00,
    0x00, 0x00, 0x00, 0x00, 0x00, 0x00, 0x00, 0x00, 0x00, 0x00, 0x00, 0x00,
    0x00, 0x00, 0x00, 0x00, 0x00, 0x00, 0x00, 0x00, 0x00, 0x00, 0x00, 0x00,
    0x00, 0x00, 0x00, 0x00, 0x00, 0x00, 0x00, 0x00, 0x00, 0x00, 0x00, 0x00,
    0x00, 0x00, 0x00, 0x00, 0x00, 0x00, 0x00, 0x00, 0x00, 0x00, 0x00, 0x00,
    0x00, 0x00, 0x00, 0x00, 0x00, 0x00, 0x00, 0x00, 0x00, 0x00, 0x00, 0x00,
    0x00, 0x00, 0x00, 0x00, 0x00, 0x00, 0x00, 0x00, 0x00, 0x00, 0x00, 0x00,
    0x00, 0x00, 0x00, 0x00, 0x00, 0x00, 0x00, 0x00, 0x00, 0x00, 0x00, 0x00,
    0x00, 0x00, 0x00, 0x00, 0x00, 0x00, 0x00, 0x00, 0x00, 0x00, 0x00, 0x00,
    0x00, 0x00, 0x00, 0x00, 0x00, 0x00, 0x00, 0x00, 0x00, 0x00, 0x00, 0x00,
    0x00, 0x00, 0x00, 0x00, 0xf8, 0xd0, 0xb8, 0x20, 0xf8, 0xd0, 0xc0, 0xdb,
    0xf8, 0xd0, 0xb8, 0xff, 0xf0, 0xd4, 0xb8, 0xff, 0xf8, 0xd0, 0xc0, 0xff,
    0xf8, 0xd0, 0xb8, 0xff, 0xf8, 0xd4, 0xb8, 0xff, 0xf8, 0xd0, 0xc0, 0xff,
    0xf8, 0xd4, 0xc0, 0xff, 0xf8, 0xd4, 0xb8, 0xff, 0xf8, 0xd0, 0xc0, 0xff,
    0xf8, 0xd0, 0xb8, 0xff, 0xf8, 0xd0, 0xc0, 0xff, 0xf8, 0xd0, 0xb8, 0xff,
    0xf8, 0xd0, 0xb8, 0xff, 0xf8, 0xd0, 0xc0, 0xff, 0xf8, 0xd0, 0xb8, 0xdf,
    0xe0, 0x68, 0x28, 0xe3, 0xe0, 0x64, 0x20, 0xff, 0xe0, 0x64, 0x18, 0xff,
    0xe0, 0x64, 0x20, 0xff, 0xe0, 0x64, 0x20, 0xff, 0xe0, 0x64, 0x20, 0xff,
    0xe0, 0x64, 0x18, 0xff, 0xe0, 0x64, 0x20, 0xff, 0xe0, 0x64, 0x18, 0xff,
    0xe0, 0x64, 0x20, 0xff, 0xe0, 0x64, 0x20, 0xff, 0xe0, 0x64, 0x20, 0xff,
    0xe0, 0x64, 0x18, 0xff, 0xe0, 0x64, 0x20, 0xff, 0xe0, 0x64, 0x20, 0xff,
    0xe0, 0x64, 0x20, 0xdf, 0xe0, 0x64, 0x20, 0x20, 0x00, 0x00, 0x00, 0x00,
    0x00, 0x00, 0x00, 0x00, 0x00, 0x00, 0x00, 0x00, 0x00, 0x00, 0x00, 0x00,
    0x00, 0x00, 0x00, 0x00, 0x00, 0x00, 0x00, 0x00, 0x00, 0x00, 0x00, 0x00,
    0x00, 0x00, 0x00, 0x00, 0x00, 0x00, 0x00, 0x00, 0x00, 0x00, 0x00, 0x00,
    0x00, 0x00, 0x00, 0x00, 0x00, 0x00, 0x00, 0x00, 0x00, 0x00, 0x00, 0x00,
    0x00, 0x00, 0x00, 0x00, 0x00, 0x00, 0x00, 0x00, 0x00, 0x00, 0x00, 0x00,
    0x00, 0x00, 0x00, 0x00, 0x00, 0x00, 0x00, 0x00, 0x00, 0x00, 0x00, 0x00,
    0x00, 0x00, 0x00, 0x00, 0x00, 0x00, 0x00, 0x00, 0x00, 0x00, 0x00, 0x00,
    0x00, 0x00, 0x00, 0x00, 0x00, 0x00, 0x00, 0x00, 0x00, 0x00, 0x00, 0x00,
    0x00, 0x00, 0x00, 0x00, 0x00, 0x00, 0x00, 0x00, 0x00, 0x00, 0x00, 0x00,
    0x00, 0x00, 0x00, 0x00, 0x00, 0x00, 0x00, 0x00, 0x00, 0x00, 0x00, 0x00,
    0x00, 0x00, 0x00, 0x00, 0x00, 0x00, 0x00, 0x00, 0x00, 0x00, 0x00, 0x00,
    0x00, 0x00, 0x00, 0x00, 0x00, 0x00, 0x00, 0x00, 0x00, 0x00, 0x00, 0x00,
    0x00, 0x00, 0x00, 0x00, 0xf8, 0xd0, 0xb8, 0x20, 0xf0, 0xd0, 0xc0, 0xdf,
    0xf8, 0xd0, 0xb8, 0xff, 0xf8, 0xd0, 0xb8, 0xff, 0xf0, 0xd0, 0xc0, 0xff,
    0xf8, 0xd0, 0xb8, 0xff, 0xf8, 0xd0, 0xb8, 0xff, 0xf0, 0xd0, 0xb8, 0xff,
    0xf8, 0xd0, 0xc0, 0xff, 0xf0, 0xd0, 0xb8, 0xff, 0xf8, 0xd4, 0xb8, 0xff,
    0xf0, 0xd0, 0xc0, 0xff, 0xf8, 0xd4, 0xb8, 0xff, 0xf0, 0xd0, 0xb8, 0xff,
    0xf8, 0xd0, 0xc0, 0xff, 0xf8, 0xd4, 0xb8, 0xff, 0xf0, 0xd0, 0xb8, 0xdf,
    0xe0, 0x68, 0x28, 0xe3, 0xe0, 0x64, 0x20, 0xff, 0xe0, 0x64, 0x18, 0xff,
    0xe0, 0x64, 0x20, 0xff, 0xe0, 0x64, 0x18, 0xff, 0xe0, 0x64, 0x18, 0xff,
    0xe0, 0x64, 0x20, 0xff, 0xe0, 0x64, 0x20, 0xff, 0xe0, 0x64, 0x18, 0xff,
    0xe0, 0x64, 0x18, 0xff, 0xe0, 0x64, 0x20, 0xff, 0xe0, 0x64, 0x18, 0xff,
    0xe0, 0x64, 0x20, 0xff, 0xe0, 0x64, 0x18, 0xff, 0xe0, 0x64, 0x18, 0xff,
    0xe0, 0x64, 0x20, 0xdf, 0xe0, 0x64, 0x20, 0x20, 0x00, 0x00, 0x00, 0x00,
    0x00, 0x00, 0x00, 0x00, 0x00, 0x00, 0x00, 0x00, 0x00, 0x00, 0x00, 0x00,
    0x00, 0x00, 0x00, 0x00, 0x00, 0x00, 0x00, 0x00, 0x00, 0x00, 0x00, 0x00,
    0x00, 0x00, 0x00, 0x00, 0x00, 0x00, 0x00, 0x00, 0x00, 0x00, 0x00, 0x00,
    0x00, 0x00, 0x00, 0x00, 0x00, 0x00, 0x00, 0x00, 0x00, 0x00, 0x00, 0x00,
    0x00, 0x00, 0x00, 0x00, 0x00, 0x00, 0x00, 0x00, 0x00, 0x00, 0x00, 0x00,
    0x00, 0x00, 0x00, 0x00, 0x00, 0x00, 0x00, 0x00, 0x00, 0x00, 0x00, 0x00,
    0x00, 0x00, 0x00, 0x00, 0x00, 0x00, 0x00, 0x00, 0x00, 0x00, 0x00, 0x00,
    0x00, 0x00, 0x00, 0x00, 0x00, 0x00, 0x00, 0x00, 0x00, 0x00, 0x00, 0x00,
    0x00, 0x00, 0x00, 0x00, 0x00, 0x00, 0x00, 0x00, 0x00, 0x00, 0x00, 0x00,
    0x00, 0x00, 0x00, 0x00, 0x00, 0x00, 0x00, 0x00, 0x00, 0x00, 0x00, 0x00,
    0x00, 0x00, 0x00, 0x00, 0x00, 0x00, 0x00, 0x00, 0x00, 0x00, 0x00, 0x00,
    0x00, 0x00, 0x00, 0x00, 0x00, 0x00, 0x00, 0x00, 0x00, 0x00, 0x00, 0x00,
    0x00, 0x00, 0x00, 0x00, 0xf8, 0xd4, 0xc0, 0x20, 0xf8, 0xd0, 0xb8, 0xdf,
    0xf8, 0xd4, 0xb8, 0xff, 0xf8, 0xd0, 0xc0, 0xff, 0xf8, 0xd4, 0xb8, 0xff,
    0xf0, 0xd0, 0xc0, 0xff, 0xf8, 0xd4, 0xc0, 0xff, 0xf8, 0xd0, 0xb8, 0xff,
    0xf0, 0xd0, 0xb8, 0xff, 0xf8, 0xd0, 0xc0, 0xff, 0xf8, 0xd0, 0xb8, 0xff,
    0xf8, 0xd4, 0xb8, 0xff, 0xf0, 0xd0, 0xc0, 0xff, 0xf8, 0xd0, 0xb8, 0xff,
    0xf8, 0xd4, 0xb8, 0xff, 0xf0, 0xd0, 0xc0, 0xff, 0xf8, 0xd0, 0xc0, 0xdf,
    0xe0, 0x68, 0x28, 0xc7, 0xe0, 0x64, 0x20, 0xdf, 0xe0, 0x64, 0x20, 0xdf,
    0xe0, 0x64, 0x18, 0xdf, 0xe0, 0x64, 0x20, 0xdf, 0xe0, 0x64, 0x20, 0xdb,
    0xe0, 0x64, 0x20, 0xdf, 0xe0, 0x64, 0x18, 0xdf, 0xe0, 0x64, 0x20, 0xdb,
    0xe0, 0x64, 0x20, 0xdf, 0xe0, 0x64, 0x18, 0xdf, 0xe0, 0x64, 0x20, 0xdf,
    0xe0, 0x64, 0x20, 0xdf, 0xe0, 0x64, 0x20, 0xdf, 0xe0, 0x64, 0x20, 0xdf,
    0xe0, 0x64, 0x20, 0xc7, 0xe0, 0x68, 0x20, 0x1c, 0x00, 0x00, 0x00, 0x00,
    0x00, 0x00, 0x00, 0x00, 0x00, 0x00, 0x00, 0x00, 0x00, 0x00, 0x00, 0x00,
    0x00, 0x00, 0x00, 0x00, 0x00, 0x00, 0x00, 0x00, 0x00, 0x00, 0x00, 0x00,
    0x00, 0x00, 0x00, 0x00, 0x00, 0x00, 0x00, 0x00, 0x00, 0x00, 0x00, 0x00,
    0x00, 0x00, 0x00, 0x00, 0x00, 0x00, 0x00, 0x00, 0x00, 0x00, 0x00, 0x00,
    0x00, 0x00, 0x00, 0x00, 0x00, 0x00, 0x00, 0x00, 0x00, 0x00, 0x00, 0x00,
    0x00, 0x00, 0x00, 0x00, 0x00, 0x00, 0x00, 0x00, 0x00, 0x00, 0x00, 0x00,
    0x00, 0x00, 0x00, 0x00, 0x00, 0x00, 0x00, 0x00, 0x00, 0x00, 0x00, 0x00,
    0x00, 0x00, 0x00, 0x00, 0x00, 0x00, 0x00, 0x00, 0x00, 0x00, 0x00, 0x00,
    0x00, 0x00, 0x00, 0x00, 0x00, 0x00, 0x00, 0x00, 0x00, 0x00, 0x00, 0x00,
    0x00, 0x00, 0x00, 0x00, 0x00, 0x00, 0x00, 0x00, 0x00, 0x00, 0x00, 0x00,
    0x00, 0x00, 0x00, 0x00, 0x00, 0x00, 0x00, 0x00, 0x00, 0x00, 0x00, 0x00,
    0x00, 0x00, 0x00, 0x00, 0x00, 0x00, 0x00, 0x00, 0x00, 0x00, 0x00, 0x00,
    0x00, 0x00, 0x00, 0x00, 0xf8, 0xd0, 0xc0, 0x18, 0xf0, 0xd0, 0xc0, 0xbe,
    0xf8, 0xd0, 0xc0, 0xdb, 0xf8, 0xd4, 0xb8, 0xdb, 0xf0, 0xd0, 0xc0, 0xdf,
    0xf8, 0xd0, 0xc0, 0xdb, 0xf8, 0xd0, 0xb8, 0xdb, 0xf8, 0xd4, 0xc0, 0xdf,
    0xf8, 0xd0, 0xc0, 0xdf, 0xf8, 0xd0, 0xc0, 0xdb, 0xf8, 0xd0, 0xb8, 0xdf,
    0xf8, 0xd0, 0xc0, 0xdf, 0xf8, 0xd0, 0xc0, 0xdb, 0xf8, 0xd0, 0xc0, 0xdf,
    0xf8, 0xd0, 0xb8, 0xdb, 0xf8, 0xd0, 0xc0, 0xdb, 0xf8, 0xd0, 0xb8, 0xbe,
    0xe0, 0x68, 0x28, 0x1c, 0xe0, 0x64, 0x20, 0x20, 0xe0, 0x64, 0x18, 0x1c,
    0xe0, 0x64, 0x20, 0x20, 0xe0, 0x64, 0x20, 0x20, 0xe0, 0x64, 0x18, 0x20,
    0xe0, 0x64, 0x20, 0x20, 0xe0, 0x64, 0x20, 0x20, 0xe0, 0x64, 0x18, 0x20,
    0xe0, 0x64, 0x20, 0x1c, 0xe0, 0x64, 0x20, 0x20, 0xe0, 0x64, 0x18, 0x1c,
    0xe0, 0x64, 0x20, 0x20, 0xe0, 0x68, 0x20, 0x20, 0xe0, 0x64, 0x20, 0x20,
    0xe0, 0x68, 0x28, 0x1c, 0xe0, 0x68, 0x28, 0x04, 0x00, 0x00, 0x00, 0x00,
    0x00, 0x00, 0x00, 0x00, 0x00, 0x00, 0x00, 0x00, 0x00, 0x00, 0x00, 0x00,
    0x00, 0x00, 0x00, 0x00, 0x00, 0x00, 0x00, 0x00, 0x00, 0x00, 0x00, 0x00,
    0x00, 0x00, 0x00, 0x00, 0x00, 0x00, 0x00, 0x00, 0x00, 0x00, 0x00, 0x00,
    0x00, 0x00, 0x00, 0x00, 0x00, 0x00, 0x00, 0x00, 0x00, 0x00, 0x00, 0x00,
    0x00, 0x00, 0x00, 0x00, 0x00, 0x00, 0x00, 0x00, 0x00, 0x00, 0x00, 0x00,
    0x00, 0x00, 0x00, 0x00, 0x00, 0x00, 0x00, 0x00, 0x00, 0x00, 0x00, 0x00,
    0x00, 0x00, 0x00, 0x00, 0x00, 0x00, 0x00, 0x00, 0x00, 0x00, 0x00, 0x00,
    0x00, 0x00, 0x00, 0x00, 0x00, 0x00, 0x00, 0x00, 0x00, 0x00, 0x00, 0x00,
    0x00, 0x00, 0x00, 0x00, 0x00, 0x00, 0x00, 0x00, 0x00, 0x00, 0x00, 0x00,
    0x00, 0x00, 0x00, 0x00, 0x00, 0x00, 0x00, 0x00, 0x00, 0x00, 0x00, 0x00,
    0x00, 0x00, 0x00, 0x00, 0x00, 0x00, 0x00, 0x00, 0x00, 0x00, 0x00, 0x00,
    0x00, 0x00, 0x00, 0x00, 0x00, 0x00, 0x00, 0x00, 0x00, 0x00, 0x00, 0x00,
    0x00, 0x00, 0x00, 0x00, 0xf8, 0xd0, 0xb8, 0x04, 0xf8, 0xd0, 0xb8, 0x1c,
    0xf0, 0xd0, 0xc0, 0x1c, 0xf8, 0xd0, 0xb8, 0x20, 0xf8, 0xd0, 0xb8, 0x20,
    0xf8, 0xd0, 0xc0, 0x1c, 0xf0, 0xd0, 0xb8, 0x20, 0xf8, 0xd4, 0xb8, 0x1c,
    0xf8, 0xd0, 0xc0, 0x1c, 0xf0, 0xd4, 0xb8, 0x20, 0xf0, 0xd4, 0xb8, 0x1c,
    0xf8, 0xd0, 0xc0, 0x1c, 0xf8, 0xd4, 0xb8, 0x20, 0xf0, 0xd0, 0xb8, 0x20,
    0xf8, 0xd4, 0xc0, 0x20, 0xf8, 0xd0, 0xb8, 0x1c, 0xf0, 0xd0, 0xb8, 0x1c,
    0x00, 0x00, 0x00, 0x00, 0x00, 0x00, 0x00, 0x00, 0x00, 0x00, 0x00, 0x00,
    0x00, 0x00, 0x00, 0x00, 0x00, 0x00, 0x00, 0x00, 0x00, 0x00, 0x00, 0x00,
    0x00, 0x00, 0x00, 0x00, 0x00, 0x00, 0x00, 0x00, 0x00, 0x00, 0x00, 0x00,
    0x00, 0x00, 0x00, 0x00, 0x00, 0x00, 0x00, 0x00, 0x00, 0x00, 0x00, 0x00,
    0x00, 0x00, 0x00, 0x00, 0x00, 0x00, 0x00, 0x00, 0x00, 0x00, 0x00, 0x00,
    0x00, 0x00, 0x00, 0x00, 0x00, 0x00, 0x00, 0x00, 0x00, 0x00, 0x00, 0x00,
    0x00, 0x00, 0x00, 0x00, 0x00, 0x00, 0x00, 0x00, 0x00, 0x00, 0x00, 0x00,
    0x00, 0x00, 0x00, 0x00, 0x00, 0x00, 0x00, 0x00, 0x00, 0x00, 0x00, 0x00,
    0x00, 0x00, 0x00, 0x00, 0x00, 0x00, 0x00, 0x00, 0x00, 0x00, 0x00, 0x00,
    0x00, 0x00, 0x00, 0x00, 0x00, 0x00, 0x00, 0x00, 0x00, 0x00, 0x00, 0x00,
    0x00, 0x00, 0x00, 0x00, 0x00, 0x00, 0x00, 0x00, 0x00, 0x00, 0x00, 0x00,
    0x00, 0x00, 0x00, 0x00, 0x00, 0x00, 0x00, 0x00, 0x00, 0x00, 0x00, 0x00,
    0x00, 0x00, 0x00, 0x00, 0x00, 0x00, 0x00, 0x00, 0x00, 0x00, 0x00, 0x00,
    0x00, 0x00, 0x00, 0x00, 0x00, 0x00, 0x00, 0x00, 0x00, 0x00, 0x00, 0x00,
    0x00, 0x00, 0x00, 0x00, 0x00, 0x00, 0x00, 0x00, 0x00, 0x00, 0x00, 0x00,
    0x00, 0x00, 0x00, 0x00, 0x00, 0x00, 0x00, 0x00, 0x00, 0x00, 0x00, 0x00,
    0x00, 0x00, 0x00, 0x00, 0x00, 0x00, 0x00, 0x00, 0x00, 0x00, 0x00, 0x00,
    0x00, 0x00, 0x00, 0x00, 0x00, 0x00, 0x00, 0x00, 0x00, 0x00, 0x00, 0x00,
    0x00, 0x00, 0x00, 0x00, 0x00, 0x00, 0x00, 0x00, 0x00, 0x00, 0x00, 0x00,
    0x00, 0x00, 0x00, 0x00, 0x00, 0x00, 0x00, 0x00, 0x00, 0x00, 0x00, 0x00,
    0x00, 0x00, 0x00, 0x00, 0x00, 0x00, 0x00, 0x00, 0x00, 0x00, 0x00, 0x00,
    0x00, 0x00, 0x00, 0x00, 0x00, 0x00, 0x00, 0x00, 0x00, 0x00, 0x00, 0x00,
    0x00, 0x00, 0x00, 0x00, 0x00, 0x00, 0x00, 0x00, 0x00, 0x00, 0x00, 0x00,
    0x00, 0x00, 0x00, 0x00, 0x00, 0x00, 0x00, 0x00, 0x00, 0x00, 0x00, 0x00,
    0x00, 0x00, 0x00, 0x00, 0x00, 0x00, 0x00, 0x00, 0x00, 0x00, 0x00, 0x00,
    0x00, 0x00, 0x00, 0x00, 0x00, 0x00, 0x00, 0x00, 0x00, 0x00, 0x00, 0x00,
    0x00, 0x00, 0x00, 0x00, 0x00, 0x00, 0x00, 0x00, 0x00, 0x00, 0x00, 0x00,
    0x00, 0x00, 0x00, 0x00, 0x00, 0x00, 0x00, 0x00, 0x00, 0x00, 0x00, 0x00,
    0x00, 0x00, 0x00, 0x00, 0x00, 0x00, 0x00, 0x00, 0x00, 0x00, 0x00, 0x00,
    0x00, 0x00, 0x00, 0x00, 0x00, 0x00, 0x00, 0x00, 0x00, 0x00, 0x00, 0x00,
    0x00, 0x00, 0x00, 0x00, 0x00, 0x00, 0x00, 0x00, 0x00, 0x00, 0x00, 0x00,
    0x00, 0x00, 0x00, 0x00, 0x00, 0x00, 0x00, 0x00, 0x00, 0x00, 0x00, 0x00,
    0x00, 0x00, 0x00, 0x00, 0x00, 0x00, 0x00, 0x00, 0x00, 0x00, 0x00, 0x00,
    0x00, 0x00, 0x00, 0x00, 0x00, 0x00, 0x00, 0x00, 0x00, 0x00, 0x00, 0x00,
    0x00, 0x00, 0x00, 0x00, 0x00, 0x00, 0x00, 0x00, 0x00, 0x00, 0x00, 0x00,
    0x00, 0x00, 0x00, 0x00, 0x00, 0x00, 0x00, 0x00, 0x00, 0x00, 0x00, 0x00,
    0x00, 0x00, 0x00, 0x00, 0x00, 0x00, 0x00, 0x00, 0x00, 0x00, 0x00, 0x00,
    0x00, 0x00, 0x00, 0x00, 0x00, 0x00, 0x00, 0x00, 0x00, 0x00, 0x00, 0x00,
    0x00, 0x00, 0x00, 0x00, 0x00, 0x00, 0x00, 0x00, 0x00, 0x00, 0x00, 0x00,
    0x00, 0x00, 0x00, 0x00, 0x00, 0x00, 0x00, 0x00, 0x00, 0x00, 0x00, 0x00,
    0x00, 0x00, 0x00, 0x00, 0x00, 0x00, 0x00, 0x00, 0x00, 0x00, 0x00, 0x00,
    0x00, 0x00, 0x00, 0x00, 0x00, 0x00, 0x00, 0x00, 0x00, 0x00, 0x00, 0x00,
    0x00, 0x00, 0x00, 0x00, 0x00, 0x00, 0x00, 0x00, 0x00, 0x00, 0x00, 0x00,
    0x00, 0x00, 0x00, 0x00, 0x00, 0x00, 0x00, 0x00, 0x00, 0x00, 0x00, 0x00,
    0x00, 0x00, 0x00, 0x00, 0x00, 0x00, 0x00, 0x00, 0x00, 0x00, 0x00, 0x00,
    0x00, 0x00, 0x00, 0x00, 0x00, 0x00, 0x00, 0x00, 0x00, 0x00, 0x00, 0x00,
    0x00, 0x00, 0x00, 0x00, 0x00, 0x00, 0x00, 0x00, 0x00, 0x00, 0x00, 0x00,
    0x00, 0x00, 0x00, 0x00, 0x00, 0x00, 0x00, 0x00, 0x00, 0x00, 0x00, 0x00,
    0x00, 0x00, 0x00, 0x00, 0x00, 0x00, 0x00, 0x00, 0x00, 0x00, 0x00, 0x00,
    0x00, 0x00, 0x00, 0x00, 0x00, 0x00, 0x00, 0x00, 0x00, 0x00, 0x00, 0x00,
    0x00, 0x00, 0x00, 0x00, 0x00, 0x00, 0x00, 0x00, 0x00, 0x00, 0x00, 0x00,
    0x00, 0x00, 0x00, 0x00, 0x00, 0x00, 0x00, 0x00, 0x00, 0x00, 0x00, 0x00,
    0x00, 0x00, 0x00, 0x00, 0x00, 0x00, 0x00, 0x00, 0x00, 0x00, 0x00, 0x00,
    0x00, 0x00, 0x00, 0x00, 0x00, 0x00, 0x00, 0x00, 0x00, 0x00, 0x00, 0x00,
    0x00, 0x00, 0x00, 0x00, 0x00, 0x00, 0x00, 0x00, 0x00, 0x00, 0x00, 0x00,
    0x00, 0x00, 0x00, 0x00, 0x00, 0x00, 0x00, 0x00, 0x00, 0x00, 0x00, 0x00,
    0x00, 0x00, 0x00, 0x00, 0x00, 0x00, 0x00, 0x00, 0x00, 0x00, 0x00, 0x00,
    0x00, 0x00, 0x00, 0x00, 0x00, 0x00, 0x00, 0x00, 0x00, 0x00, 0x00, 0x00,
    0x00, 0x00, 0x00, 0x00, 0x00, 0x00, 0x00, 0x00, 0x00, 0x00, 0x00, 0x00,
    0x00, 0x00, 0x00, 0x00, 0x00, 0x00, 0x00, 0x00, 0x00, 0x00, 0x00, 0x00,
    0x00, 0x00, 0x00, 0x00, 0x00, 0x00, 0x00, 0x00, 0x00, 0x00, 0x00, 0x00,
    0x00, 0x00, 0x00, 0x00, 0x00, 0x00, 0x00, 0x00, 0x00, 0x00, 0x00, 0x00,
    0x00, 0x00, 0x00, 0x00, 0x00, 0x00, 0x00, 0x00, 0x00, 0x00, 0x00, 0x00,
    0x00, 0x00, 0x00, 0x00, 0x00, 0x00, 0x00, 0x00, 0x00, 0x00, 0x00, 0x00,
    0x00, 0x00, 0x00, 0x00, 0x00, 0x00, 0x00, 0x00, 0x00, 0x00, 0x00, 0x00,
    0x00, 0x00, 0x00, 0x00, 0x00, 0x00, 0x00, 0x00, 0x00, 0x00, 0x00, 0x00,
    0x00, 0x00, 0x00, 0x00, 0x00, 0x00, 0x00, 0x00, 0x00, 0x00, 0x00, 0x00,
    0x00, 0x00, 0x00, 0x00, 0x00, 0x00, 0x00, 0x00, 0x00, 0x00, 0x00, 0x00,
    0x00, 0x00, 0x00, 0x00, 0x00, 0x00, 0x00, 0x00, 0x00, 0x00, 0x00, 0x00,
    0x00, 0x00, 0x00, 0x00, 0x00, 0x00, 0x00, 0x00, 0x00, 0x00, 0x00, 0x00,
    0x00, 0x00, 0x00, 0x00, 0x00, 0x00, 0x00, 0x00, 0x00, 0x00, 0x00, 0x00,
    0x00, 0x00, 0x00, 0x00, 0x00, 0x00, 0x00, 0x00, 0x00, 0x00, 0x00, 0x00,
    0x00, 0x00, 0x00, 0x00, 0x00, 0x00, 0x00, 0x00, 0x00, 0x00, 0x00, 0x00,
    0x00, 0x00, 0x00, 0x00, 0x00, 0x00, 0x00, 0x00, 0x00, 0x00, 0x00, 0x00,
    0x00, 0x00, 0x00, 0x00, 0x00, 0x00, 0x00, 0x00, 0x00, 0x00, 0x00, 0x00,
    0x00, 0x00, 0x00, 0x00, 0x00, 0x00, 0x00, 0x00, 0x00, 0x00, 0x00, 0x00,
    0x00, 0x00, 0x00, 0x00, 0x00, 0x00, 0x00, 0x00, 0x00, 0x00, 0x00, 0x00,
    0xe0, 0x78, 0x40, 0x08, 0xe0, 0x78, 0x38, 0x41, 0xe8, 0x78, 0x38, 0x38,
    0x00, 0x00, 0x00, 0x00, 0x00, 0x00, 0x00, 0x00, 0x00, 0x00, 0x00, 0x00,
    0x00, 0x00, 0x00, 0x00, 0x00, 0x00, 0x00, 0x00, 0x00, 0x00, 0x00, 0x00,
    0x00, 0x00, 0x00, 0x00, 0x00, 0x00, 0x00, 0x00, 0x00, 0x00, 0x00, 0x00,
    0x00, 0x00, 0x00, 0x00, 0x00, 0x00, 0x00, 0x00, 0x00, 0x00, 0x00, 0x00,
    0x00, 0x00, 0x00, 0x00, 0x00, 0x00, 0x00, 0x00, 0x00, 0x00, 0x00, 0x00,
    0x00, 0x00, 0x00, 0x00, 0x00, 0x00, 0x00, 0x00, 0x00, 0x00, 0x00, 0x00,
    0x00, 0x00, 0x00, 0x00, 0x00, 0x00, 0x00, 0x00, 0x00, 0x00, 0x00, 0x00,
    0x00, 0x00, 0x00, 0x00, 0x00, 0x00, 0x00, 0x00, 0x00, 0x00, 0x00, 0x00,
    0x00, 0x00, 0x00, 0x00, 0x00, 0x00, 0x00, 0x00, 0x00, 0x00, 0x00, 0x00,
    0x00, 0x00, 0x00, 0x00, 0x00, 0x00, 0x00, 0x00, 0x00, 0x00, 0x00, 0x00,
    0x00, 0x00, 0x00, 0x00, 0x00, 0x00, 0x00, 0x00, 0x00, 0x00, 0x00, 0x00,
    0x00, 0x00, 0x00, 0x00, 0x00, 0x00, 0x00, 0x00, 0x00, 0x00, 0x00, 0x00,
    0xf0, 0xc0, 0xa0, 0x38, 0xf0, 0xc4, 0xa8, 0x41, 0xf0, 0xc0, 0xa8, 0x08,
    0x00, 0x00, 0x00, 0x00, 0x00, 0x00, 0x00, 0x00, 0x00, 0x00, 0x00, 0x00,
    0x00, 0x00, 0x00, 0x00, 0x00, 0x00, 0x00, 0x00, 0x00, 0x00, 0x00, 0x00,
    0x00, 0x00, 0x00, 0x00, 0x00, 0x00, 0x00, 0x00, 0x00, 0x00, 0x00, 0x00,
    0x00, 0x00, 0x00, 0x00, 0x00, 0x00, 0x00, 0x00, 0x00, 0x00, 0x00, 0x00,
    0x00, 0x00, 0x00, 0x00, 0x00, 0x00, 0x00, 0x00, 0x00, 0x00, 0x00, 0x00,
    0x00, 0x00, 0x00, 0x00, 0x00, 0x00, 0x00, 0x00, 0x00, 0x00, 0x00, 0x00,
    0x00, 0x00, 0x00, 0x00, 0x00, 0x00, 0x00, 0x00, 0x00, 0x00, 0x00, 0x00,
    0x00, 0x00, 0x00, 0x00, 0x00, 0x00, 0x00, 0x00, 0x00, 0x00, 0x00, 0x00,
    0x00, 0x00, 0x00, 0x00, 0x00, 0x00, 0x00, 0x00, 0x00, 0x00, 0x00, 0x00,
    0x00, 0x00, 0x00, 0x00, 0xe8, 0x78, 0x40, 0x04, 0xe0, 0x78, 0x38, 0x2c,
    0xe8, 0x78, 0x38, 0x9a, 0xe8, 0x78, 0x38, 0xeb, 0xe0, 0x78, 0x38, 0xbe,
    0xe0, 0x78, 0x40, 0x14, 0x00, 0x00, 0x00, 0x00, 0x00, 0x00, 0x00, 0x00,
    0x00, 0x00, 0x00, 0x00, 0x00, 0x00, 0x00, 0x00, 0x00, 0x00, 0x00, 0x00,
    0x00, 0x00, 0x00, 0x00, 0x00, 0x00, 0x00, 0x00, 0x00, 0x00, 0x00, 0x00,
    0x00, 0x00, 0x00, 0x00, 0x00, 0x00, 0x00, 0x00, 0x00, 0x00, 0x00, 0x00,
    0x00, 0x00, 0x00, 0x00, 0x00, 0x00, 0x00, 0x00, 0x00, 0x00, 0x00, 0x00,
    0x00, 0x00, 0x00, 0x00, 0x00, 0x00, 0x00, 0x00, 0x00, 0x00, 0x00, 0x00,
    0x00, 0x00, 0x00, 0x00, 0x00, 0x00, 0x00, 0x00, 0x00, 0x00, 0x00, 0x00,
    0x00, 0x00, 0x00, 0x00, 0x00, 0x00, 0x00, 0x00, 0x00, 0x00, 0x00, 0x00,
    0x00, 0x00, 0x00, 0x00, 0x00, 0x00, 0x00, 0x00, 0x00, 0x00, 0x00, 0x00,
    0x00, 0x00, 0x00, 0x00, 0x00, 0x00, 0x00, 0x00, 0x00, 0x00, 0x00, 0x00,
    0x00, 0x00, 0x00, 0x00, 0x00, 0x00, 0x00, 0x00, 0x00, 0x00, 0x00, 0x00,
    0x00, 0x00, 0x00, 0x00, 0x00, 0x00, 0x00, 0x00, 0xf0, 0xc0, 0xa0, 0x14,
    0xf8, 0xc0, 0xa8, 0xba, 0xf0, 0xc0, 0xa0, 0xeb, 0xf0, 0xc0, 0xa0, 0x96,
    0xf0, 0xc4, 0xa8, 0x2c, 0xf0, 0xc0, 0xa0, 0x04, 0x00, 0x00, 0x00, 0x00,
    0x00, 0x00, 0x00, 0x00, 0x00, 0x00, 0x00, 0x00, 0x00, 0x00, 0x00, 0x00,
    0x00, 0x00, 0x00, 0x00, 0x00, 0x00, 0x00, 0x00, 0x00, 0x00, 0x00, 0x00,
    0x00, 0x00, 0x00, 0x00, 0x00, 0x00, 0x00, 0x00, 0x00, 0x00, 0x00, 0x00,
    0x00, 0x00, 0x00, 0x00, 0x00, 0x00, 0x00, 0x00, 0x00, 0x00, 0x00, 0x00,
    0x00, 0x00, 0x00, 0x00, 0x00, 0x00, 0x00, 0x00, 0x00, 0x00, 0x00, 0x00,
    0x00, 0x00, 0x00, 0x00, 0x00, 0x00, 0x00, 0x00, 0x00, 0x00, 0x00, 0x00,
    0x00, 0x00, 0x00, 0x00, 0x00, 0x00, 0x00, 0x00, 0x00, 0x00, 0x00, 0x00,
    0x00, 0x00, 0x00, 0x00, 0x00, 0x00, 0x00, 0x00, 0xe8, 0x7c, 0x40, 0x00,
    0xe0, 0x78, 0x38, 0x18, 0xe8, 0x78, 0x38, 0x79, 0xe8, 0x78, 0x38, 0xdb,
    0xe8, 0x78, 0x38, 0xff, 0xe8, 0x78, 0x40, 0xff, 0xe8, 0x78, 0x38, 0xf7,
    0xe8, 0x78, 0x38, 0x69, 0xe8, 0x7c, 0x40, 0x04, 0x00, 0x00, 0x00, 0x00,
    0x00, 0x00, 0x00, 0x00, 0x00, 0x00, 0x00, 0x00, 0x00, 0x00, 0x00, 0x00,
    0x00, 0x00, 0x00, 0x00, 0x00, 0x00, 0x00, 0x00, 0x00, 0x00, 0x00, 0x00,
    0x00, 0x00, 0x00, 0x00, 0x00, 0x00, 0x00, 0x00, 0x00, 0x00, 0x00, 0x00,
    0x00, 0x00, 0x00, 0x00, 0x00, 0x00, 0x00, 0x00, 0x00, 0x00, 0x00, 0x00,
    0x00, 0x00, 0x00, 0x00, 0x00, 0x00, 0x00, 0x00, 0x00, 0x00, 0x00, 0x00,
    0x00, 0x00, 0x00, 0x00, 0x00, 0x00, 0x00, 0x00, 0x00, 0x00, 0x00, 0x00,
    0x00, 0x00, 0x00, 0x00, 0x00, 0x00, 0x00, 0x00, 0x00, 0x00, 0x00, 0x00,
    0x00, 0x00, 0x00, 0x00, 0x00, 0x00, 0x00, 0x00, 0x00, 0x00, 0x00, 0x00,
    0x00, 0x00, 0x00, 0x00, 0x00, 0x00, 0x00, 0x00, 0x00, 0x00, 0x00, 0x00,
    0x00, 0x00, 0x00, 0x00, 0x00, 0x00, 0x00, 0x00, 0x00, 0x00, 0x00, 0x00,
    0x00, 0x00, 0x00, 0x00, 0xf0, 0xc0, 0xa0, 0x04, 0xf8, 0xc0, 0xa8, 0x69,
    0xf0, 0xc0, 0xa8, 0xf7, 0xf8, 0xc0, 0xa0, 0xff, 0xf8, 0xc0, 0xa0, 0xff,
    0xf0, 0xc0, 0xa8, 0xdb, 0xf8, 0xc0, 0xa8, 0x79, 0xf0, 0xc0, 0xa0, 0x18,
    0xf0, 0xc4, 0xa8, 0x00, 0x00, 0x00, 0x00, 0x00, 0x00, 0x00, 0x00, 0x00,
    0x00, 0x00, 0x00, 0x00, 0x00, 0x00, 0x00, 0x00, 0x00, 0x00, 0x00, 0x00,
    0x00, 0x00, 0x00, 0x00, 0x00, 0x00, 0x00, 0x00, 0x00, 0x00, 0x00, 0x00,
    0x00, 0x00, 0x00, 0x00, 0x00, 0x00, 0x00, 0x00, 0x00, 0x00, 0x00, 0x00,
    0x00, 0x00, 0x00, 0x00, 0x00, 0x00, 0x00, 0x00, 0x00, 0x00, 0x00, 0x00,
    0x00, 0x00, 0x00, 0x00, 0x00, 0x00, 0x00, 0x00, 0x00, 0x00, 0x00, 0x00,
    0x00, 0x00, 0x00, 0x00, 0x00, 0x00, 0x00, 0x00, 0x00, 0x00, 0x00, 0x00,
    0x00, 0x00, 0x00, 0x00, 0xe8, 0x78, 0x38, 0x0c, 0xe0, 0x78, 0x38, 0x59,
    0xe8, 0x78, 0x38, 0xc7, 0xe0, 0x78, 0x38, 0xfb, 0xe0, 0x78, 0x40, 0xff,
    0xe0, 0x78, 0x38, 0xff, 0xe8, 0x78, 0x38, 0xff, 0xe0, 0x78, 0x38, 0xff,
    0xe0, 0x78, 0x38, 0xd3, 0xe8, 0x78, 0x40, 0x24, 0x00, 0x00, 0x00, 0x00,
    0x00, 0x00, 0x00, 0x00, 0x00, 0x00, 0x00, 0x00, 0x00, 0x00, 0x00, 0x00,
    0x00, 0x00, 0x00, 0x00, 0x00, 0x00, 0x00, 0x00, 0x00, 0x00, 0x00, 0x00,
    0x00, 0x00, 0x00, 0x00, 0x00, 0x00, 0x00, 0x00, 0x00, 0x00, 0x00, 0x00,
    0x00, 0x00, 0x00, 0x00, 0x00, 0x00, 0x00, 0x00, 0x00, 0x00, 0x00, 0x00,
    0x00, 0x00, 0x00, 0x00, 0x00, 0x00, 0x00, 0x00, 0x00, 0x00, 0x00, 0x00,
    0x00, 0x00, 0x00, 0x00, 0x00, 0x00, 0x00, 0x00, 0x00, 0x00, 0x00, 0x00,
    0x00, 0x00, 0x00, 0x00, 0x00, 0x00, 0x00, 0x00, 0x00, 0x00, 0x00, 0x00,
    0x00, 0x00, 0x00, 0x00, 0x00, 0x00, 0x00, 0x00, 0x00, 0x00, 0x00, 0x00,
    0x00, 0x00, 0x00, 0x00, 0x00, 0x00, 0x00, 0x00, 0x00, 0x00, 0x00, 0x00,
    0x00, 0x00, 0x00, 0x00, 0x00, 0x00, 0x00, 0x00, 0x00, 0x00, 0x00, 0x00,
    0x00, 0x00, 0x00, 0x00, 0xf0, 0xc0, 0xa0, 0x24, 0xf0, 0xc0, 0xa8, 0xd3,
    0xf0, 0xc0, 0xa8, 0xff, 0xf0, 0xc0, 0xa0, 0xff, 0xf8, 0xc0, 0xa8, 0xff,
    0xf0, 0xc0, 0xa0, 0xff, 0xf0, 0xc0, 0xa0, 0xfb, 0xf8, 0xc0, 0xa8, 0xc7,
    0xf0, 0xc0, 0xa0, 0x59, 0xf0, 0xc0, 0xa8, 0x0c, 0x00, 0x00, 0x00, 0x00,
    0x00, 0x00, 0x00, 0x00, 0x00, 0x00, 0x00, 0x00, 0x00, 0x00, 0x00, 0x00,
    0x00, 0x00, 0x00, 0x00, 0x00, 0x00, 0x00, 0x00, 0x00, 0x00, 0x00, 0x00,
    0x00, 0x00, 0x00, 0x00, 0x00, 0x00, 0x00, 0x00, 0x00, 0x00, 0x00, 0x00,
    0x00, 0x00, 0x00, 0x00, 0x00, 0x00, 0x00, 0x00, 0x00, 0x00, 0x00, 0x00,
    0x00, 0x00, 0x00, 0x00, 0x00, 0x00, 0x00, 0x00, 0x00, 0x00, 0x00, 0x00,
    0x00, 0x00, 0x00, 0x00, 0x00, 0x00, 0x00, 0x00, 0xe8, 0x78, 0x40, 0x04,
    0xe0, 0x78, 0x38, 0x3c, 0xe8, 0x78, 0x38, 0xae, 0xe8, 0x78, 0x38, 0xf3,
    0xe8, 0x78, 0x40, 0xff, 0xe8, 0x78, 0x38, 0xff, 0xe8, 0x78, 0x38, 0xff,
    0xe8, 0x78, 0x40, 0xff, 0xe0, 0x78, 0x38, 0xff, 0xe8, 0x78, 0x38, 0xff,
    0xe8, 0x78, 0x40, 0xff, 0xe0, 0x78, 0x38, 0x8a, 0xe8, 0x7c, 0x40, 0x04,
    0x00, 0x00, 0x00, 0x00, 0x00, 0x00, 0x00, 0x00, 0x00, 0x00, 0x00, 0x00,
    0x00, 0x00, 0x00, 0x00, 0x00, 0x00, 0x00, 0x00, 0x00, 0x00, 0x00, 0x00,
    0x00, 0x00, 0x00, 0x00, 0x00, 0x00, 0x00, 0x00, 0x00, 0x00, 0x00, 0x00,
    0x00, 0x00, 0x00, 0x00, 0x00, 0x00, 0x00, 0x00, 0x00, 0x00, 0x00, 0x00,
    0x00, 0x00, 0x00, 0x00, 0x00, 0x00, 0x00, 0x00, 0x00, 0x00, 0x00, 0x00,
    0x00, 0x00, 0x00, 0x00, 0x00, 0x00, 0x00, 0x00, 0x00, 0x00, 0x00, 0x00,
    0x00, 0x00, 0x00, 0x00, 0x00, 0x00, 0x00, 0x00, 0x00, 0x00, 0x00, 0x00,
    0x00, 0x00, 0x00, 0x00, 0x00, 0x00, 0x00, 0x00, 0x00, 0x00, 0x00, 0x00,
    0x00, 0x00, 0x00, 0x00, 0x00, 0x00, 0x00, 0x00, 0x00, 0x00, 0x00, 0x00,
    0x00, 0x00, 0x00, 0x00, 0x00, 0x00, 0x00, 0x00, 0x00, 0x00, 0x00, 0x00,
    0xf0, 0xc0, 0xa8, 0x04, 0xf8, 0xc0, 0xa0, 0x8a, 0xf8, 0xc0, 0xa0, 0xfb,
    0xf0, 0xc0, 0xa8, 0xff, 0xf0, 0xc0, 0xa0, 0xff, 0xf8, 0xc0, 0xa8, 0xff,
    0xf0, 0xc0, 0xa8, 0xff, 0xf0, 0xc0, 0xa0, 0xff, 0xf8, 0xc0, 0xa8, 0xff,
    0xf0, 0xc0, 0xa0, 0xf3, 0xf0, 0xc0, 0xa0, 0xae, 0xf8, 0xc0, 0xa8, 0x3c,
    0xf0, 0xc0, 0xa0, 0x08, 0x00, 0x00, 0x00, 0x00, 0x00, 0x00, 0x00, 0x00,
    0x00, 0x00, 0x00, 0x00, 0x00, 0x00, 0x00, 0x00, 0x00, 0x00, 0x00, 0x00,
    0x00, 0x00, 0x00, 0x00, 0x00, 0x00, 0x00, 0x00, 0x00, 0x00, 0x00, 0x00,
    0x00, 0x00, 0x00, 0x00, 0x00, 0x00, 0x00, 0x00, 0x00, 0x00, 0x00, 0x00,
    0x00, 0x00, 0x00, 0x00, 0x00, 0x00, 0x00, 0x00, 0x00, 0x00, 0x00, 0x00,
    0xe8, 0x78, 0x40, 0x00, 0xe0, 0x78, 0x38, 0x28, 0xe8, 0x78, 0x38, 0x8e,
    0xe8, 0x78, 0x38, 0xeb, 0xe0, 0x78, 0x38, 0xff, 0xe0, 0x78, 0x40, 0xff,
    0xe8, 0x78, 0x38, 0xff, 0xe0, 0x78, 0x38, 0xff, 0xe8, 0x78, 0x38, 0xff,
    0xe8, 0x78, 0x38, 0xff, 0xe0, 0x78, 0x40, 0xff, 0xe8, 0x78, 0x38, 0xff,
    0xe8, 0x78, 0x38, 0xfb, 0xe0, 0x78, 0x38, 0xc3, 0xe0, 0x78, 0x38, 0x18,
    0x00, 0x00, 0x00, 0x00, 0x00, 0x00, 0x00, 0x00, 0x00, 0x00, 0x00, 0x00,
    0x00, 0x00, 0x00, 0x00, 0x00, 0x00, 0x00, 0x00, 0x00, 0x00, 0x00, 0x00,
    0x00, 0x00, 0x00, 0x00, 0x00, 0x00, 0x00, 0x00, 0x00, 0x00, 0x00, 0x00,
    0x00, 0x00, 0x00, 0x00, 0x00, 0x00, 0x00, 0x00, 0x00, 0x00, 0x00, 0x00,
    0x00, 0x00, 0x00, 0x00, 0x00, 0x00, 0x00, 0x00, 0x00, 0x00, 0x00, 0x00,
    0x00, 0x00, 0x00, 0x00, 0x00, 0x00, 0x00, 0x00, 0x00, 0x00, 0x00, 0x00,
    0x00, 0x00, 0x00, 0x00, 0x00, 0x00, 0x00, 0x00, 0x00, 0x00, 0x00, 0x00,
    0x00, 0x00, 0x00, 0x00, 0x00, 0x00, 0x00, 0x00, 0x00, 0x00, 0x00, 0x00,
    0x00, 0x00, 0x00, 0x00, 0x00, 0x00, 0x00, 0x00, 0x00, 0x00, 0x00, 0x00,
    0x00, 0x00, 0x00, 0x00, 0x00, 0x00, 0x00, 0x00, 0x00, 0x00, 0x00, 0x00,
    0xf0, 0xc0, 0xa0, 0x18, 0xf8, 0xc0, 0xa8, 0xbe, 0xf0, 0xc0, 0xa8, 0xff,
    0xf8, 0xc0, 0xa0, 0xff, 0xf0, 0xc0, 0xa0, 0xff, 0xf8, 0xc0, 0xa8, 0xff,
    0xf0, 0xc0, 0xa0, 0xff, 0xf8, 0xc0, 0xa8, 0xff, 0xf0, 0xc0, 0xa8, 0xff,
    0xf8, 0xc0, 0xa0, 0xff, 0xf0, 0xc0, 0xa8, 0xff, 0xf0, 0xc0, 0xa8, 0xeb,
    0xf8, 0xc0, 0xa0, 0x8e, 0xf0, 0xc0, 0xa8, 0x28, 0xf0, 0xc0, 0xa8, 0x00,
    0x00, 0x00, 0x00, 0x00, 0x00, 0x00, 0x00, 0x00, 0x00, 0x00, 0x00, 0x00,
    0x00, 0x00, 0x00, 0x00, 0x00, 0x00, 0x00, 0x00, 0x00, 0x00, 0x00, 0x00,
    0x00, 0x00, 0x00, 0x00, 0x00, 0x00, 0x00, 0x00, 0x00, 0x00, 0x00, 0x00,
    0x00, 0x00, 0x00, 0x00, 0x00, 0x00, 0x00, 0x00, 0xe8, 0x78, 0x38, 0x14,
    0xe0, 0x78, 0x38, 0x71, 0xe8, 0x78, 0x38, 0xd7, 0xe8, 0x78, 0x38, 0xff,
    0xe0, 0x78, 0x38, 0xff, 0xe8, 0x78, 0x40, 0xff, 0xe8, 0x78, 0x38, 0xff,
    0xe0, 0x78, 0x38, 0xff, 0xe0, 0x78, 0x40, 0xff, 0xe8, 0x78, 0x38, 0xff,
    0xe0, 0x78, 0x38, 0xff, 0xe8, 0x78, 0x38, 0xff, 0xe8, 0x78, 0x38, 0xe7,
    0xe0, 0x7c, 0x38, 0x8a, 0xe8, 0x78, 0x40, 0x24, 0xe8, 0x7c, 0x40, 0x00,
    0x00, 0x00, 0x00, 0x00, 0x00, 0x00, 0x00, 0x00, 0x00, 0x00, 0x00, 0x00,
    0x00, 0x00, 0x00, 0x00, 0x00, 0x00, 0x00, 0x00, 0x00, 0x00, 0x00, 0x00,
    0x00, 0x00, 0x00, 0x00, 0x00, 0x00, 0x00, 0x00, 0x00, 0x00, 0x00, 0x00,
    0x00, 0x00, 0x00, 0x00, 0x00, 0x00, 0x00, 0x00, 0x00, 0x00, 0x00, 0x00,
    0x00, 0x00, 0x00, 0x00, 0x00, 0x00, 0x00, 0x00, 0x00, 0x00, 0x00, 0x00,
    0x00, 0x00, 0x00, 0x00, 0x00, 0x00, 0x00, 0x00, 0x00, 0x00, 0x00, 0x00,
    0x00, 0x00, 0x00, 0x00, 0x00, 0x00, 0x00, 0x00, 0x00, 0x00, 0x00, 0x00,
    0x00, 0x00, 0x00, 0x00, 0x00, 0x00, 0x00, 0x00, 0x00, 0x00, 0x00, 0x00,
    0x00, 0x00, 0x00, 0x00, 0x00, 0x00, 0x00, 0x00, 0x00, 0x00, 0x00, 0x00,
    0x00, 0x00, 0x00, 0x00, 0x00, 0x00, 0x00, 0x00, 0x00, 0x00, 0x00, 0x00,
    0xf0, 0xc4, 0xa0, 0x00, 0xf0, 0xc0, 0xa8, 0x24, 0xf0, 0xc0, 0xa8, 0x8a,
    0xf0, 0xc0, 0xa0, 0xe7, 0xf8, 0xc0, 0xa8, 0xff, 0xf0, 0xc0, 0xa0, 0xff,
    0xf0, 0xc0, 0xa0, 0xff, 0xf8, 0xc0, 0xa8, 0xff, 0xf0, 0xc0, 0xa0, 0xff,
    0xf0, 0xc0, 0xa0, 0xff, 0xf8, 0xc0, 0xa8, 0xff, 0xf0, 0xc0, 0xa0, 0xff,
    0xf0, 0xc0, 0xa0, 0xff, 0xf8, 0xc0, 0xa8, 0xd7, 0xf0, 0xc0, 0xa0, 0x71,
    0xf0, 0xc0, 0xa0, 0x18, 0x00, 0x00, 0x00, 0x00, 0x00, 0x00, 0x00, 0x00,
    0x00, 0x00, 0x00, 0x00, 0x00, 0x00, 0x00, 0x00, 0x00, 0x00, 0x00, 0x00,
    0x00, 0x00, 0x00, 0x00, 0x00, 0x00, 0x00, 0x00, 0x00, 0x00, 0x00, 0x00,
    0xe8, 0x78, 0x38, 0x0c, 0xe0, 0x78, 0x38, 0x51, 0xe8, 0x78, 0x38, 0xc3,
    0xe8, 0x78, 0x38, 0xf7, 0xe0, 0x78, 0x40, 0xff, 0xe8, 0x78, 0x38, 0xff,
    0xe0, 0x78, 0x38, 0xff, 0xe8, 0x78, 0x38, 0xff, 0xe8, 0x78, 0x38, 0xff,
    0xe8, 0x78, 0x38, 0xff, 0xe8, 0x78, 0x40, 0xff, 0xe0, 0x78, 0x38, 0xff,
    0xe8, 0x78, 0x38, 0xf3, 0xe8, 0x78, 0x40, 0xaa, 0xe0, 0x78, 0x40, 0x3c,
    0xe8, 0x7c, 0x40, 0x04, 0x00, 0x00, 0x00, 0x00, 0x00, 0x00, 0x00, 0x00,
    0x00, 0x00, 0x00, 0x00, 0x00, 0x00, 0x00, 0x00, 0x00, 0x00, 0x00, 0x00,
    0x00, 0x00, 0x00, 0x00, 0x00, 0x00, 0x00, 0x00, 0x00, 0x00, 0x00, 0x00,
    0x00, 0x00, 0x00, 0x00, 0x00, 0x00, 0x00, 0x00, 0x00, 0x00, 0x00, 0x00,
    0x00, 0x00, 0x00, 0x00, 0x00, 0x00, 0x00, 0x00, 0x00, 0x00, 0x00, 0x00,
    0x00, 0x00, 0x00, 0x00, 0x00, 0x00, 0x00, 0x00, 0x00, 0x00, 0x00, 0x00,
    0x00, 0x00, 0x00, 0x00, 0x00, 0x00, 0x00, 0x00, 0x00, 0x00, 0x00, 0x00,
    0x00, 0x00, 0x00, 0x00, 0x00, 0x00, 0x00, 0x00, 0x00, 0x00, 0x00, 0x00,
    0x00, 0x00, 0x00, 0x00, 0x00, 0x00, 0x00, 0x00, 0x00, 0x00, 0x00, 0x00,
    0x00, 0x00, 0x00, 0x00, 0x00, 0x00, 0x00, 0x00, 0x00, 0x00, 0x00, 0x00,
    0x00, 0x00, 0x00, 0x00, 0x00, 0x00, 0x00, 0x00, 0x00, 0x00, 0x00, 0x00,
    0x00, 0x00, 0x00, 0x00, 0x00, 0x00, 0x00, 0x00, 0xf8, 0xc0, 0xa0, 0x04,
    0xf0, 0xc4, 0xa8, 0x38, 0xf8, 0xc0, 0xa8, 0xaa, 0xf0, 0xc0, 0xa0, 0xf3,
    0xf0, 0xc0, 0xa8, 0xff, 0xf8, 0xc0, 0xa8, 0xff, 0xf0, 0xc0, 0xa0, 0xff,
    0xf0, 0xc0, 0xa8, 0xff, 0xf8, 0xc0, 0xa8, 0xff, 0xf0, 0xc0, 0xa0, 0xff,
    0xf0, 0xc0, 0xa8, 0xff, 0xf8, 0xc0, 0xa0, 0xff, 0xf0, 0xc0, 0xa8, 0xf7,
    0xf0, 0xc0, 0xa8, 0xc3, 0xf8, 0xc4, 0xa0, 0x51, 0xf0, 0xc0, 0xa8, 0x0c,
    0x00, 0x00, 0x00, 0x00, 0x00, 0x00, 0x00, 0x00, 0x00, 0x00, 0x00, 0x00,
    0x00, 0x00, 0x00, 0x00, 0x00, 0x00, 0x00, 0x00, 0x00, 0x00, 0x00, 0x00,
    0xe8, 0x78, 0x38, 0x61, 0xe0, 0x78, 0x40, 0xef, 0xe8, 0x78, 0x38, 0xff,
    0xe8, 0x78, 0x38, 0xff, 0xe0, 0x78, 0x40, 0xff, 0xe8, 0x78, 0x38, 0xff,
    0xe8, 0x78, 0x38, 0xff, 0xe0, 0x78, 0x40, 0xff, 0xe0, 0x78, 0x38, 0xff,
    0xe8, 0x78, 0x38, 0xff, 0xe8, 0x78, 0x38, 0xfb, 0xe0, 0x78, 0x38, 0xc7,
    0xe8, 0x7c, 0x40, 0x55, 0xe8, 0x78, 0x40, 0x0c, 0x00, 0x00, 0x00, 0x00,
    0x00, 0x00, 0x00, 0x00, 0x00, 0x00, 0x00, 0x00, 0x00, 0x00, 0x00, 0x00,
    0x00, 0x00, 0x00, 0x00, 0xe8, 0x8c, 0x58, 0x04, 0xe8, 0x8c, 0x58, 0x18,
    0xe8, 0x8c, 0x58, 0x04, 0x00, 0x00, 0x00, 0x00, 0x00, 0x00, 0x00, 0x00,
    0x00, 0x00, 0x00, 0x00, 0x00, 0x00, 0x00, 0x00, 0x00, 0x00, 0x00, 0x00,
    0x00, 0x00, 0x00, 0x00, 0x00, 0x00, 0x00, 0x00, 0x00, 0x00, 0x00, 0x00,
    0x00, 0x00, 0x00, 0x00, 0x00, 0x00, 0x00, 0x00, 0x00, 0x00, 0x00, 0x00,
    0x00, 0x00, 0x00, 0x00, 0x00, 0x00, 0x00, 0x00, 0x00, 0x00, 0x00, 0x00,
    0x00, 0x00, 0x00, 0x00, 0x00, 0x00, 0x00, 0x00, 0x00, 0x00, 0x00, 0x00,
    0x00, 0x00, 0x00, 0x00, 0x00, 0x00, 0x00, 0x00, 0x00, 0x00, 0x00, 0x00,
    0x00, 0x00, 0x00, 0x00, 0x00, 0x00, 0x00, 0x00, 0xf0, 0xb0, 0x88, 0x04,
    0xf0, 0xb0, 0x88, 0x18, 0xf0, 0xb0, 0x90, 0x04, 0x00, 0x00, 0x00, 0x00,
    0x00, 0x00, 0x00, 0x00, 0x00, 0x00, 0x00, 0x00, 0x00, 0x00, 0x00, 0x00,
    0x00, 0x00, 0x00, 0x00, 0xf0, 0xc0, 0xa0, 0x0c, 0xf8, 0xc0, 0xa8, 0x55,
    0xf0, 0xc0, 0xa0, 0xc3, 0xf0, 0xc0, 0xa0, 0xfb, 0xf8, 0xc0, 0xa8, 0xff,
    0xf0, 0xc0, 0xa0, 0xff, 0xf8, 0xc0, 0xa0, 0xff, 0xf0, 0xc0, 0xa8, 0xff,
    0xf8, 0xc0, 0xa8, 0xff, 0xf0, 0xc0, 0xa0, 0xff, 0xf8, 0xc0, 0xa0, 0xff,
    0xf0, 0xc0, 0xa8, 0xff, 0xf0, 0xc0, 0xa0, 0xef, 0xf8, 0xc0, 0xa8, 0x61,
    0x00, 0x00, 0x00, 0x00, 0x00, 0x00, 0x00, 0x00, 0x00, 0x00, 0x00, 0x00,
    0x00, 0x00, 0x00, 0x00, 0x00, 0x00, 0x00, 0x00, 0x00, 0x00, 0x00, 0x00,
    0xe8, 0x78, 0x38, 0x28, 0xe0, 0x78, 0x38, 0xdb, 0xe8, 0x78, 0x40, 0xff,
    0xe0, 0x78, 0x38, 0xff, 0xe8, 0x78, 0x38, 0xff, 0xe8, 0x78, 0x38, 0xff,
    0xe0, 0x78, 0x40, 0xff, 0xe8, 0x78, 0x38, 0xff, 0xe8, 0x78, 0x38, 0xff,
    0xe0, 0x78, 0x40, 0xdb, 0xe8, 0x78, 0x38, 0x75, 0xe8, 0x78, 0x40, 0x18,
    0xe0, 0x7c, 0x40, 0x00, 0x00, 0x00, 0x00, 0x00, 0x00, 0x00, 0x00, 0x00,
    0x00, 0x00, 0x00, 0x00, 0x00, 0x00, 0x00, 0x00, 0x00, 0x00, 0x00, 0x00,
    0x00, 0x00, 0x00, 0x00, 0xe8, 0x8c, 0x58, 0x24, 0xe8, 0x8c, 0x58, 0xc3,
    0xe8, 0x8c, 0x58, 0x8a, 0xe8, 0x8c, 0x58, 0x24, 0xe8, 0x90, 0x58, 0x04,
    0x00, 0x00, 0x00, 0x00, 0x00, 0x00, 0x00, 0x00, 0x00, 0x00, 0x00, 0x00,
    0x00, 0x00, 0x00, 0x00, 0x00, 0x00, 0x00, 0x00, 0x00, 0x00, 0x00, 0x00,
    0x00, 0x00, 0x00, 0x00, 0x00, 0x00, 0x00, 0x00, 0x00, 0x00, 0x00, 0x00,
    0x00, 0x00, 0x00, 0x00, 0x00, 0x00, 0x00, 0x00, 0x00, 0x00, 0x00, 0x00,
    0x00, 0x00, 0x00, 0x00, 0x00, 0x00, 0x00, 0x00, 0x00, 0x00, 0x00, 0x00,
    0x00, 0x00, 0x00, 0x00, 0x00, 0x00, 0x00, 0x00, 0x00, 0x00, 0x00, 0x00,
    0xf0, 0xb0, 0x88, 0x04, 0xf0, 0xb0, 0x88, 0x24, 0xf0, 0xb0, 0x90, 0x8a,
    0xf0, 0xb0, 0x88, 0xbe, 0xf0, 0xb0, 0x88, 0x24, 0x00, 0x00, 0x00, 0x00,
    0x00, 0x00, 0x00, 0x00, 0x00, 0x00, 0x00, 0x00, 0x00, 0x00, 0x00, 0x00,
    0x00, 0x00, 0x00, 0x00, 0x00, 0x00, 0x00, 0x00, 0xf8, 0xc0, 0xa0, 0x00,
    0xf0, 0xc0, 0xa8, 0x18, 0xf0, 0xc0, 0xa8, 0x75, 0xf8, 0xc0, 0xa0, 0xdb,
    0xf0, 0xc0, 0xa8, 0xfb, 0xf0, 0xc0, 0xa0, 0xff, 0xf8, 0xc0, 0xa0, 0xff,
    0xf0, 0xc0, 0xa8, 0xff, 0xf0, 0xc0, 0xa0, 0xff, 0xf8, 0xc0, 0xa8, 0xff,
    0xf0, 0xc0, 0xa0, 0xff, 0xf0, 0xc0, 0xa8, 0xdb, 0xf0, 0xc0, 0xa0, 0x28,
    0x00, 0x00, 0x00, 0x00, 0x00, 0x00, 0x00, 0x00, 0x00, 0x00, 0x00, 0x00,
    0x00, 0x00, 0x00, 0x00, 0x00, 0x00, 0x00, 0x00, 0x00, 0x00, 0x00, 0x00,
    0xe8, 0x7c, 0x40, 0x00, 0xe8, 0x78, 0x38, 0x75, 0xe0, 0x78, 0x38, 0xfb,
    0xe8, 0x78, 0x40, 0xff, 0xe8, 0x78, 0x38, 0xff, 0xe0, 0x78, 0x38, 0xff,
    0xe8, 0x78, 0x38, 0xff, 0xe8, 0x78, 0x38, 0xeb, 0xe0, 0x78, 0x38, 0x92,
    0xe8, 0x7c, 0x40, 0x2c, 0xe8, 0x7c, 0x40, 0x00, 0x00, 0x00, 0x00, 0x00,
    0x00, 0x00, 0x00, 0x00, 0x00, 0x00, 0x00, 0x00, 0x00, 0x00, 0x00, 0x00,
    0x00, 0x00, 0x00, 0x00, 0x00, 0x00, 0x00, 0x00, 0x00, 0x00, 0x00, 0x00,
    0xe8, 0x8c, 0x58, 0x04, 0xe8, 0x8c, 0x58, 0x8e, 0xe8, 0x8c, 0x58, 0xfb,
    0xe8, 0x8c, 0x58, 0xfb, 0xe8, 0x8c, 0x58, 0xd3, 0xe8, 0x8c, 0x58, 0x69,
    0xe8, 0x8c, 0x58, 0x14, 0x00, 0x00, 0x00, 0x00, 0x00, 0x00, 0x00, 0x00,
    0x00, 0x00, 0x00, 0x00, 0x00, 0x00, 0x00, 0x00, 0x00, 0x00, 0x00, 0x00,
    0x00, 0x00, 0x00, 0x00, 0x00, 0x00, 0x00, 0x00, 0x00, 0x00, 0x00, 0x00,
    0x00, 0x00, 0x00, 0x00, 0x00, 0x00, 0x00, 0x00, 0x00, 0x00, 0x00, 0x00,
    0x00, 0x00, 0x00, 0x00, 0x00, 0x00, 0x00, 0x00, 0x00, 0x00, 0x00, 0x00,
    0x00, 0x00, 0x00, 0x00, 0x00, 0x00, 0x00, 0x00, 0xf0, 0xb0, 0x88, 0x14,
    0xf0, 0xb0, 0x90, 0x69, 0xf0, 0xb0, 0x90, 0xd3, 0xf0, 0xb0, 0x90, 0xfb,
    0xf0, 0xb0, 0x90, 0xff, 0xf0, 0xb0, 0x88, 0x8a, 0xf0, 0xb0, 0x90, 0x04,
    0x00, 0x00, 0x00, 0x00, 0x00, 0x00, 0x00, 0x00, 0x00, 0x00, 0x00, 0x00,
    0x00, 0x00, 0x00, 0x00, 0x00, 0x00, 0x00, 0x00, 0x00, 0x00, 0x00, 0x00,
    0x00, 0x00, 0x00, 0x00, 0xf8, 0xc4, 0xa0, 0x00, 0xf0, 0xc0, 0xa8, 0x28,
    0xf0, 0xc0, 0xa8, 0x92, 0xf8, 0xc0, 0xa0, 0xeb, 0xf0, 0xc0, 0xa8, 0xff,
    0xf0, 0xc0, 0xa0, 0xff, 0xf8, 0xc0, 0xa8, 0xff, 0xf0, 0xc0, 0xa8, 0xff,
    0xf8, 0xc0, 0xa0, 0xfb, 0xf8, 0xc0, 0xa8, 0x71, 0xf0, 0xc0, 0xa0, 0x00,
    0x00, 0x00, 0x00, 0x00, 0x00, 0x00, 0x00, 0x00, 0x00, 0x00, 0x00, 0x00,
    0x00, 0x00, 0x00, 0x00, 0x00, 0x00, 0x00, 0x00, 0x00, 0x00, 0x00, 0x00,
    0x00, 0x00, 0x00, 0x00, 0xe0, 0x78, 0x40, 0x18, 0xe8, 0x78, 0x38, 0xc3,
    0xe8, 0x78, 0x38, 0xff, 0xe0, 0x78, 0x38, 0xff, 0xe0, 0x78, 0x40, 0xf3,
    0xe8, 0x78, 0x38, 0xb2, 0xe8, 0x7c, 0x40, 0x41, 0xe8, 0x7c, 0x40, 0x08,
    0x00, 0x00, 0x00, 0x00, 0x00, 0x00, 0x00, 0x00, 0x00, 0x00, 0x00, 0x00,
    0x00, 0x00, 0x00, 0x00, 0x00, 0x00, 0x00, 0x00, 0x00, 0x00, 0x00, 0x00,
    0x00, 0x00, 0x00, 0x00, 0x00, 0x00, 0x00, 0x00, 0x00, 0x00, 0x00, 0x00,
    0xe8, 0x8c, 0x58, 0x3c, 0xe8, 0x8c, 0x58, 0xe7, 0xe8, 0x8c, 0x58, 0xff,
    0xe8, 0x8c, 0x58, 0xff, 0xe8, 0x8c, 0x58, 0xff, 0xe8, 0x8c, 0x58, 0xf7,
    0xe8, 0x8c, 0x58, 0xbe, 0xe8, 0x8c, 0x58, 0x34, 0x00, 0x00, 0x00, 0x00,
    0x00, 0x00, 0x00, 0x00, 0x00, 0x00, 0x00, 0x00, 0x00, 0x00, 0x00, 0x00,
    0x00, 0x00, 0x00, 0x00, 0x00, 0x00, 0x00, 0x00, 0x00, 0x00, 0x00, 0x00,
    0x00, 0x00, 0x00, 0x00, 0x00, 0x00, 0x00, 0x00, 0x00, 0x00, 0x00, 0x00,
    0x00, 0x00, 0x00, 0x00, 0x00, 0x00, 0x00, 0x00, 0x00, 0x00, 0x00, 0x00,
    0x00, 0x00, 0x00, 0x00, 0xf0, 0xb0, 0x88, 0x34, 0xf0, 0xb0, 0x90, 0xbe,
    0xf0, 0xb0, 0x88, 0xf7, 0xf0, 0xb0, 0x88, 0xff, 0xf0, 0xb0, 0x88, 0xff,
    0xf0, 0xb0, 0x90, 0xff, 0xf0, 0xb0, 0x90, 0xe7, 0xf0, 0xb0, 0x88, 0x3c,
    0x00, 0x00, 0x00, 0x00, 0x00, 0x00, 0x00, 0x00, 0x00, 0x00, 0x00, 0x00,
    0x00, 0x00, 0x00, 0x00, 0x00, 0x00, 0x00, 0x00, 0x00, 0x00, 0x00, 0x00,
    0x00, 0x00, 0x00, 0x00, 0x00, 0x00, 0x00, 0x00, 0x00, 0x00, 0x00, 0x00,
    0xf8, 0xc0, 0xa0, 0x08, 0xf0, 0xc4, 0xa8, 0x41, 0xf0, 0xc0, 0xa8, 0xb2,
    0xf8, 0xc0, 0xa0, 0xf3, 0xf0, 0xc0, 0xa0, 0xff, 0xf0, 0xc0, 0xa8, 0xff,
    0xf0, 0xc0, 0xa0, 0xc3, 0xf8, 0xc4, 0xa0, 0x18, 0x00, 0x00, 0x00, 0x00,
    0x00, 0x00, 0x00, 0x00, 0x00, 0x00, 0x00, 0x00, 0x00, 0x00, 0x00, 0x00,
    0x00, 0x00, 0x00, 0x00, 0x00, 0x00, 0x00, 0x00, 0x00, 0x00, 0x00, 0x00,
    0x00, 0x00, 0x00, 0x00, 0xe8, 0x7c, 0x40, 0x00, 0xe0, 0x78, 0x40, 0x55,
    0xe8, 0x78, 0x38, 0xef, 0xe8, 0x78, 0x38, 0xcb, 0xe8, 0x78, 0x40, 0x5d,
    0xe0, 0x78, 0x40, 0x10, 0x00, 0x00, 0x00, 0x00, 0x00, 0x00, 0x00, 0x00,
    0x00, 0x00, 0x00, 0x00, 0x00, 0x00, 0x00, 0x00, 0x00, 0x00, 0x00, 0x00,
    0x00, 0x00, 0x00, 0x00, 0x00, 0x00, 0x00, 0x00, 0x00, 0x00, 0x00, 0x00,
    0x00, 0x00, 0x00, 0x00, 0x00, 0x00, 0x00, 0x00, 0xe8, 0x8c, 0x58, 0x0c,
    0xe8, 0x8c, 0x58, 0xaa, 0xe8, 0x8c, 0x58, 0xff, 0xe8, 0x8c, 0x58, 0xff,
    0xe8, 0x8c, 0x58, 0xff, 0xe8, 0x8c, 0x58, 0xff, 0xe8, 0x8c, 0x58, 0xff,
    0xe8, 0x8c, 0x58, 0xef, 0xe8, 0x8c, 0x58, 0x41, 0x00, 0x00, 0x00, 0x00,
    0x00, 0x00, 0x00, 0x00, 0x00, 0x00, 0x00, 0x00, 0xe8, 0xa0, 0x70, 0x04,
    0xf0, 0xa0, 0x70, 0x1c, 0xe8, 0xa0, 0x70, 0x20, 0xe8, 0xa0, 0x70, 0x20,
    0xf0, 0xa0, 0x70, 0x20, 0xe8, 0xa0, 0x70, 0x20, 0xf0, 0xa0, 0x70, 0x1c,
    0xe8, 0xa0, 0x70, 0x04, 0x00, 0x00, 0x00, 0x00, 0x00, 0x00, 0x00, 0x00,
    0x00, 0x00, 0x00, 0x00, 0xf0, 0xb0, 0x88, 0x41, 0xf0, 0xb0, 0x90, 0xeb,
    0xf0, 0xb0, 0x90, 0xff, 0xf0, 0xb0, 0x88, 0xff, 0xf0, 0xb0, 0x88, 0xff,
    0xf0, 0xb0, 0x90, 0xff, 0xf0, 0xb0, 0x88, 0xff, 0xf0, 0xb0, 0x88, 0xaa,
    0xf0, 0xb0, 0x90, 0x0c, 0x00, 0x00, 0x00, 0x00, 0x00, 0x00, 0x00, 0x00,
    0x00, 0x00, 0x00, 0x00, 0x00, 0x00, 0x00, 0x00, 0x00, 0x00, 0x00, 0x00,
    0x00, 0x00, 0x00, 0x00, 0x00, 0x00, 0x00, 0x00, 0x00, 0x00, 0x00, 0x00,
    0x00, 0x00, 0x00, 0x00, 0x00, 0x00, 0x00, 0x00, 0xf8, 0xc0, 0xa0, 0x10,
    0xf0, 0xc0, 0xa8, 0x5d, 0xf8, 0xc0, 0xa8, 0xcb, 0xf0, 0xc0, 0xa0, 0xef,
    0xf0, 0xc0, 0xa8, 0x55, 0xf0, 0xc0, 0xa8, 0x00, 0x00, 0x00, 0x00, 0x00,
    0x00, 0x00, 0x00, 0x00, 0x00, 0x00, 0x00, 0x00, 0x00, 0x00, 0x00, 0x00,
    0x00, 0x00, 0x00, 0x00, 0x00, 0x00, 0x00, 0x00, 0x00, 0x00, 0x00, 0x00,
    0x00, 0x00, 0x00, 0x00, 0x00, 0x00, 0x00, 0x00, 0xe8, 0x78, 0x40, 0x0c,
    0xe0, 0x78, 0x38, 0x55, 0xe8, 0x7c, 0x40, 0x1c, 0xe8, 0x7c, 0x40, 0x00,
    0x00, 0x00, 0x00, 0x00, 0x00, 0x00, 0x00, 0x00, 0x00, 0x00, 0x00, 0x00,
    0x00, 0x00, 0x00, 0x00, 0x00, 0x00, 0x00, 0x00, 0x00, 0x00, 0x00, 0x00,
    0x00, 0x00, 0x00, 0x00, 0x00, 0x00, 0x00, 0x00, 0x00, 0x00, 0x00, 0x00,
    0x00, 0x00, 0x00, 0x00, 0xe8, 0x90, 0x58, 0x00, 0xe8, 0x8c, 0x58, 0x55,
    0xe8, 0x8c, 0x58, 0xf3, 0xe8, 0x8c, 0x58, 0xff, 0xe8, 0x8c, 0x58, 0xff,
    0xe8, 0x8c, 0x58, 0xff, 0xe8, 0x8c, 0x58, 0xff, 0xe8, 0x8c, 0x58, 0xff,
    0xe8, 0x8c, 0x58, 0x9a, 0xe8, 0x8c, 0x58, 0x08, 0x00, 0x00, 0x00, 0x00,
    0x00, 0x00, 0x00, 0x00, 0x00, 0x00, 0x00, 0x00, 0xf0, 0xa0, 0x70, 0x1c,
    0xf0, 0xa0, 0x70, 0xc3, 0xf0, 0xa0, 0x78, 0xdf, 0xf0, 0xa0, 0x78, 0xe3,
    0xf0, 0xa0, 0x70, 0xdf, 0xe8, 0xa0, 0x78, 0xdf, 0xf0, 0xa0, 0x70, 0xc3,
    0xf0, 0xa0, 0x70, 0x1c, 0x00, 0x00, 0x00, 0x00, 0x00, 0x00, 0x00, 0x00,
    0x00, 0x00, 0x00, 0x00, 0xf0, 0xb0, 0x90, 0x08, 0xf0, 0xb0, 0x88, 0x96,
    0xf0, 0xb0, 0x90, 0xff, 0xf0, 0xb0, 0x90, 0xff, 0xf0, 0xb0, 0x88, 0xff,
    0xf0, 0xb0, 0x90, 0xff, 0xf0, 0xb0, 0x90, 0xff, 0xf0, 0xb0, 0x88, 0xf3,
    0xf0, 0xb0, 0x90, 0x55, 0xf0, 0xb0, 0x90, 0x00, 0x00, 0x00, 0x00, 0x00,
    0x00, 0x00, 0x00, 0x00, 0x00, 0x00, 0x00, 0x00, 0x00, 0x00, 0x00, 0x00,
    0x00, 0x00, 0x00, 0x00, 0x00, 0x00, 0x00, 0x00, 0x00, 0x00, 0x00, 0x00,
    0x00, 0x00, 0x00, 0x00, 0x00, 0x00, 0x00, 0x00, 0x00, 0x00, 0x00, 0x00,
    0xf0, 0xc0, 0xa0, 0x00, 0xf8, 0xc0, 0xa8, 0x1c, 0xf8, 0xc4, 0xa0, 0x51,
    0xf0, 0xc0, 0xa0, 0x0c, 0x00, 0x00, 0x00, 0x00, 0x00, 0x00, 0x00, 0x00,
    0x00, 0x00, 0x00, 0x00, 0x00, 0x00, 0x00, 0x00, 0x00, 0x00, 0x00, 0x00,
    0x00, 0x00, 0x00, 0x00, 0x00, 0x00, 0x00, 0x00, 0x00, 0x00, 0x00, 0x00,
    0x00, 0x00, 0x00, 0x00, 0x00, 0x00, 0x00, 0x00, 0x00, 0x00, 0x00, 0x00,
    0x00, 0x00, 0x00, 0x00, 0x00, 0x00, 0x00, 0x00, 0x00, 0x00, 0x00, 0x00,
    0x00, 0x00, 0x00, 0x00, 0x00, 0x00, 0x00, 0x00, 0x00, 0x00, 0x00, 0x00,
    0x00, 0x00, 0x00, 0x00, 0x00, 0x00, 0x00, 0x00, 0x00, 0x00, 0x00, 0x00,
    0x00, 0x00, 0x00, 0x00, 0x00, 0x00, 0x00, 0x00, 0x00, 0x00, 0x00, 0x00,
    0x00, 0x00, 0x00, 0x00, 0xe8, 0x8c, 0x58, 0x18, 0xe8, 0x8c, 0x58, 0xc7,
    0xe8, 0x8c, 0x58, 0xff, 0xe8, 0x8c, 0x58, 0xff, 0xe8, 0x8c, 0x58, 0xff,
    0xf0, 0x8c, 0x58, 0xff, 0xe8, 0x8c, 0x50, 0xff, 0xe8, 0x8c, 0x58, 0xdf,
    0xe8, 0x8c, 0x58, 0x2c, 0x00, 0x00, 0x00, 0x00, 0x00, 0x00, 0x00, 0x00,
    0x00, 0x00, 0x00, 0x00, 0x00, 0x00, 0x00, 0x00, 0xe8, 0xa0, 0x70, 0x20,
    0xf0, 0xa0, 0x70, 0xdf, 0xe8, 0xa0, 0x70, 0xff, 0xf0, 0x9c, 0x70, 0xff,
    0xe8, 0xa0, 0x70, 0xff, 0xf0, 0xa0, 0x70, 0xff, 0xf0, 0x9c, 0x78, 0xdf,
    0xe8, 0xa0, 0x70, 0x20, 0x00, 0x00, 0x00, 0x00, 0x00, 0x00, 0x00, 0x00,
    0x00, 0x00, 0x00, 0x00, 0x00, 0x00, 0x00, 0x00, 0xf0, 0xb0, 0x88, 0x2c,
    0xf0, 0xb0, 0x88, 0xdf, 0xf0, 0xb0, 0x90, 0xff, 0xf0, 0xb0, 0x88, 0xff,
    0xf0, 0xb0, 0x88, 0xff, 0xf0, 0xb0, 0x90, 0xff, 0xf0, 0xb0, 0x88, 0xff,
    0xf0, 0xb0, 0x88, 0xc3, 0xf0, 0xb0, 0x88, 0x18, 0x00, 0x00, 0x00, 0x00,
    0x00, 0x00, 0x00, 0x00, 0x00, 0x00, 0x00, 0x00, 0x00, 0x00, 0x00, 0x00,
    0x00, 0x00, 0x00, 0x00, 0x00, 0x00, 0x00, 0x00, 0x00, 0x00, 0x00, 0x00,
    0x00, 0x00, 0x00, 0x00, 0x00, 0x00, 0x00, 0x00, 0x00, 0x00, 0x00, 0x00,
    0x00, 0x00, 0x00, 0x00, 0x00, 0x00, 0x00, 0x00, 0x00, 0x00, 0x00, 0x00,
    0x00, 0x00, 0x00, 0x00, 0x00, 0x00, 0x00, 0x00, 0x00, 0x00, 0x00, 0x00,
    0x00, 0x00, 0x00, 0x00, 0x00, 0x00, 0x00, 0x00, 0x00, 0x00, 0x00, 0x00,
    0x00, 0x00, 0x00, 0x00, 0x00, 0x00, 0x00, 0x00, 0x00, 0x00, 0x00, 0x00,
    0x00, 0x00, 0x00, 0x00, 0x00, 0x00, 0x00, 0x00, 0x00, 0x00, 0x00, 0x00,
    0x00, 0x00, 0x00, 0x00, 0x00, 0x00, 0x00, 0x00, 0x00, 0x00, 0x00, 0x00,
    0x00, 0x00, 0x00, 0x00, 0x00, 0x00, 0x00, 0x00, 0x00, 0x00, 0x00, 0x00,
    0x00, 0x00, 0x00, 0x00, 0x00, 0x00, 0x00, 0x00, 0x00, 0x00, 0x00, 0x00,
    0x00, 0x00, 0x00, 0x00, 0x00, 0x00, 0x00, 0x00, 0x00, 0x00, 0x00, 0x00,
    0xe8, 0x90, 0x58, 0x04, 0xe8, 0x8c, 0x58, 0x75, 0xe8, 0x8c, 0x58, 0xfb,
    0xe8, 0x8c, 0x58, 0xff, 0xe8, 0x8c, 0x58, 0xff, 0xe8, 0x8c, 0x58, 0xff,
    0xe8, 0x8c, 0x58, 0xff, 0xe8, 0x8c, 0x58, 0xfb, 0xe8, 0x90, 0x58, 0x79,
    0xf0, 0x8c, 0x58, 0x04, 0x00, 0x00, 0x00, 0x00, 0x00, 0x00, 0x00, 0x00,
    0x00, 0x00, 0x00, 0x00, 0x00, 0x00, 0x00, 0x00, 0xf0, 0xa0, 0x70, 0x1c,
    0xe8, 0xa0, 0x78, 0xdb, 0xf0, 0x9c, 0x70, 0xff, 0xe8, 0xa0, 0x70, 0xff,
    0xf0, 0xa0, 0x70, 0xff, 0xf0, 0xa0, 0x70, 0xff, 0xe8, 0xa0, 0x70, 0xdf,
    0xf0, 0xa0, 0x78, 0x1c, 0x00, 0x00, 0x00, 0x00, 0x00, 0x00, 0x00, 0x00,
    0x00, 0x00, 0x00, 0x00, 0x00, 0x00, 0x00, 0x00, 0xf0, 0xb0, 0x90, 0x04,
    0xf0, 0xb0, 0x88, 0x75, 0xf0, 0xb0, 0x90, 0xfb, 0xf0, 0xb0, 0x90, 0xff,
    0xf0, 0xb0, 0x88, 0xff, 0xf0, 0xb0, 0x90, 0xff, 0xf0, 0xb0, 0x90, 0xff,
    0xf0, 0xb0, 0x88, 0xfb, 0xf0, 0xb0, 0x90, 0x75, 0xf0, 0xb0, 0x90, 0x04,
    0x00, 0x00, 0x00, 0x00, 0x00, 0x00, 0x00, 0x00, 0x00, 0x00, 0x00, 0x00,
    0x00, 0x00, 0x00, 0x00, 0x00, 0x00, 0x00, 0x00, 0x00, 0x00, 0x00, 0x00,
    0x00, 0x00, 0x00, 0x00, 0x00, 0x00, 0x00, 0x00, 0x00, 0x00, 0x00, 0x00,
    0x00, 0x00, 0x00, 0x00, 0x00, 0x00, 0x00, 0x00, 0x00, 0x00, 0x00, 0x00,
    0x00, 0x00, 0x00, 0x00, 0x00, 0x00, 0x00, 0x00, 0x00, 0x00, 0x00, 0x00,
    0x00, 0x00, 0x00, 0x00, 0x00, 0x00, 0x00, 0x00, 0x00, 0x00, 0x00, 0x00,
    0x00, 0x00, 0x00, 0x00, 0x00, 0x00, 0x00, 0x00, 0x00, 0x00, 0x00, 0x00,
    0x00, 0x00, 0x00, 0x00, 0x00, 0x00, 0x00, 0x00, 0x00, 0x00, 0x00, 0x00,
    0x00, 0x00, 0x00, 0x00, 0x00, 0x00, 0x00, 0x00, 0x00, 0x00, 0x00, 0x00,
    0x00, 0x00, 0x00, 0x00, 0x00, 0x00, 0x00, 0x00, 0x00, 0x00, 0x00, 0x00,
    0x00, 0x00, 0x00, 0x00, 0x00, 0x00, 0x00, 0x00, 0x00, 0x00, 0x00, 0x00,
    0x00, 0x00, 0x00, 0x00, 0x00, 0x00, 0x00, 0x00, 0x00, 0x00, 0x00, 0x00,
    0xe8, 0x8c, 0x58, 0x2c, 0xe8, 0x8c, 0x58, 0xdb, 0xe8, 0x8c, 0x58, 0xff,
    0xe8, 0x8c, 0x58, 0xff, 0xf0, 0x8c, 0x50, 0xff, 0xe8, 0x8c, 0x58, 0xff,
    0xe8, 0x8c, 0x58, 0xff, 0xe8, 0x8c, 0x58, 0xc7, 0xe8, 0x8c, 0x58, 0x1c,
    0x00, 0x00, 0x00, 0x00, 0x00, 0x00, 0x00, 0x00, 0x00, 0x00, 0x00, 0x00,
    0x00, 0x00, 0x00, 0x00, 0x00, 0x00, 0x00, 0x00, 0xf0, 0xa0, 0x70, 0x20,
    0xf0, 0xa0, 0x70, 0xdb, 0xf0, 0xa0, 0x78, 0xff, 0xe8, 0x9c, 0x70, 0xff,
    0xf0, 0xa0, 0x78, 0xff, 0xf0, 0x9c, 0x70, 0xff, 0xe8, 0xa0, 0x70, 0xdb,
    0xf0, 0xa0, 0x70, 0x20, 0x00, 0x00, 0x00, 0x00, 0x00, 0x00, 0x00, 0x00,
    0x00, 0x00, 0x00, 0x00, 0x00, 0x00, 0x00, 0x00, 0x00, 0x00, 0x00, 0x00,
    0xf0, 0xb0, 0x90, 0x18, 0xf0, 0xb0, 0x88, 0xc7, 0xf0, 0xb0, 0x88, 0xff,
    0xf0, 0xb0, 0x90, 0xff, 0xf0, 0xb0, 0x88, 0xff, 0xf0, 0xb0, 0x90, 0xff,
    0xf0, 0xb0, 0x88, 0xff, 0xf0, 0xb0, 0x90, 0xdb, 0xf0, 0xb0, 0x88, 0x28,
    0x00, 0x00, 0x00, 0x00, 0x00, 0x00, 0x00, 0x00, 0x00, 0x00, 0x00, 0x00,
    0x00, 0x00, 0x00, 0x00, 0x00, 0x00, 0x00, 0x00, 0x00, 0x00, 0x00, 0x00,
    0x00, 0x00, 0x00, 0x00, 0x00, 0x00, 0x00, 0x00, 0x00, 0x00, 0x00, 0x00,
    0x00, 0x00, 0x00, 0x00, 0x00, 0x00, 0x00, 0x00, 0x00, 0x00, 0x00, 0x00,
    0x00, 0x00, 0x00, 0x00, 0x00, 0x00, 0x00, 0x00, 0x00, 0x00, 0x00, 0x00,
    0x00, 0x00, 0x00, 0x00, 0x00, 0x00, 0x00, 0x00, 0x00, 0x00, 0x00, 0x00,
    0x00, 0x00, 0x00, 0x00, 0x00, 0x00, 0x00, 0x00, 0x00, 0x00, 0x00, 0x00,
    0x00, 0x00, 0x00, 0x00, 0x00, 0x00, 0x00, 0x00, 0x00, 0x00, 0x00, 0x00,
    0x00, 0x00, 0x00, 0x00, 0x00, 0x00, 0x00, 0x00, 0x00, 0x00, 0x00, 0x00,
    0x00, 0x00, 0x00, 0x00, 0x00, 0x00, 0x00, 0x00, 0x00, 0x00, 0x00, 0x00,
    0x00, 0x00, 0x00, 0x00, 0x00, 0x00, 0x00, 0x00, 0x00, 0x00, 0x00, 0x00,
    0x00, 0x00, 0x00, 0x00, 0x00, 0x00, 0x00, 0x00, 0xe8, 0x8c, 0x58, 0x08,
    0xe8, 0x8c, 0x58, 0x92, 0xe8, 0x8c, 0x58, 0xfb, 0xe8, 0x8c, 0x58, 0xff,
    0xe8, 0x8c, 0x58, 0xff, 0xe8, 0x8c, 0x58, 0xff, 0xe8, 0x8c, 0x58, 0xff,
    0xe8, 0x8c, 0x58, 0xf3, 0xf0, 0x8c, 0x58, 0x59, 0xe8, 0x90, 0x58, 0x00,
    0x00, 0x00, 0x00, 0x00, 0x00, 0x00, 0x00, 0x00, 0x00, 0x00, 0x00, 0x00,
    0x00, 0x00, 0x00, 0x00, 0x00, 0x00, 0x00, 0x00, 0xe8, 0xa0, 0x70, 0x20,
    0xf0, 0xa0, 0x70, 0xdf, 0xe8, 0x9c, 0x70, 0xff, 0xf0, 0xa0, 0x78, 0xff,
    0xe8, 0xa0, 0x70, 0xff, 0xf0, 0xa0, 0x70, 0xff, 0xf0, 0x9c, 0x78, 0xdf,
    0xe8, 0xa0, 0x70, 0x1c, 0x00, 0x00, 0x00, 0x00, 0x00, 0x00, 0x00, 0x00,
    0x00, 0x00, 0x00, 0x00, 0x00, 0x00, 0x00, 0x00, 0x00, 0x00, 0x00, 0x00,
    0xf0, 0xb0, 0x90, 0x00, 0xf0, 0xb0, 0x88, 0x59, 0xf0, 0xb0, 0x90, 0xf3,
    0xf0, 0xb0, 0x88, 0xff, 0xf0, 0xb0, 0x90, 0xff, 0xf0, 0xb0, 0x88, 0xff,
    0xf0, 0xb0, 0x90, 0xff, 0xf0, 0xb0, 0x88, 0xfb, 0xf0, 0xb0, 0x88, 0x96,
    0xf0, 0xb0, 0x90, 0x08, 0x00, 0x00, 0x00, 0x00, 0x00, 0x00, 0x00, 0x00,
    0x00, 0x00, 0x00, 0x00, 0x00, 0x00, 0x00, 0x00, 0x00, 0x00, 0x00, 0x00,
    0x00, 0x00, 0x00, 0x00, 0x00, 0x00, 0x00, 0x00, 0x00, 0x00, 0x00, 0x00,
    0x00, 0x00, 0x00, 0x00, 0x00, 0x00, 0x00, 0x00, 0x00, 0x00, 0x00, 0x00,
    0x00, 0x00, 0x00, 0x00, 0x00, 0x00, 0x00, 0x00, 0x00, 0x00, 0x00, 0x00,
    0x00, 0x00, 0x00, 0x00, 0x00, 0x00, 0x00, 0x00, 0x00, 0x00, 0x00, 0x00,
    0x00, 0x00, 0x00, 0x00, 0x00, 0x00, 0x00, 0x00, 0x00, 0x00, 0x00, 0x00,
    0x00, 0x00, 0x00, 0x00, 0x00, 0x00, 0x00, 0x00, 0x00, 0x00, 0x00, 0x00,
    0x00, 0x00, 0x00, 0x00, 0x00, 0x00, 0x00, 0x00, 0x00, 0x00, 0x00, 0x00,
    0x00, 0x00, 0x00, 0x00, 0x00, 0x00, 0x00, 0x00, 0x00, 0x00, 0x00, 0x00,
    0x00, 0x00, 0x00, 0x00, 0x00, 0x00, 0x00, 0x00, 0x00, 0x00, 0x00, 0x00,
    0x00, 0x00, 0x00, 0x00, 0x00, 0x00, 0x00, 0x00, 0xe8, 0x8c, 0x58, 0x41,
    0xe8, 0x8c, 0x58, 0xeb, 0xe8, 0x8c, 0x58, 0xff, 0xe8, 0x8c, 0x58, 0xff,
    0xe8, 0x8c, 0x58, 0xff, 0xe8, 0x8c, 0x58, 0xff, 0xe8, 0x8c, 0x50, 0xff,
    0xe8, 0x8c, 0x58, 0xae, 0xe8, 0x8c, 0x58, 0x10, 0x00, 0x00, 0x00, 0x00,
    0x00, 0x00, 0x00, 0x00, 0x00, 0x00, 0x00, 0x00, 0x00, 0x00, 0x00, 0x00,
    0x00, 0x00, 0x00, 0x00, 0x00, 0x00, 0x00, 0x00, 0xf0, 0xa0, 0x70, 0x1c,
    0xf0, 0xa0, 0x70, 0xdb, 0xe8, 0xa0, 0x70, 0xff, 0xf0, 0xa0, 0x70, 0xff,
    0xf0, 0xa0, 0x70, 0xff, 0xe8, 0xa0, 0x70, 0xff, 0xf0, 0x9c, 0x78, 0xdf,
    0xf0, 0xa0, 0x70, 0x1c, 0x00, 0x00, 0x00, 0x00, 0x00, 0x00, 0x00, 0x00,
    0x00, 0x00, 0x00, 0x00, 0x00, 0x00, 0x00, 0x00, 0x00, 0x00, 0x00, 0x00,
    0x00, 0x00, 0x00, 0x00, 0xf0, 0xb0, 0x90, 0x0c, 0xf0, 0xb0, 0x88, 0xae,
    0xf0, 0xb0, 0x90, 0xff, 0xf0, 0xb0, 0x88, 0xff, 0xf0, 0xb0, 0x90, 0xff,
    0xf0, 0xb0, 0x88, 0xff, 0xf0, 0xb0, 0x90, 0xff, 0xf0, 0xb0, 0x90, 0xeb,
    0xf0, 0xb0, 0x88, 0x41, 0x00, 0x00, 0x00, 0x00, 0x00, 0x00, 0x00, 0x00,
    0x00, 0x00, 0x00, 0x00, 0x00, 0x00, 0x00, 0x00, 0x00, 0x00, 0x00, 0x00,
    0x00, 0x00, 0x00, 0x00, 0x00, 0x00, 0x00, 0x00, 0x00, 0x00, 0x00, 0x00,
    0x00, 0x00, 0x00, 0x00, 0x00, 0x00, 0x00, 0x00, 0x00, 0x00, 0x00, 0x00,
    0x00, 0x00, 0x00, 0x00, 0x00, 0x00, 0x00, 0x00, 0x00, 0x00, 0x00, 0x00,
    0x00, 0x00, 0x00, 0x00, 0x00, 0x00, 0x00, 0x00, 0x00, 0x00, 0x00, 0x00,
    0x00, 0x00, 0x00, 0x00, 0x00, 0x00, 0x00, 0x00, 0x00, 0x00, 0x00, 0x00,
    0x00, 0x00, 0x00, 0x00, 0x00, 0x00, 0x00, 0x00, 0x00, 0x00, 0x00, 0x00,
    0x00, 0x00, 0x00, 0x00, 0x00, 0x00, 0x00, 0x00, 0x00, 0x00, 0x00, 0x00,
    0x00, 0x00, 0x00, 0x00, 0x00, 0x00, 0x00, 0x00, 0x00, 0x00, 0x00, 0x00,
    0x00, 0x00, 0x00, 0x00, 0x00, 0x00, 0x00, 0x00, 0x00, 0x00, 0x00, 0x00,
    0x00, 0x00, 0x00, 0x00, 0xe8, 0x8c, 0x58, 0x10, 0xe8, 0x8c, 0x58, 0xb2,
    0xe8, 0x8c, 0x58, 0xff, 0xe8, 0x8c, 0x58, 0xff, 0xe8, 0x8c, 0x50, 0xff,
    0xf0, 0x8c, 0x58, 0xff, 0xe8, 0x8c, 0x58, 0xff, 0xe8, 0x8c, 0x58, 0xe7,
    0xe8, 0x8c, 0x58, 0x41, 0x00, 0x00, 0x00, 0x00, 0x00, 0x00, 0x00, 0x00,
    0x00, 0x00, 0x00, 0x00, 0x00, 0x00, 0x00, 0x00, 0x00, 0x00, 0x00, 0x00,
    0x00, 0x00, 0x00, 0x00, 0x00, 0x00, 0x00, 0x00, 0xf0, 0xa0, 0x70, 0x20,
    0xe8, 0x9c, 0x78, 0xdb, 0xf0, 0xa0, 0x78, 0xff, 0xf0, 0x9c, 0x70, 0xff,
    0xe8, 0xa0, 0x70, 0xff, 0xf0, 0xa0, 0x78, 0xff, 0xe8, 0xa0, 0x70, 0xdb,
    0xf0, 0xa0, 0x70, 0x20, 0x00, 0x00, 0x00, 0x00, 0x00, 0x00, 0x00, 0x00,
    0x00, 0x00, 0x00, 0x00, 0x00, 0x00, 0x00, 0x00, 0x00, 0x00, 0x00, 0x00,
    0x00, 0x00, 0x00, 0x00, 0x00, 0x00, 0x00, 0x00, 0xf0, 0xb0, 0x88, 0x3c,
    0xf0, 0xb0, 0x90, 0xeb, 0xf0, 0xb0, 0x88, 0xff, 0xf0, 0xb0, 0x88, 0xff,
    0xf0, 0xb0, 0x90, 0xff, 0xf0, 0xb0, 0x88, 0xff, 0xf0, 0xb0, 0x90, 0xff,
    0xf0, 0xb0, 0x88, 0xb2, 0xf0, 0xb0, 0x88, 0x10, 0x00, 0x00, 0x00, 0x00,
    0x00, 0x00, 0x00, 0x00, 0x00, 0x00, 0x00, 0x00, 0x00, 0x00, 0x00, 0x00,
    0x00, 0x00, 0x00, 0x00, 0x00, 0x00, 0x00, 0x00, 0x00, 0x00, 0x00, 0x00,
    0x00, 0x00, 0x00, 0x00, 0x00, 0x00, 0x00, 0x00, 0x00, 0x00, 0x00, 0x00,
    0x00, 0x00, 0x00, 0x00, 0x00, 0x00, 0x00, 0x00, 0x00, 0x00, 0x00, 0x00,
    0x00, 0x00, 0x00, 0x00, 0x00, 0x00, 0x00, 0x00, 0x00, 0x00, 0x00, 0x00,
    0x00, 0x00, 0x00, 0x00, 0x00, 0x00, 0x00, 0x00, 0x00, 0x00, 0x00, 0x00,
    0x00, 0x00, 0x00, 0x00, 0x00, 0x00, 0x00, 0x00, 0x00, 0x00, 0x00, 0x00,
    0x00, 0x00, 0x00, 0x00, 0x00, 0x00, 0x00, 0x00, 0x00, 0x00, 0x00, 0x00,
    0x00, 0x00, 0x00, 0x00, 0x00, 0x00, 0x00, 0x00, 0x00, 0x00, 0x00, 0x00,
    0x00, 0x00, 0x00, 0x00, 0x00, 0x00, 0x00, 0x00, 0x00, 0x00, 0x00, 0x00,
    0xe8, 0x90, 0x58, 0x00, 0xe8, 0x8c, 0x58, 0x5d, 0xe8, 0x8c, 0x58, 0xf3,
    0xe8, 0x8c, 0x58, 0xff, 0xe8, 0x8c, 0x58, 0xff, 0xe8, 0x8c, 0x58, 0xff,
    0xe8, 0x8c, 0x58, 0xff, 0xe8, 0x8c, 0x58, 0xff, 0xf0, 0x8c, 0x58, 0x8e,
    0xe8, 0x90, 0x58, 0x04, 0x00, 0x00, 0x00, 0x00, 0x00, 0x00, 0x00, 0x00,
    0x00, 0x00, 0x00, 0x00, 0x00, 0x00, 0x00, 0x00, 0x00, 0x00, 0x00, 0x00,
    0x00, 0x00, 0x00, 0x00, 0x00, 0x00, 0x00, 0x00, 0xf0, 0xa0, 0x70, 0x20,
    0xe8, 0xa0, 0x70, 0xdf, 0xf0, 0x9c, 0x70, 0xff, 0xf0, 0xa0, 0x70, 0xff,
    0xe8, 0xa0, 0x78, 0xff, 0xf0, 0x9c, 0x70, 0xff, 0xf0, 0xa0, 0x70, 0xdf,
    0xe8, 0x9c, 0x70, 0x1c, 0x00, 0x00, 0x00, 0x00, 0x00, 0x00, 0x00, 0x00,
    0x00, 0x00, 0x00, 0x00, 0x00, 0x00, 0x00, 0x00, 0x00, 0x00, 0x00, 0x00,
    0x00, 0x00, 0x00, 0x00, 0x00, 0x00, 0x00, 0x00, 0xf0, 0xb0, 0x90, 0x08,
    0xf0, 0xb0, 0x88, 0x8e, 0xf0, 0xb0, 0x90, 0xfb, 0xf0, 0xb0, 0x90, 0xff,
    0xf0, 0xb0, 0x88, 0xff, 0xf0, 0xb0, 0x90, 0xff, 0xf0, 0xb0, 0x88, 0xff,
    0xf0, 0xb0, 0x90, 0xf3, 0xf0, 0xb0, 0x90, 0x5d, 0xf0, 0xb0, 0x90, 0x00,
    0x00, 0x00, 0x00, 0x00, 0x00, 0x00, 0x00, 0x00, 0x00, 0x00, 0x00, 0x00,
    0x00, 0x00, 0x00, 0x00, 0x00, 0x00, 0x00, 0x00, 0x00, 0x00, 0x00, 0x00,
    0x00, 0x00, 0x00, 0x00, 0x00, 0x00, 0x00, 0x00, 0x00, 0x00, 0x00, 0x00,
    0x00, 0x00, 0x00, 0x00, 0x00, 0x00, 0x00, 0x00, 0x00, 0x00, 0x00, 0x00,
    0x00, 0x00, 0x00, 0x00, 0x00, 0x00, 0x00, 0x00, 0x00, 0x00, 0x00, 0x00,
    0x00, 0x00, 0x00, 0x00, 0x00, 0x00, 0x00, 0x00, 0x00, 0x00, 0x00, 0x00,
    0x00, 0x00, 0x00, 0x00, 0x00, 0x00, 0x00, 0x00, 0x00, 0x00, 0x00, 0x00,
    0x00, 0x00, 0x00, 0x00, 0x00, 0x00, 0x00, 0x00, 0x00, 0x00, 0x00, 0x00,
    0x00, 0x00, 0x00, 0x00, 0x00, 0x00, 0x00, 0x00, 0x00, 0x00, 0x00, 0x00,
    0x00, 0x00, 0x00, 0x00, 0x00, 0x00, 0x00, 0x00, 0x00, 0x00, 0x00, 0x00,
    0xe8, 0x8c, 0x58, 0x1c, 0xe8, 0x8c, 0x58, 0xcb, 0xe8, 0x8c, 0x58, 0xff,
    0xe8, 0x8c, 0x58, 0xff, 0xe8, 0x8c, 0x58, 0xff, 0xf0, 0x8c, 0x58, 0xff,
    0xe8, 0x8c, 0x58, 0xff, 0xe8, 0x8c, 0x58, 0xdb, 0xe8, 0x8c, 0x58, 0x28,
    0x00, 0x00, 0x00, 0x00, 0x00, 0x00, 0x00, 0x00, 0x00, 0x00, 0x00, 0x00,
    0x00, 0x00, 0x00, 0x00, 0x00, 0x00, 0x00, 0x00, 0x00, 0x00, 0x00, 0x00,
    0x00, 0x00, 0x00, 0x00, 0x00, 0x00, 0x00, 0x00, 0xf0, 0xa0, 0x70, 0x1c,
    0xf0, 0xa0, 0x70, 0xdb, 0xe8, 0xa0, 0x70, 0xff, 0xf0, 0xa0, 0x78, 0xff,
    0xf0, 0xa0, 0x70, 0xff, 0xe8, 0x9c, 0x70, 0xff, 0xf0, 0xa0, 0x70, 0xdf,
    0xf0, 0xa0, 0x78, 0x1c, 0x00, 0x00, 0x00, 0x00, 0x00, 0x00, 0x00, 0x00,
    0x00, 0x00, 0x00, 0x00, 0x00, 0x00, 0x00, 0x00, 0x00, 0x00, 0x00, 0x00,
    0x00, 0x00, 0x00, 0x00, 0x00, 0x00, 0x00, 0x00, 0x00, 0x00, 0x00, 0x00,
    0xf0, 0xb0, 0x88, 0x28, 0xf0, 0xb0, 0x90, 0xd7, 0xf0, 0xb0, 0x88, 0xff,
    0xf0, 0xb0, 0x90, 0xff, 0xf0, 0xb0, 0x88, 0xff, 0xf0, 0xb0, 0x90, 0xff,
    0xf0, 0xb0, 0x88, 0xff, 0xf0, 0xb0, 0x88, 0xcb, 0xf0, 0xb0, 0x90, 0x1c,
    0x00, 0x00, 0x00, 0x00, 0x00, 0x00, 0x00, 0x00, 0x00, 0x00, 0x00, 0x00,
    0x00, 0x00, 0x00, 0x00, 0x00, 0x00, 0x00, 0x00, 0x00, 0x00, 0x00, 0x00,
    0x00, 0x00, 0x00, 0x00, 0x00, 0x00, 0x00, 0x00, 0x00, 0x00, 0x00, 0x00,
    0x00, 0x00, 0x00, 0x00, 0x00, 0x00, 0x00, 0x00, 0x00, 0x00, 0x00, 0x00,
    0x00, 0x00, 0x00, 0x00, 0x00, 0x00, 0x00, 0x00, 0x00, 0x00, 0x00, 0x00,
    0x00, 0x00, 0x00, 0x00, 0x00, 0x00, 0x00, 0x00, 0x00, 0x00, 0x00, 0x00,
    0x00, 0x00, 0x00, 0x00, 0x00, 0x00, 0x00, 0x00, 0x00, 0x00, 0x00, 0x00,
    0x00, 0x00, 0x00, 0x00, 0x00, 0x00, 0x00, 0x00, 0x00, 0x00, 0x00, 0x00,
    0x00, 0x00, 0x00, 0x00, 0x00, 0x00, 0x00, 0x00, 0x00, 0x00, 0x00, 0x00,
    0x00, 0x00, 0x00, 0x00, 0x00, 0x00, 0x00, 0x00, 0x00, 0x00, 0x00, 0x00,
    0xe8, 0x8c, 0x58, 0x51, 0xe8, 0x8c, 0x58, 0xef, 0xe8, 0x8c, 0x58, 0xff,
    0xe8, 0x8c, 0x58, 0xff, 0xe8, 0x8c, 0x50, 0xff, 0xe8, 0x8c, 0x58, 0xff,
    0xe8, 0x8c, 0x58, 0xf7, 0xe8, 0x8c, 0x58, 0x71, 0xe8, 0x8c, 0x58, 0x00,
    0x00, 0x00, 0x00, 0x00, 0x00, 0x00, 0x00, 0x00, 0x00, 0x00, 0x00, 0x00,
    0x00, 0x00, 0x00, 0x00, 0x00, 0x00, 0x00, 0x00, 0x00, 0x00, 0x00, 0x00,
    0x00, 0x00, 0x00, 0x00, 0x00, 0x00, 0x00, 0x00, 0xf0, 0xa0, 0x70, 0x20,
    0xe8, 0x9c, 0x78, 0xdb, 0xe8, 0xa0, 0x70, 0xff, 0xf0, 0xa0, 0x70, 0xff,
    0xf0, 0x9c, 0x70, 0xff, 0xe8, 0xa0, 0x70, 0xff, 0xe8, 0xa0, 0x78, 0xdb,
    0xf0, 0xa0, 0x70, 0x20, 0x00, 0x00, 0x00, 0x00, 0x00, 0x00, 0x00, 0x00,
    0x00, 0x00, 0x00, 0x00, 0x00, 0x00, 0x00, 0x00, 0x00, 0x00, 0x00, 0x00,
    0x00, 0x00, 0x00, 0x00, 0x00, 0x00, 0x00, 0x00, 0x00, 0x00, 0x00, 0x00,
    0xf0, 0xb0, 0x90, 0x04, 0xf0, 0xb0, 0x88, 0x6d, 0xf0, 0xb0, 0x88, 0xfb,
    0xf0, 0xb0, 0x90, 0xff, 0xf0, 0xb0, 0x88, 0xff, 0xf0, 0xb0, 0x90, 0xff,
    0xf0, 0xb0, 0x88, 0xff, 0xf0, 0xb0, 0x88, 0xef, 0xf0, 0xb0, 0x90, 0x55,
    0x00, 0x00, 0x00, 0x00, 0x00, 0x00, 0x00, 0x00, 0x00, 0x00, 0x00, 0x00,
    0x00, 0x00, 0x00, 0x00, 0x00, 0x00, 0x00, 0x00, 0x00, 0x00, 0x00, 0x00,
    0x00, 0x00, 0x00, 0x00, 0x00, 0x00, 0x00, 0x00, 0x00, 0x00, 0x00, 0x00,
    0x00, 0x00, 0x00, 0x00, 0x00, 0x00, 0x00, 0x00, 0x00, 0x00, 0x00, 0x00,
    0x00, 0x00, 0x00, 0x00, 0x00, 0x00, 0x00, 0x00, 0x00, 0x00, 0x00, 0x00,
    0x00, 0x00, 0x00, 0x00, 0x00, 0x00, 0x00, 0x00, 0x00, 0x00, 0x00, 0x00,
    0x00, 0x00, 0x00, 0x00, 0x00, 0x00, 0x00, 0x00, 0x00, 0x00, 0x00, 0x00,
    0x00, 0x00, 0x00, 0x00, 0x00, 0x00, 0x00, 0x00, 0x00, 0x00, 0x00, 0x00,
    0x00, 0x00, 0x00, 0x00, 0x00, 0x00, 0x00, 0x00, 0x00, 0x00, 0x00, 0x00,
    0x00, 0x00, 0x00, 0x00, 0x00, 0x00, 0x00, 0x00, 0x00, 0x00, 0x00, 0x00,
    0xe8, 0x8c, 0x58, 0x0c, 0xe8, 0x8c, 0x58, 0x55, 0xe8, 0x8c, 0x58, 0xc3,
    0xe8, 0x8c, 0x58, 0xfb, 0xe8, 0x8c, 0x58, 0xff, 0xe8, 0x8c, 0x58, 0xff,
    0xe8, 0x8c, 0x58, 0xc3, 0xe8, 0x8c, 0x58, 0x18, 0x00, 0x00, 0x00, 0x00,
    0x00, 0x00, 0x00, 0x00, 0x00, 0x00, 0x00, 0x00, 0x00, 0x00, 0x00, 0x00,
    0x00, 0x00, 0x00, 0x00, 0x00, 0x00, 0x00, 0x00, 0x00, 0x00, 0x00, 0x00,
    0x00, 0x00, 0x00, 0x00, 0x00, 0x00, 0x00, 0x00, 0xf0, 0xa0, 0x70, 0x20,
    0xf0, 0xa0, 0x70, 0xdf, 0xe8, 0x9c, 0x78, 0xff, 0xf0, 0xa0, 0x70, 0xff,
    0xf0, 0xa0, 0x70, 0xff, 0xe8, 0xa0, 0x78, 0xff, 0xf0, 0x9c, 0x70, 0xdf,
    0xf0, 0xa0, 0x70, 0x1c, 0x00, 0x00, 0x00, 0x00, 0x00, 0x00, 0x00, 0x00,
    0x00, 0x00, 0x00, 0x00, 0x00, 0x00, 0x00, 0x00, 0x00, 0x00, 0x00, 0x00,
    0x00, 0x00, 0x00, 0x00, 0x00, 0x00, 0x00, 0x00, 0x00, 0x00, 0x00, 0x00,
    0x00, 0x00, 0x00, 0x00, 0xf0, 0xb0, 0x90, 0x14, 0xf0, 0xb0, 0x90, 0xc3,
    0xf0, 0xb0, 0x88, 0xff, 0xf0, 0xb0, 0x90, 0xff, 0xf0, 0xb0, 0x90, 0xfb,
    0xf0, 0xb0, 0x90, 0xc3, 0xf0, 0xb0, 0x88, 0x55, 0xf0, 0xb0, 0x88, 0x0c,
    0x00, 0x00, 0x00, 0x00, 0x00, 0x00, 0x00, 0x00, 0x00, 0x00, 0x00, 0x00,
    0x00, 0x00, 0x00, 0x00, 0x00, 0x00, 0x00, 0x00, 0x00, 0x00, 0x00, 0x00,
    0x00, 0x00, 0x00, 0x00, 0x00, 0x00, 0x00, 0x00, 0x00, 0x00, 0x00, 0x00,
    0x00, 0x00, 0x00, 0x00, 0x00, 0x00, 0x00, 0x00, 0x00, 0x00, 0x00, 0x00,
    0x00, 0x00, 0x00, 0x00, 0x00, 0x00, 0x00, 0x00, 0x00, 0x00, 0x00, 0x00,
    0x00, 0x00, 0x00, 0x00, 0x00, 0x00, 0x00, 0x00, 0x00, 0x00, 0x00, 0x00,
    0x00, 0x00, 0x00, 0x00, 0x00, 0x00, 0x00, 0x00, 0x00, 0x00, 0x00, 0x00,
    0x00, 0x00, 0x00, 0x00, 0x00, 0x00, 0x00, 0x00, 0x00, 0x00, 0x00, 0x00,
    0x00, 0x00, 0x00, 0x00, 0x00, 0x00, 0x00, 0x00, 0x00, 0x00, 0x00, 0x00,
    0x00, 0x00, 0x00, 0x00, 0x00, 0x00, 0x00, 0x00, 0x00, 0x00, 0x00, 0x00,
    0x00, 0x00, 0x00, 0x00, 0xe8, 0x90, 0x58, 0x00, 0xe8, 0x8c, 0x58, 0x18,
    0xf0, 0x8c, 0x58, 0x75, 0xe8, 0x8c, 0x58, 0xdb, 0xe8, 0x8c, 0x58, 0xef,
    0xf0, 0x8c, 0x58, 0x51, 0x00, 0x00, 0x00, 0x00, 0x00, 0x00, 0x00, 0x00,
    0x00, 0x00, 0x00, 0x00, 0x00, 0x00, 0x00, 0x00, 0x00, 0x00, 0x00, 0x00,
    0x00, 0x00, 0x00, 0x00, 0x00, 0x00, 0x00, 0x00, 0x00, 0x00, 0x00, 0x00,
    0x00, 0x00, 0x00, 0x00, 0x00, 0x00, 0x00, 0x00, 0xf0, 0xa0, 0x70, 0x1c,
    0xf0, 0xa0, 0x70, 0xdb, 0xe8, 0xa0, 0x70, 0xff, 0xf0, 0x9c, 0x78, 0xff,
    0xf0, 0xa0, 0x70, 0xff, 0xe8, 0xa0, 0x70, 0xff, 0xf0, 0xa0, 0x70, 0xdf,
    0xe8, 0x9c, 0x70, 0x1c, 0x00, 0x00, 0x00, 0x00, 0x00, 0x00, 0x00, 0x00,
    0x00, 0x00, 0x00, 0x00, 0x00, 0x00, 0x00, 0x00, 0x00, 0x00, 0x00, 0x00,
    0x00, 0x00, 0x00, 0x00, 0x00, 0x00, 0x00, 0x00, 0x00, 0x00, 0x00, 0x00,
    0x00, 0x00, 0x00, 0x00, 0x00, 0x00, 0x00, 0x00, 0xf0, 0xb0, 0x88, 0x51,
    0xf0, 0xb0, 0x88, 0xef, 0xf0, 0xb0, 0x88, 0xdb, 0xf0, 0xb0, 0x90, 0x71,
    0xf0, 0xb0, 0x88, 0x18, 0xf0, 0xb0, 0x90, 0x00, 0x00, 0x00, 0x00, 0x00,
    0x00, 0x00, 0x00, 0x00, 0x00, 0x00, 0x00, 0x00, 0x00, 0x00, 0x00, 0x00,
    0x00, 0x00, 0x00, 0x00, 0x00, 0x00, 0x00, 0x00, 0x00, 0x00, 0x00, 0x00,
    0x00, 0x00, 0x00, 0x00, 0x00, 0x00, 0x00, 0x00, 0x00, 0x00, 0x00, 0x00,
    0x00, 0x00, 0x00, 0x00, 0x00, 0x00, 0x00, 0x00, 0x00, 0x00, 0x00, 0x00,
    0x00, 0x00, 0x00, 0x00, 0x00, 0x00, 0x00, 0x00, 0x00, 0x00, 0x00, 0x00,
    0x00, 0x00, 0x00, 0x00, 0x00, 0x00, 0x00, 0x00, 0x00, 0x00, 0x00, 0x00,
    0x00, 0x00, 0x00, 0x00, 0x00, 0x00, 0x00, 0x00, 0x00, 0x00, 0x00, 0x00,
    0x00, 0x00, 0x00, 0x00, 0x00, 0x00, 0x00, 0x00, 0x00, 0x00, 0x00, 0x00,
    0x00, 0x00, 0x00, 0x00, 0x00, 0x00, 0x00, 0x00, 0x00, 0x00, 0x00, 0x00,
    0x00, 0x00, 0x00, 0x00, 0x00, 0x00, 0x00, 0x00, 0x00, 0x00, 0x00, 0x00,
    0x00, 0x00, 0x00, 0x00, 0x00, 0x00, 0x00, 0x00, 0x00, 0x00, 0x00, 0x00,
    0xe8, 0x90, 0x58, 0x04, 0xe8, 0x8c, 0x58, 0x28, 0xe8, 0x8c, 0x58, 0x61,
    0xe8, 0x90, 0x58, 0x0c, 0x00, 0x00, 0x00, 0x00, 0x00, 0x00, 0x00, 0x00,
    0x00, 0x00, 0x00, 0x00, 0x00, 0x00, 0x00, 0x00, 0x00, 0x00, 0x00, 0x00,
    0x00, 0x00, 0x00, 0x00, 0x00, 0x00, 0x00, 0x00, 0x00, 0x00, 0x00, 0x00,
    0x00, 0x00, 0x00, 0x00, 0x00, 0x00, 0x00, 0x00, 0xe8, 0xa0, 0x70, 0x1c,
    0xf0, 0xa0, 0x78, 0xdf, 0xe8, 0xa0, 0x70, 0xff, 0xf0, 0xa0, 0x70, 0xff,
    0xf0, 0x9c, 0x70, 0xff, 0xe8, 0xa0, 0x78, 0xff, 0xf0, 0xa0, 0x70, 0xdb,
    0xf0, 0xa0, 0x70, 0x20, 0x00, 0x00, 0x00, 0x00, 0x00, 0x00, 0x00, 0x00,
    0x00, 0x00, 0x00, 0x00, 0x00, 0x00, 0x00, 0x00, 0x00, 0x00, 0x00, 0x00,
    0x00, 0x00, 0x00, 0x00, 0x00, 0x00, 0x00, 0x00, 0x00, 0x00, 0x00, 0x00,
    0x00, 0x00, 0x00, 0x00, 0x00, 0x00, 0x00, 0x00, 0xf0, 0xb0, 0x90, 0x0c,
    0xf0, 0xb0, 0x90, 0x5d, 0xf0, 0xb0, 0x88, 0x28, 0xf0, 0xb0, 0x88, 0x04,
    0x00, 0x00, 0x00, 0x00, 0x00, 0x00, 0x00, 0x00, 0x00, 0x00, 0x00, 0x00,
    0x00, 0x00, 0x00, 0x00, 0x00, 0x00, 0x00, 0x00, 0x00, 0x00, 0x00, 0x00,
    0x00, 0x00, 0x00, 0x00, 0x00, 0x00, 0x00, 0x00, 0x00, 0x00, 0x00, 0x00,
    0x00, 0x00, 0x00, 0x00, 0x00, 0x00, 0x00, 0x00, 0x00, 0x00, 0x00, 0x00,
    0x00, 0x00, 0x00, 0x00, 0x00, 0x00, 0x00, 0x00, 0x00, 0x00, 0x00, 0x00,
    0x00, 0x00, 0x00, 0x00, 0x00, 0x00, 0x00, 0x00, 0x00, 0x00, 0x00, 0x00,
    0x00, 0x00, 0x00, 0x00, 0x00, 0x00, 0x00, 0x00, 0x00, 0x00, 0x00, 0x00,
    0x00, 0x00, 0x00, 0x00, 0x00, 0x00, 0x00, 0x00, 0x00, 0x00, 0x00, 0x00,
    0x00, 0x00, 0x00, 0x00, 0x00, 0x00, 0x00, 0x00, 0x00, 0x00, 0x00, 0x00,
    0x00, 0x00, 0x00, 0x00, 0x00, 0x00, 0x00, 0x00, 0x00, 0x00, 0x00, 0x00,
    0x00, 0x00, 0x00, 0x00, 0x00, 0x00, 0x00, 0x00, 0x00, 0x00, 0x00, 0x00,
    0x00, 0x00, 0x00, 0x00, 0x00, 0x00, 0x00, 0x00, 0x00, 0x00, 0x00, 0x00,
    0x00, 0x00, 0x00, 0x00, 0x00, 0x00, 0x00, 0x00, 0x00, 0x00, 0x00, 0x00,
    0x00, 0x00, 0x00, 0x00, 0x00, 0x00, 0x00, 0x00, 0x00, 0x00, 0x00, 0x00,
    0x00, 0x00, 0x00, 0x00, 0x00, 0x00, 0x00, 0x00, 0x00, 0x00, 0x00, 0x00,
    0x00, 0x00, 0x00, 0x00, 0x00, 0x00, 0x00, 0x00, 0x00, 0x00, 0x00, 0x00,
    0x00, 0x00, 0x00, 0x00, 0x00, 0x00, 0x00, 0x00, 0xf0, 0xa0, 0x70, 0x20,
    0xf0, 0x9c, 0x70, 0xdf, 0xe8, 0xa0, 0x78, 0xff, 0xf0, 0xa0, 0x70, 0xff,
    0xe8, 0xa0, 0x70, 0xff, 0xf0, 0x9c, 0x78, 0xff, 0xf0, 0xa0, 0x70, 0xdf,
    0xe8, 0xa0, 0x78, 0x1c, 0x00, 0x00, 0x00, 0x00, 0x00, 0x00, 0x00, 0x00,
    0x00, 0x00, 0x00, 0x00, 0x00, 0x00, 0x00, 0x00, 0x00, 0x00, 0x00, 0x00,
    0x00, 0x00, 0x00, 0x00, 0x00, 0x00, 0x00, 0x00, 0x00, 0x00, 0x00, 0x00,
    0x00, 0x00, 0x00, 0x00, 0x00, 0x00, 0x00, 0x00, 0x00, 0x00, 0x00, 0x00,
    0x00, 0x00, 0x00, 0x00, 0x00, 0x00, 0x00, 0x00, 0x00, 0x00, 0x00, 0x00,
    0x00, 0x00, 0x00, 0x00, 0x00, 0x00, 0x00, 0x00, 0x00, 0x00, 0x00, 0x00,
    0x00, 0x00, 0x00, 0x00, 0x00, 0x00, 0x00, 0x00, 0x00, 0x00, 0x00, 0x00,
    0x00, 0x00, 0x00, 0x00, 0x00, 0x00, 0x00, 0x00, 0x00, 0x00, 0x00, 0x00,
    0x00, 0x00, 0x00, 0x00, 0x00, 0x00, 0x00, 0x00, 0x00, 0x00, 0x00, 0x00,
    0x00, 0x00, 0x00, 0x00, 0x00, 0x00, 0x00, 0x00, 0x00, 0x00, 0x00, 0x00,
    0x00, 0x00, 0x00, 0x00, 0x00, 0x00, 0x00, 0x00, 0x00, 0x00, 0x00, 0x00,
    0x00, 0x00, 0x00, 0x00, 0x00, 0x00, 0x00, 0x00, 0x00, 0x00, 0x00, 0x00,
    0x00, 0x00, 0x00, 0x00, 0x00, 0x00, 0x00, 0x00, 0x00, 0x00, 0x00, 0x00,
    0x00, 0x00, 0x00, 0x00, 0x00, 0x00, 0x00, 0x00, 0x00, 0x00, 0x00, 0x00,
    0x00, 0x00, 0x00, 0x00, 0x00, 0x00, 0x00, 0x00, 0x00, 0x00, 0x00, 0x00,
    0x00, 0x00, 0x00, 0x00, 0x00, 0x00, 0x00, 0x00, 0x00, 0x00, 0x00, 0x00,
    0x00, 0x00, 0x00, 0x00, 0x00, 0x00, 0x00, 0x00, 0x00, 0x00, 0x00, 0x00,
    0x00, 0x00, 0x00, 0x00, 0x00, 0x00, 0x00, 0x00, 0x00, 0x00, 0x00, 0x00,
    0x00, 0x00, 0x00, 0x00, 0x00, 0x00, 0x00, 0x00, 0x00, 0x00, 0x00, 0x00,
    0x00, 0x00, 0x00, 0x00, 0x00, 0x00, 0x00, 0x00, 0x00, 0x00, 0x00, 0x00,
    0x00, 0x00, 0x00, 0x00, 0x00, 0x00, 0x00, 0x00, 0x00, 0x00, 0x00, 0x00,
    0x00, 0x00, 0x00, 0x00, 0x00, 0x00, 0x00, 0x00, 0xf0, 0xa0, 0x70, 0x1c,
    0xe8, 0x9c, 0x70, 0xdb, 0xf0, 0xa0, 0x70, 0xff, 0xf0, 0xa0, 0x70, 0xff,
    0xe8, 0x9c, 0x70, 0xff, 0xf0, 0xa0, 0x70, 0xff, 0xe8, 0xa0, 0x70, 0xdb,
    0xf0, 0x9c, 0x70, 0x20, 0x00, 0x00, 0x00, 0x00, 0x00, 0x00, 0x00, 0x00,
    0x00, 0x00, 0x00, 0x00, 0x00, 0x00, 0x00, 0x00, 0x00, 0x00, 0x00, 0x00,
    0x00, 0x00, 0x00, 0x00, 0x00, 0x00, 0x00, 0x00, 0x00, 0x00, 0x00, 0x00,
    0x00, 0x00, 0x00, 0x00, 0x00, 0x00, 0x00, 0x00, 0x00, 0x00, 0x00, 0x00,
    0x00, 0x00, 0x00, 0x00, 0x00, 0x00, 0x00, 0x00, 0x00, 0x00, 0x00, 0x00,
    0x00, 0x00, 0x00, 0x00, 0x00, 0x00, 0x00, 0x00, 0x00, 0x00, 0x00, 0x00,
    0x00, 0x00, 0x00, 0x00, 0x00, 0x00, 0x00, 0x00, 0x00, 0x00, 0x00, 0x00,
    0x00, 0x00, 0x00, 0x00, 0x00, 0x00, 0x00, 0x00, 0x00, 0x00, 0x00, 0x00,
    0x00, 0x00, 0x00, 0x00, 0x00, 0x00, 0x00, 0x00, 0x00, 0x00, 0x00, 0x00,
    0x00, 0x00, 0x00, 0x00, 0x00, 0x00, 0x00, 0x00, 0x00, 0x00, 0x00, 0x00,
    0x00, 0x00, 0x00, 0x00, 0x00, 0x00, 0x00, 0x00, 0x00, 0x00, 0x00, 0x00,
    0x00, 0x00, 0x00, 0x00, 0x00, 0x00, 0x00, 0x00, 0x00, 0x00, 0x00, 0x00,
    0x00, 0x00, 0x00, 0x00, 0x00, 0x00, 0x00, 0x00, 0x00, 0x00, 0x00, 0x00,
    0x00, 0x00, 0x00, 0x00, 0x00, 0x00, 0x00, 0x00, 0x00, 0x00, 0x00, 0x00,
    0x00, 0x00, 0x00, 0x00, 0x00, 0x00, 0x00, 0x00, 0x00, 0x00, 0x00, 0x00,
    0x00, 0x00, 0x00, 0x00, 0x00, 0x00, 0x00, 0x00, 0x00, 0x00, 0x00, 0x00,
    0x00, 0x00, 0x00, 0x00, 0x00, 0x00, 0x00, 0x00, 0x00, 0x00, 0x00, 0x00,
    0x00, 0x00, 0x00, 0x00, 0x00, 0x00, 0x00, 0x00, 0x00, 0x00, 0x00, 0x00,
    0x00, 0x00, 0x00, 0x00, 0x00, 0x00, 0x00, 0x00, 0x00, 0x00, 0x00, 0x00,
    0x00, 0x00, 0x00, 0x00, 0x00, 0x00, 0x00, 0x00, 0x00, 0x00, 0x00, 0x00,
    0x00, 0x00, 0x00, 0x00, 0x00, 0x00, 0x00, 0x00, 0x00, 0x00, 0x00, 0x00,
    0x00, 0x00, 0x00, 0x00, 0x00, 0x00, 0x00, 0x00, 0xf0, 0xa0, 0x78, 0x1c,
    0xe8, 0xa0, 0x78, 0xc3, 0xf0, 0xa0, 0x78, 0xdf, 0xf0, 0xa0, 0x78, 0xe3,
    0xe8, 0xa0, 0x78, 0xdf, 0xf0, 0xa0, 0x78, 0xe3, 0xf0, 0xa0, 0x78, 0xc3,
    0xe8, 0xa0, 0x78, 0x1c, 0x00, 0x00, 0x00, 0x00, 0x00, 0x00, 0x00, 0x00,
    0x00, 0x00, 0x00, 0x00, 0x00, 0x00, 0x00, 0x00, 0x00, 0x00, 0x00, 0x00,
    0x00, 0x00, 0x00, 0x00, 0x00, 0x00, 0x00, 0x00, 0x00, 0x00, 0x00, 0x00,
    0x00, 0x00, 0x00, 0x00, 0x00, 0x00, 0x00, 0x00, 0x00, 0x00, 0x00, 0x00,
    0x00, 0x00, 0x00, 0x00, 0x00, 0x00, 0x00, 0x00, 0x00, 0x00, 0x00, 0x00,
    0x00, 0x00, 0x00, 0x00, 0x00, 0x00, 0x00, 0x00, 0x00, 0x00, 0x00, 0x00,
    0x00, 0x00, 0x00, 0x00, 0x00, 0x00, 0x00, 0x00, 0x00, 0x00, 0x00, 0x00,
    0x00, 0x00, 0x00, 0x00, 0x00, 0x00, 0x00, 0x00, 0x00, 0x00, 0x00, 0x00,
    0x00, 0x00, 0x00, 0x00, 0x00, 0x00, 0x00, 0x00, 0x00, 0x00, 0x00, 0x00,
    0x00, 0x00, 0x00, 0x00, 0x00, 0x00, 0x00, 0x00, 0x00, 0x00, 0x00, 0x00,
    0x00, 0x00, 0x00, 0x00, 0x00, 0x00, 0x00, 0x00, 0x00, 0x00, 0x00, 0x00
};
